shape_id,shape_pt_lat,shape_pt_lon,shape_pt_sequence,shape_dist_traveled
shape_R1_0,41.990965,21.445845,1,0.0
shape_R1_0,41.991359,21.446281,2,56.7
shape_R1_0,41.991756,21.446720,3,113.9
shape_R1_0,41.992152,21.447154,4,170.7
shape_R1_0,41.992542,21.447585,5,226.8
shape_R1_0,41.993176,21.448282,6,317.8
shape_R1_0,41.993667,21.448829,7,388.7
shape_R1_0,41.993981,21.449176,8,433.9
shape_R1_0,41.994155,21.449378,9,459.4
shape_R1_0,41.994234,21.449462,10,470.6
shape_R1_0,41.994275,21.449505,11,476.4
shape_R1_0,41.994315,21.449545,12,482.0
shape_R1_0,41.994416,21.449637,13,495.5
shape_R1_0,41.994509,21.449722,14,508.0
shape_R1_0,41.994554,21.449765,15,514.2
shape_R1_0,41.994598,21.449810,16,520.3
shape_R1_0,41.994686,21.449901,17,532.6
shape_R1_0,41.995642,21.450915,18,668.0
shape_R1_0,41.995723,21.451011,19,680.0
shape_R1_0,41.995815,21.451127,20,694.0
shape_R1_0,41.995899,21.451243,21,707.4
shape_R1_0,41.995983,21.451367,22,721.3
shape_R1_0,41.996086,21.451518,23,738.2
shape_R1_0,41.996196,21.451711,24,758.3
shape_R1_0,41.996263,21.451840,25,771.3
shape_R1_0,41.996348,21.452012,26,788.4
shape_R1_0,41.996407,21.452142,27,801.0
shape_R1_0,41.996484,21.452315,28,817.6
shape_R1_0,41.996572,21.452539,29,838.6
shape_R1_0,41.996628,21.452702,30,853.4
shape_R1_0,41.996670,21.452835,31,865.4
shape_R1_0,41.996715,21.452998,32,879.7
shape_R1_0,41.996747,21.453121,33,890.5
shape_R1_0,41.996779,21.453254,34,902.0
shape_R1_0,41.996797,21.453330,35,908.6
shape_R1_0,41.996831,21.453526,36,925.3
shape_R1_0,41.996858,21.453708,37,940.6
shape_R1_0,41.996884,21.453931,38,959.3
shape_R1_0,41.996907,21.454177,39,979.8
shape_R1_0,41.996927,21.454465,40,1003.7
shape_R1_0,41.996946,21.454805,41,1031.8
shape_R1_0,41.997241,21.460029,42,1464.8
shape_R1_0,41.997262,21.460400,43,1495.5
shape_R1_0,41.997453,21.463761,44,1774.1
shape_R1_0,41.997490,21.464421,45,1828.8
shape_R1_0,41.997516,21.464970,46,1874.2
shape_R1_0,41.997534,21.465629,47,1928.7
shape_R1_0,41.997544,21.466155,48,1972.2
shape_R1_0,41.997556,21.467267,49,2064.1
shape_R1_0,41.997565,21.467811,50,2109.1
shape_R1_0,41.997583,21.468441,51,2161.2
shape_R1_0,41.997608,21.468909,52,2199.9
shape_R1_0,41.997626,21.469180,53,2222.4
shape_R1_0,41.997729,21.470472,54,2329.8
shape_R1_0,41.997946,21.473188,55,2555.5
shape_R1_0,41.998031,21.474558,56,2669.2
shape_R1_0,41.998075,21.475383,57,2737.5
shape_R1_0,41.998476,21.482467,58,3324.6
shape_R1_0,41.998492,21.482853,59,3356.5
shape_R1_0,41.998504,21.483373,60,3399.5
shape_R1_0,41.998505,21.483905,61,3443.5
shape_R1_0,41.998483,21.484439,62,3487.7
shape_R1_0,41.998442,21.485032,63,3536.9
shape_R1_0,41.998385,21.485615,64,3585.5
shape_R1_0,41.998310,21.486129,65,3628.8
shape_R1_0,41.998251,21.486471,66,3657.8
shape_R1_0,41.998185,21.486821,67,3687.6
shape_R1_0,41.998081,21.487262,68,3725.9
shape_R1_0,41.997985,21.487667,69,3761.0
shape_R1_0,41.997904,21.487956,70,3786.5
shape_R1_0,41.997800,21.488302,71,3817.4
shape_R1_0,41.997712,21.488587,72,3842.9
shape_R1_0,41.997616,21.488869,73,3868.5
shape_R1_0,41.997504,21.489213,74,3899.5
shape_R1_0,41.996319,21.492798,75,4223.8
shape_R1_0,41.996283,21.492899,76,4233.0
shape_R1_0,41.996184,21.493213,77,4261.2
shape_R1_0,41.995979,21.493830,78,4317.1
shape_R1_0,41.995770,21.494589,79,4384.0
shape_R1_0,41.995613,21.495130,80,4432.0
shape_R1_0,41.994522,21.498482,81,4734.4
shape_R1_0,41.993392,21.501870,82,5041.3
shape_R1_0,41.993247,21.502228,83,5075.0
shape_R1_0,41.993212,21.502305,84,5082.4
shape_R1_0,41.993051,21.502655,85,5116.4
shape_R1_0,41.992804,21.503397,86,5183.6
shape_R1_0,41.992779,21.503473,87,5190.5
shape_R1_0,41.992508,21.504287,88,5264.2
shape_R1_0,41.992263,21.505021,89,5330.7
shape_R1_0,41.991879,21.506162,90,5434.2
shape_R1_0,41.991454,21.507587,91,5561.1
shape_R1_0,41.991195,21.508880,92,5671.8
shape_R1_0,41.991073,21.510193,93,5781.1
shape_R1_0,41.991071,21.510479,94,5804.8
shape_R1_0,41.991026,21.512308,95,5956.0
shape_R1_0,41.991021,21.523111,96,6848.8
shape_R1_0,41.991018,21.523530,97,6883.5
shape_R1_0,41.990993,21.527337,98,7198.1
shape_R1_0,41.990948,21.531926,99,7577.4
shape_R1_0,41.991019,21.533601,100,7716.1
shape_R1_0,41.991290,21.535425,101,7869.8
shape_R1_0,41.991777,21.537226,102,8028.2
shape_R1_0,41.993356,21.543460,103,8572.5
shape_R1_0,41.993435,21.544104,104,8626.4
shape_R1_0,41.993627,21.545799,105,8768.1
shape_R1_0,41.994353,21.553116,106,9378.2
shape_R1_0,41.994488,21.554114,107,9462.0
shape_R1_0,41.994700,21.555269,108,9560.3
shape_R1_0,41.995030,21.556271,109,9650.9
shape_R1_0,41.995190,21.556636,110,9685.9
shape_R1_0,41.995357,21.557043,111,9724.3
shape_R1_0,41.996075,21.558395,112,9861.6
shape_R1_0,41.997343,21.560633,113,10094.2
shape_R1_0,41.997422,21.560773,114,10108.7
shape_R1_0,41.997637,21.561152,115,10148.1
shape_R1_0,41.998124,21.562204,116,10250.6
shape_R1_0,41.998252,21.562572,117,10284.1
shape_R1_0,41.998499,21.563352,118,10354.2
shape_R1_0,41.998667,21.563998,119,10410.8
shape_R1_0,41.998795,21.564657,120,10467.0
shape_R1_0,41.998881,21.565436,121,10532.1
shape_R1_0,41.998949,21.566219,122,10597.3
shape_R1_0,41.998920,21.567623,123,10713.3
shape_R1_0,41.998800,21.570077,124,10916.6
shape_R1_0,41.998776,21.570575,125,10957.8
shape_R1_0,41.998752,21.571075,126,10999.2
shape_R1_0,41.998576,21.574407,127,11275.2
shape_R1_0,41.998492,21.576103,128,11415.7
shape_R1_0,41.998408,21.577802,129,11556.4
shape_R1_0,41.998325,21.579509,130,11697.8
shape_R1_0,41.998285,21.580199,131,11755.0
shape_R1_0,41.998256,21.580711,132,11797.4
shape_R1_0,41.998160,21.582608,133,11954.5
shape_R1_0,41.998094,21.583593,134,12036.2
shape_R1_0,41.998026,21.584299,135,12095.1
shape_R1_0,41.997885,21.585111,136,12164.0
shape_R1_0,41.997707,21.585962,137,12237.0
shape_R1_0,41.997468,21.586793,138,12310.7
shape_R1_0,41.997281,21.587410,139,12365.7
shape_R1_0,41.996563,21.589095,140,12526.2
shape_R1_0,41.995822,21.590452,141,12665.4
shape_R1_0,41.995168,21.591568,142,12782.8
shape_R1_0,41.994465,21.592743,143,12907.5
shape_R1_0,41.994347,21.592958,144,12929.6
shape_R1_0,41.993994,21.593538,145,12991.5
shape_R1_0,41.993024,21.594797,146,13141.4
shape_R1_0,41.991537,21.596340,147,13350.2
shape_R1_0,41.988761,21.599102,148,13734.1
shape_R1_0,41.987679,21.600457,149,13898.5
shape_R1_0,41.987274,21.601112,150,13968.9
shape_R1_0,41.985938,21.603693,151,14228.9
shape_R1_0,41.983671,21.608403,152,14692.7
shape_R1_0,41.983145,21.609662,153,14812.0
shape_R1_0,41.982790,21.610617,154,14900.3
shape_R1_0,41.982074,21.613350,155,15139.8
shape_R1_0,41.981229,21.616598,156,15424.2
shape_R1_0,41.981138,21.617016,157,15460.2
shape_R1_0,41.981031,21.617709,158,15518.8
shape_R1_0,41.980934,21.618564,159,15590.2
shape_R1_0,41.980935,21.619380,160,15657.7
shape_R1_0,41.980975,21.620114,161,15718.5
shape_R1_0,41.981183,21.622453,162,15913.2
shape_R1_0,41.981252,21.623725,163,16018.7
shape_R1_0,41.981135,21.626578,164,16254.8
shape_R1_0,41.981019,21.628717,165,16432.1
shape_R1_0,41.980804,21.630525,166,16583.5
shape_R1_0,41.980449,21.631924,167,16705.7
shape_R1_0,41.979995,21.633258,168,16826.9
shape_R1_0,41.979538,21.634536,169,16944.2
shape_R1_0,41.979188,21.635814,170,17056.7
shape_R1_0,41.979072,21.636978,171,17153.8
shape_R1_0,41.979054,21.638164,172,17251.9
shape_R1_0,41.979209,21.639285,173,17346.1
shape_R1_0,41.979451,21.640192,174,17425.8
shape_R1_0,41.979764,21.641070,175,17506.3
shape_R1_0,41.980057,21.641756,176,17571.7
shape_R1_0,41.980652,21.642731,177,17675.9
shape_R1_0,41.981047,21.643211,178,17735.1
shape_R1_0,41.981384,21.643597,179,17784.4
shape_R1_0,41.982257,21.644489,180,17906.3
shape_R1_0,41.983189,21.645428,181,18035.7
shape_R1_0,41.984150,21.646430,182,18170.9
shape_R1_0,41.984659,21.646972,183,18243.1
shape_R1_0,41.986041,21.648446,184,18439.2
shape_R1_0,41.987902,21.650414,185,18702.4
shape_R1_0,41.988880,21.651444,186,18840.5
shape_R1_0,41.989338,21.651940,187,18905.9
shape_R1_0,41.989515,21.652126,188,18930.9
shape_R1_0,41.989565,21.652187,189,18938.4
shape_R1_0,41.989661,21.652295,190,18952.3
shape_R1_0,41.990743,21.653417,191,19104.2
shape_R1_0,41.991477,21.654017,192,19199.7
shape_R1_0,41.991976,21.654348,193,19261.6
shape_R1_0,41.993726,21.655456,194,19476.6
shape_R1_0,41.995240,21.656351,195,19660.5
shape_R1_0,41.996493,21.657195,196,19816.3
shape_R1_0,41.997318,21.657925,197,19926.1
shape_R1_0,41.998161,21.658774,198,20043.2
shape_R1_0,41.998915,21.659308,199,20137.9
shape_R1_0,41.999778,21.659716,200,20239.6
shape_R1_0,42.002518,21.660660,201,20554.1
shape_R1_0,42.004794,21.661400,202,20814.5
shape_R1_0,42.005972,21.662046,203,20956.0
shape_R1_0,42.008052,21.663288,204,21209.0
shape_R1_0,42.012294,21.665443,205,21713.2
shape_R1_0,42.012942,21.665816,206,21791.5
shape_R1_0,42.013573,21.666266,207,21870.9
shape_R1_0,42.014927,21.667294,208,22043.8
shape_R1_0,42.015736,21.667860,209,22145.2
shape_R1_0,42.016468,21.668316,210,22234.9
shape_R1_0,42.016557,21.668366,211,22245.6
shape_R1_0,42.018679,21.669638,212,22503.9
shape_R1_0,42.019870,21.670110,213,22641.9
shape_R1_0,42.021299,21.670441,214,22803.2
shape_R1_0,42.021877,21.670556,215,22868.1
shape_R1_0,42.022278,21.670690,216,22914.1
shape_R1_0,42.022920,21.670917,217,22987.9
shape_R1_0,42.023479,21.671210,218,23054.6
shape_R1_0,42.024218,21.671623,219,23143.6
shape_R1_0,42.024839,21.671957,220,23217.9
shape_R1_0,42.025264,21.672201,221,23269.3
shape_R1_0,42.025828,21.672476,222,23336.0
shape_R1_0,42.026820,21.672909,223,23452.0
shape_R1_0,42.028280,21.673513,224,23621.8
shape_R1_0,42.028872,21.673805,225,23691.9
shape_R1_0,42.029389,21.674104,226,23754.5
shape_R1_0,42.029443,21.674135,227,23761.0
shape_R1_0,42.030000,21.674471,228,23828.9
shape_R1_0,42.030695,21.674869,229,23912.9
shape_R1_0,42.031292,21.675094,230,23981.8
shape_R1_0,42.031982,21.675295,231,24060.3
shape_R1_0,42.033185,21.675644,232,24197.1
shape_R1_0,42.033641,21.675774,233,24249.0
shape_R1_0,42.034037,21.675932,234,24294.9
shape_R1_0,42.034698,21.676215,235,24372.0
shape_R1_0,42.035368,21.676631,236,24454.0
shape_R1_0,42.035639,21.676812,237,24487.7
shape_R1_0,42.035983,21.676964,238,24527.9
shape_R1_0,42.036317,21.677088,239,24566.5
shape_R1_0,42.036708,21.677184,240,24610.7
shape_R1_0,42.037174,21.677228,241,24662.6
shape_R1_0,42.038167,21.677243,242,24773.0
shape_R1_0,42.038544,21.677344,243,24815.8
shape_R1_0,42.039149,21.677610,244,24886.5
shape_R1_0,42.040374,21.678412,245,25038.0
shape_R1_0,42.040718,21.678569,246,25078.4
shape_R1_0,42.041103,21.678687,247,25122.3
shape_R1_0,42.041485,21.678794,248,25165.7
shape_R1_0,42.042094,21.678927,249,25234.3
shape_R1_0,42.042708,21.679056,250,25303.4
shape_R1_0,42.043203,21.679158,251,25359.1
shape_R1_0,42.043579,21.679223,252,25401.2
shape_R1_0,42.043902,21.679264,253,25437.3
shape_R1_0,42.044221,21.679244,254,25472.8
shape_R1_0,42.044591,21.679172,255,25514.4
shape_R1_0,42.045030,21.679030,256,25564.6
shape_R1_0,42.045373,21.678889,257,25604.5
shape_R1_0,42.046315,21.678547,258,25712.9
shape_R1_0,42.046627,21.678459,259,25748.4
shape_R1_0,42.046997,21.678418,260,25789.7
shape_R1_0,42.047399,21.678427,261,25834.4
shape_R1_0,42.047790,21.678494,262,25878.2
shape_R1_0,42.048162,21.678601,263,25920.5
shape_R1_0,42.048239,21.678634,264,25929.5
shape_R1_0,42.048291,21.678662,265,25935.7
shape_R1_0,42.048554,21.678788,266,25966.8
shape_R1_0,42.048950,21.679043,267,26015.6
shape_R1_0,42.050315,21.680022,268,26187.5
shape_R1_0,42.051180,21.680410,269,26288.9
shape_R1_0,42.052037,21.680552,270,26384.9
shape_R1_0,42.053971,21.680731,271,26600.5
shape_R1_0,42.054855,21.680927,272,26700.1
shape_R1_0,42.055918,21.681206,273,26820.5
shape_R1_0,42.057054,21.681541,274,26949.8
shape_R1_0,42.057811,21.681660,275,27034.6
shape_R1_0,42.058378,21.681618,276,27097.7
shape_R1_0,42.059008,21.681405,277,27169.9
shape_R1_0,42.059426,21.681175,278,27220.2
shape_R1_0,42.059739,21.680946,279,27259.8
shape_R1_0,42.061039,21.679891,280,27428.5
shape_R1_0,42.061706,21.679458,281,27510.9
shape_R1_0,42.062414,21.679231,282,27591.8
shape_R1_0,42.063113,21.679127,283,27670.0
shape_R1_0,42.067826,21.678580,284,28196.0
shape_R1_0,42.069004,21.678557,285,28327.0
shape_R1_0,42.069678,21.678631,286,28402.2
shape_R1_0,42.070103,21.678673,287,28449.6
shape_R1_0,42.072566,21.678897,288,28724.1
shape_R1_0,42.074975,21.679115,289,28992.5
shape_R1_0,42.075418,21.679199,290,29042.3
shape_R1_0,42.075843,21.679337,291,29090.9
shape_R1_0,42.076335,21.679583,292,29149.2
shape_R1_0,42.076808,21.679883,293,29207.4
shape_R1_0,42.077388,21.680360,294,29282.9
shape_R1_0,42.077667,21.680607,295,29320.1
shape_R1_0,42.079100,21.681875,296,29510.7
shape_R1_0,42.079378,21.682149,297,29549.0
shape_R1_0,42.079645,21.682433,298,29586.8
shape_R1_0,42.079920,21.682755,299,29627.3
shape_R1_0,42.080457,21.683456,300,29710.5
shape_R1_0,42.081127,21.684534,301,29826.5
shape_R1_0,42.081839,21.686047,302,29974.4
shape_R1_0,42.082768,21.688020,303,30167.2
shape_R1_0,42.083026,21.688477,304,30214.6
shape_R1_0,42.083384,21.688952,305,30270.4
shape_R1_0,42.083582,21.689171,306,30298.9
shape_R1_0,42.083993,21.689553,307,30354.4
shape_R1_0,42.084347,21.689786,308,30398.3
shape_R1_0,42.084808,21.690021,309,30453.1
shape_R1_0,42.085896,21.690468,310,30579.5
shape_R1_0,42.087063,21.690964,311,30715.6
shape_R1_0,42.087537,21.691144,312,30770.4
shape_R1_0,42.088060,21.691308,313,30830.1
shape_R1_0,42.088548,21.691386,314,30884.7
shape_R1_0,42.088818,21.691399,315,30914.8
shape_R1_0,42.089119,21.691395,316,30948.2
shape_R1_0,42.089534,21.691356,317,30994.5
shape_R1_0,42.090119,21.691212,318,31060.6
shape_R1_0,42.090502,21.691071,319,31104.8
shape_R1_0,42.091549,21.690601,320,31227.5
shape_R1_0,42.092133,21.690311,321,31296.7
shape_R1_0,42.092561,21.690126,322,31346.7
shape_R1_0,42.092853,21.690035,323,31380.0
shape_R1_0,42.093147,21.689976,324,31413.0
shape_R1_0,42.093267,21.689955,325,31426.5
shape_R1_0,42.093905,21.689907,326,31497.5
shape_R1_0,42.095418,21.689944,327,31665.8
shape_R1_0,42.095973,21.689964,328,31727.5
shape_R1_0,42.096326,21.690048,329,31767.4
shape_R1_0,42.096661,21.690151,330,31805.6
shape_R1_0,42.097243,21.690418,331,31874.0
shape_R1_0,42.098636,21.691350,332,32046.9
shape_R1_0,42.099051,21.691495,333,32094.6
shape_R1_0,42.099336,21.691564,334,32126.8
shape_R1_0,42.099635,21.691595,335,32160.1
shape_R1_0,42.099979,21.691606,336,32198.4
shape_R1_0,42.100495,21.691523,337,32256.2
shape_R1_0,42.100910,21.691415,338,32303.2
shape_R1_0,42.101367,21.691236,339,32356.1
shape_R1_0,42.106080,21.689269,340,32904.7
shape_R1_0,42.106846,21.688922,341,32994.6
shape_R1_0,42.107403,21.688576,342,33062.7
shape_R1_0,42.111254,21.685576,343,33557.3
shape_R1_0,42.111667,21.685318,344,33607.9
shape_R1_0,42.111952,21.685180,345,33641.6
shape_R1_0,42.112245,21.685070,346,33675.4
shape_R1_0,42.112688,21.684999,347,33725.0
shape_R1_0,42.113347,21.685012,348,33798.3
shape_R1_0,42.115139,21.685382,349,33999.9
shape_R1_0,42.115913,21.685382,350,34086.0
shape_R1_0,42.117007,21.685219,351,34208.4
shape_R1_0,42.118290,21.685025,352,34351.9
shape_R1_0,42.119651,21.684909,353,34503.6
shape_R1_0,42.121201,21.684812,354,34676.1
shape_R1_0,42.122215,21.684769,355,34788.9
shape_R1_0,42.122650,21.684772,356,34837.3
shape_R1_0,42.123055,21.684850,357,34882.8
shape_R1_0,42.123656,21.685006,358,34950.8
shape_R1_0,42.125002,21.685414,359,35104.2
shape_R1_0,42.125783,21.685621,360,35192.7
shape_R1_0,42.126252,21.685657,361,35245.0
shape_R1_0,42.126870,21.685597,362,35313.9
shape_R1_0,42.127229,21.685527,363,35354.2
shape_R1_0,42.127487,21.685452,364,35383.5
shape_R1_0,42.127861,21.685361,365,35425.8
shape_R1_0,42.128661,21.685129,366,35516.8
shape_R1_0,42.129277,21.684977,367,35586.4
shape_R1_0,42.129791,21.684850,368,35644.5
shape_R1_1,42.129791,21.684850,1,0.0
shape_R1_1,42.129277,21.684977,2,58.1
shape_R1_1,42.128661,21.685129,3,127.7
shape_R1_1,42.127861,21.685361,4,218.7
shape_R1_1,42.127487,21.685452,5,261.0
shape_R1_1,42.127229,21.685527,6,290.3
shape_R1_1,42.126870,21.685597,7,330.7
shape_R1_1,42.126252,21.685657,8,399.6
shape_R1_1,42.125783,21.685621,9,451.8
shape_R1_1,42.125002,21.685414,10,540.3
shape_R1_1,42.123656,21.685006,11,693.7
shape_R1_1,42.123055,21.684850,12,761.8
shape_R1_1,42.122650,21.684772,13,807.3
shape_R1_1,42.122215,21.684769,14,855.6
shape_R1_1,42.121201,21.684812,15,968.4
shape_R1_1,42.119651,21.684909,16,1141.0
shape_R1_1,42.118290,21.685025,17,1292.6
shape_R1_1,42.117007,21.685219,18,1436.2
shape_R1_1,42.115913,21.685382,19,1558.6
shape_R1_1,42.115139,21.685382,20,1644.6
shape_R1_1,42.113347,21.685012,21,1846.2
shape_R1_1,42.112688,21.684999,22,1919.5
shape_R1_1,42.112245,21.685070,23,1969.1
shape_R1_1,42.111952,21.685180,24,2002.9
shape_R1_1,42.111667,21.685318,25,2036.6
shape_R1_1,42.111254,21.685576,26,2087.2
shape_R1_1,42.107403,21.688576,27,2581.8
shape_R1_1,42.106846,21.688922,28,2650.0
shape_R1_1,42.106080,21.689269,29,2739.8
shape_R1_1,42.101367,21.691236,30,3288.5
shape_R1_1,42.100910,21.691415,31,3341.4
shape_R1_1,42.100495,21.691523,32,3388.4
shape_R1_1,42.099979,21.691606,33,3446.2
shape_R1_1,42.099635,21.691595,34,3484.4
shape_R1_1,42.099336,21.691564,35,3517.8
shape_R1_1,42.099051,21.691495,36,3550.0
shape_R1_1,42.098636,21.691350,37,3597.6
shape_R1_1,42.097243,21.690418,38,3770.6
shape_R1_1,42.096661,21.690151,39,3838.9
shape_R1_1,42.096326,21.690048,40,3877.1
shape_R1_1,42.095973,21.689964,41,3917.0
shape_R1_1,42.095418,21.689944,42,3978.7
shape_R1_1,42.093905,21.689907,43,4147.0
shape_R1_1,42.093267,21.689955,44,4218.0
shape_R1_1,42.093147,21.689976,45,4231.5
shape_R1_1,42.092853,21.690035,46,4264.5
shape_R1_1,42.092561,21.690126,47,4297.9
shape_R1_1,42.092133,21.690311,48,4347.9
shape_R1_1,42.091549,21.690601,49,4417.1
shape_R1_1,42.090502,21.691071,50,4539.8
shape_R1_1,42.090119,21.691212,51,4583.9
shape_R1_1,42.089534,21.691356,52,4650.0
shape_R1_1,42.089119,21.691395,53,4696.3
shape_R1_1,42.088818,21.691399,54,4729.8
shape_R1_1,42.088548,21.691386,55,4759.8
shape_R1_1,42.088060,21.691308,56,4814.5
shape_R1_1,42.087537,21.691144,57,4874.2
shape_R1_1,42.087063,21.690964,58,4928.9
shape_R1_1,42.085896,21.690468,59,5065.0
shape_R1_1,42.084808,21.690021,60,5191.5
shape_R1_1,42.084347,21.689786,61,5246.3
shape_R1_1,42.083993,21.689553,62,5290.1
shape_R1_1,42.083582,21.689171,63,5345.6
shape_R1_1,42.083384,21.688952,64,5374.1
shape_R1_1,42.083026,21.688477,65,5430.0
shape_R1_1,42.082768,21.688020,66,5477.3
shape_R1_1,42.081839,21.686047,67,5670.2
shape_R1_1,42.081127,21.684534,68,5818.0
shape_R1_1,42.080457,21.683456,69,5934.1
shape_R1_1,42.079920,21.682755,70,6017.2
shape_R1_1,42.079645,21.682433,71,6057.7
shape_R1_1,42.079378,21.682149,72,6095.5
shape_R1_1,42.079100,21.681875,73,6133.8
shape_R1_1,42.077667,21.680607,74,6324.5
shape_R1_1,42.077388,21.680360,75,6361.6
shape_R1_1,42.076808,21.679883,76,6437.2
shape_R1_1,42.076335,21.679583,77,6495.3
shape_R1_1,42.075843,21.679337,78,6553.6
shape_R1_1,42.075418,21.679199,79,6602.3
shape_R1_1,42.074975,21.679115,80,6652.0
shape_R1_1,42.072566,21.678897,81,6920.5
shape_R1_1,42.070103,21.678673,82,7195.0
shape_R1_1,42.069678,21.678631,83,7242.4
shape_R1_1,42.069004,21.678557,84,7317.6
shape_R1_1,42.067826,21.678580,85,7448.6
shape_R1_1,42.063113,21.679127,86,7974.6
shape_R1_1,42.062414,21.679231,87,8052.8
shape_R1_1,42.061706,21.679458,88,8133.7
shape_R1_1,42.061039,21.679891,89,8216.0
shape_R1_1,42.059739,21.680946,90,8384.8
shape_R1_1,42.059426,21.681175,91,8424.4
shape_R1_1,42.059008,21.681405,92,8474.6
shape_R1_1,42.058378,21.681618,93,8546.8
shape_R1_1,42.057811,21.681660,94,8610.0
shape_R1_1,42.057054,21.681541,95,8694.7
shape_R1_1,42.055918,21.681206,96,8824.0
shape_R1_1,42.054855,21.680927,97,8944.4
shape_R1_1,42.053971,21.680731,98,9044.1
shape_R1_1,42.052037,21.680552,99,9259.6
shape_R1_1,42.051180,21.680410,100,9355.6
shape_R1_1,42.050315,21.680022,101,9457.0
shape_R1_1,42.048950,21.679043,102,9629.0
shape_R1_1,42.048554,21.678788,103,9677.8
shape_R1_1,42.048291,21.678662,104,9708.8
shape_R1_1,42.048239,21.678634,105,9715.0
shape_R1_1,42.048162,21.678601,106,9724.0
shape_R1_1,42.047790,21.678494,107,9766.3
shape_R1_1,42.047399,21.678427,108,9810.2
shape_R1_1,42.046997,21.678418,109,9854.9
shape_R1_1,42.046627,21.678459,110,9896.1
shape_R1_1,42.046315,21.678547,111,9931.6
shape_R1_1,42.045373,21.678889,112,10040.1
shape_R1_1,42.045030,21.679030,113,10080.0
shape_R1_1,42.044591,21.679172,114,10130.2
shape_R1_1,42.044221,21.679244,115,10171.7
shape_R1_1,42.043902,21.679264,116,10207.2
shape_R1_1,42.043579,21.679223,117,10243.3
shape_R1_1,42.043203,21.679158,118,10285.5
shape_R1_1,42.042708,21.679056,119,10341.1
shape_R1_1,42.042094,21.678927,120,10410.2
shape_R1_1,42.041485,21.678794,121,10478.9
shape_R1_1,42.041103,21.678687,122,10522.2
shape_R1_1,42.040718,21.678569,123,10566.1
shape_R1_1,42.040374,21.678412,124,10606.5
shape_R1_1,42.039149,21.677610,125,10758.0
shape_R1_1,42.038544,21.677344,126,10828.8
shape_R1_1,42.038167,21.677243,127,10871.5
shape_R1_1,42.037174,21.677228,128,10981.9
shape_R1_1,42.036708,21.677184,129,11033.9
shape_R1_1,42.036317,21.677088,130,11078.1
shape_R1_1,42.035983,21.676964,131,11116.6
shape_R1_1,42.035639,21.676812,132,11156.8
shape_R1_1,42.035368,21.676631,133,11190.5
shape_R1_1,42.034698,21.676215,134,11272.5
shape_R1_1,42.034037,21.675932,135,11349.7
shape_R1_1,42.033641,21.675774,136,11395.6
shape_R1_1,42.033185,21.675644,137,11447.4
shape_R1_1,42.031982,21.675295,138,11584.2
shape_R1_1,42.031292,21.675094,139,11662.7
shape_R1_1,42.030695,21.674869,140,11731.7
shape_R1_1,42.030000,21.674471,141,11815.7
shape_R1_1,42.029443,21.674135,142,11883.5
shape_R1_1,42.029389,21.674104,143,11890.1
shape_R1_1,42.028872,21.673805,144,11952.6
shape_R1_1,42.028280,21.673513,145,12022.7
shape_R1_1,42.026820,21.672909,146,12192.6
shape_R1_1,42.025828,21.672476,147,12308.5
shape_R1_1,42.025264,21.672201,148,12375.2
shape_R1_1,42.024839,21.671957,149,12426.6
shape_R1_1,42.024218,21.671623,150,12501.0
shape_R1_1,42.023479,21.671210,151,12589.9
shape_R1_1,42.022920,21.670917,152,12656.6
shape_R1_1,42.022278,21.670690,153,12730.5
shape_R1_1,42.021877,21.670556,154,12776.4
shape_R1_1,42.021299,21.670441,155,12841.4
shape_R1_1,42.019870,21.670110,156,13002.6
shape_R1_1,42.018679,21.669638,157,13140.7
shape_R1_1,42.016557,21.668366,158,13398.9
shape_R1_1,42.016468,21.668316,159,13409.7
shape_R1_1,42.015736,21.667860,160,13499.4
shape_R1_1,42.014927,21.667294,161,13600.7
shape_R1_1,42.013573,21.666266,162,13773.6
shape_R1_1,42.012942,21.665816,163,13853.0
shape_R1_1,42.012294,21.665443,164,13931.4
shape_R1_1,42.008052,21.663288,165,14435.6
shape_R1_1,42.005972,21.662046,166,14688.6
shape_R1_1,42.004794,21.661400,167,14830.0
shape_R1_1,42.002518,21.660660,168,15090.4
shape_R1_1,41.999778,21.659716,169,15404.9
shape_R1_1,41.998915,21.659308,170,15506.6
shape_R1_1,41.998161,21.658774,171,15601.3
shape_R1_1,41.997318,21.657925,172,15718.4
shape_R1_1,41.996493,21.657195,173,15828.2
shape_R1_1,41.995240,21.656351,174,15984.0
shape_R1_1,41.993726,21.655456,175,16167.9
shape_R1_1,41.991976,21.654348,176,16383.0
shape_R1_1,41.991477,21.654017,177,16444.8
shape_R1_1,41.990743,21.653417,178,16540.3
shape_R1_1,41.989661,21.652295,179,16692.2
shape_R1_1,41.989565,21.652187,180,16706.2
shape_R1_1,41.989515,21.652126,181,16713.7
shape_R1_1,41.989338,21.651940,182,16738.6
shape_R1_1,41.988880,21.651444,183,16804.0
shape_R1_1,41.987902,21.650414,184,16942.1
shape_R1_1,41.986041,21.648446,185,17205.3
shape_R1_1,41.984659,21.646972,186,17401.4
shape_R1_1,41.984150,21.646430,187,17473.6
shape_R1_1,41.983189,21.645428,188,17608.8
shape_R1_1,41.982257,21.644489,189,17738.3
shape_R1_1,41.981384,21.643597,190,17860.2
shape_R1_1,41.981047,21.643211,191,17909.4
shape_R1_1,41.980652,21.642731,192,17968.6
shape_R1_1,41.980057,21.641756,193,18072.9
shape_R1_1,41.979764,21.641070,194,18138.3
shape_R1_1,41.979451,21.640192,195,18218.7
shape_R1_1,41.979209,21.639285,196,18298.4
shape_R1_1,41.979054,21.638164,197,18392.7
shape_R1_1,41.979072,21.636978,198,18490.7
shape_R1_1,41.979188,21.635814,199,18587.8
shape_R1_1,41.979538,21.634536,200,18700.4
shape_R1_1,41.979995,21.633258,201,18817.6
shape_R1_1,41.980449,21.631924,202,18938.9
shape_R1_1,41.980804,21.630525,203,19061.1
shape_R1_1,41.981019,21.628717,204,19212.4
shape_R1_1,41.981135,21.626578,205,19389.7
shape_R1_1,41.981252,21.623725,206,19625.9
shape_R1_1,41.981183,21.622453,207,19731.3
shape_R1_1,41.980975,21.620114,208,19926.0
shape_R1_1,41.980935,21.619380,209,19986.8
shape_R1_1,41.980934,21.618564,210,20054.3
shape_R1_1,41.981031,21.617709,211,20125.8
shape_R1_1,41.981138,21.617016,212,20184.3
shape_R1_1,41.981229,21.616598,213,20220.3
shape_R1_1,41.982074,21.613350,214,20504.7
shape_R1_1,41.982790,21.610617,215,20744.2
shape_R1_1,41.983145,21.609662,216,20832.5
shape_R1_1,41.983671,21.608403,217,20951.9
shape_R1_1,41.985938,21.603693,218,21415.7
shape_R1_1,41.987274,21.601112,219,21675.6
shape_R1_1,41.987679,21.600457,220,21746.0
shape_R1_1,41.988761,21.599102,221,21910.4
shape_R1_1,41.991537,21.596340,222,22294.3
shape_R1_1,41.993024,21.594797,223,22503.1
shape_R1_1,41.993994,21.593538,224,22653.0
shape_R1_1,41.994347,21.592958,225,22714.9
shape_R1_1,41.994465,21.592743,226,22737.0
shape_R1_1,41.995168,21.591568,227,22861.7
shape_R1_1,41.995822,21.590452,228,22979.1
shape_R1_1,41.996563,21.589095,229,23118.3
shape_R1_1,41.997281,21.587410,230,23278.8
shape_R1_1,41.997468,21.586793,231,23333.9
shape_R1_1,41.997707,21.585962,232,23407.5
shape_R1_1,41.997885,21.585111,233,23480.6
shape_R1_1,41.998026,21.584299,234,23549.5
shape_R1_1,41.998094,21.583593,235,23608.3
shape_R1_1,41.998160,21.582608,236,23690.0
shape_R1_1,41.998256,21.580711,237,23847.1
shape_R1_1,41.998285,21.580199,238,23889.6
shape_R1_1,41.998325,21.579509,239,23946.8
shape_R1_1,41.998408,21.577802,240,24088.1
shape_R1_1,41.998492,21.576103,241,24228.8
shape_R1_1,41.998576,21.574407,242,24369.3
shape_R1_1,41.998752,21.571075,243,24645.3
shape_R1_1,41.998776,21.570575,244,24686.7
shape_R1_1,41.998800,21.570077,245,24728.0
shape_R1_1,41.998920,21.567623,246,24931.2
shape_R1_1,41.998949,21.566219,247,25047.3
shape_R1_1,41.998881,21.565436,248,25112.4
shape_R1_1,41.998795,21.564657,249,25177.5
shape_R1_1,41.998667,21.563998,250,25233.8
shape_R1_1,41.998499,21.563352,251,25290.3
shape_R1_1,41.998252,21.562572,252,25360.4
shape_R1_1,41.998124,21.562204,253,25394.0
shape_R1_1,41.997637,21.561152,254,25496.4
shape_R1_1,41.997422,21.560773,255,25535.8
shape_R1_1,41.997343,21.560633,256,25550.3
shape_R1_1,41.996075,21.558395,257,25782.9
shape_R1_1,41.995357,21.557043,258,25920.2
shape_R1_1,41.995190,21.556636,259,25958.6
shape_R1_1,41.995030,21.556271,260,25993.6
shape_R1_1,41.994700,21.555269,261,26084.2
shape_R1_1,41.994488,21.554114,262,26182.5
shape_R1_1,41.994353,21.553116,263,26266.4
shape_R1_1,41.993627,21.545799,264,26876.4
shape_R1_1,41.993435,21.544104,265,27018.1
shape_R1_1,41.993356,21.543460,266,27072.1
shape_R1_1,41.991777,21.537226,267,27616.4
shape_R1_1,41.991290,21.535425,268,27774.7
shape_R1_1,41.991019,21.533601,269,27928.5
shape_R1_1,41.990948,21.531926,270,28067.1
shape_R1_1,41.990993,21.527337,271,28446.4
shape_R1_1,41.991018,21.523530,272,28761.1
shape_R1_1,41.991021,21.523111,273,28795.7
shape_R1_1,41.991026,21.512308,274,29688.5
shape_R1_1,41.991071,21.510479,275,29839.8
shape_R1_1,41.991073,21.510193,276,29863.4
shape_R1_1,41.991195,21.508880,277,29972.8
shape_R1_1,41.991454,21.507587,278,30083.4
shape_R1_1,41.991879,21.506162,279,30210.3
shape_R1_1,41.992263,21.505021,280,30313.8
shape_R1_1,41.992508,21.504287,281,30380.3
shape_R1_1,41.992779,21.503473,282,30454.0
shape_R1_1,41.992804,21.503397,283,30460.9
shape_R1_1,41.993051,21.502655,284,30528.1
shape_R1_1,41.993212,21.502305,285,30562.1
shape_R1_1,41.993247,21.502228,286,30569.6
shape_R1_1,41.993392,21.501870,287,30603.3
shape_R1_1,41.994522,21.498482,288,30910.2
shape_R1_1,41.995613,21.495130,289,31212.6
shape_R1_1,41.995770,21.494589,290,31260.6
shape_R1_1,41.995979,21.493830,291,31327.5
shape_R1_1,41.996184,21.493213,292,31383.3
shape_R1_1,41.996283,21.492899,293,31411.5
shape_R1_1,41.996319,21.492798,294,31420.8
shape_R1_1,41.997504,21.489213,295,31745.0
shape_R1_1,41.997616,21.488869,296,31776.0
shape_R1_1,41.997712,21.488587,297,31801.7
shape_R1_1,41.997800,21.488302,298,31827.2
shape_R1_1,41.997904,21.487956,299,31858.0
shape_R1_1,41.997985,21.487667,300,31883.5
shape_R1_1,41.998081,21.487262,301,31918.7
shape_R1_1,41.998185,21.486821,302,31956.9
shape_R1_1,41.998251,21.486471,303,31986.7
shape_R1_1,41.998310,21.486129,304,32015.8
shape_R1_1,41.998385,21.485615,305,32059.0
shape_R1_1,41.998442,21.485032,306,32107.6
shape_R1_1,41.998483,21.484439,307,32156.8
shape_R1_1,41.998505,21.483905,308,32201.0
shape_R1_1,41.998504,21.483373,309,32245.0
shape_R1_1,41.998492,21.482853,310,32288.0
shape_R1_1,41.998476,21.482467,311,32319.9
shape_R1_1,41.998075,21.475383,312,32907.0
shape_R1_1,41.998031,21.474558,313,32975.4
shape_R1_1,41.997946,21.473188,314,33089.0
shape_R1_1,41.997729,21.470472,315,33314.7
shape_R1_1,41.997626,21.469180,316,33422.1
shape_R1_1,41.997608,21.468909,317,33444.6
shape_R1_1,41.997583,21.468441,318,33483.4
shape_R1_1,41.997565,21.467811,319,33535.5
shape_R1_1,41.997556,21.467267,320,33580.4
shape_R1_1,41.997544,21.466155,321,33672.3
shape_R1_1,41.997534,21.465629,322,33715.8
shape_R1_1,41.997516,21.464970,323,33770.3
shape_R1_1,41.997490,21.464421,324,33815.8
shape_R1_1,41.997453,21.463761,325,33870.5
shape_R1_1,41.997262,21.460400,326,34149.0
shape_R1_1,41.997241,21.460029,327,34179.8
shape_R1_1,41.996946,21.454805,328,34612.7
shape_R1_1,41.996927,21.454465,329,34640.9
shape_R1_1,41.996907,21.454177,330,34664.8
shape_R1_1,41.996884,21.453931,331,34685.3
shape_R1_1,41.996858,21.453708,332,34703.9
shape_R1_1,41.996831,21.453526,333,34719.3
shape_R1_1,41.996797,21.453330,334,34735.9
shape_R1_1,41.996779,21.453254,335,34742.5
shape_R1_1,41.996747,21.453121,336,34754.0
shape_R1_1,41.996715,21.452998,337,34764.8
shape_R1_1,41.996670,21.452835,338,34779.2
shape_R1_1,41.996628,21.452702,339,34791.1
shape_R1_1,41.996572,21.452539,340,34806.0
shape_R1_1,41.996484,21.452315,341,34826.9
shape_R1_1,41.996407,21.452142,342,34843.6
shape_R1_1,41.996348,21.452012,343,34856.2
shape_R1_1,41.996263,21.451840,344,34873.2
shape_R1_1,41.996196,21.451711,345,34886.2
shape_R1_1,41.996086,21.451518,346,34906.3
shape_R1_1,41.995983,21.451367,347,34923.3
shape_R1_1,41.995899,21.451243,348,34937.1
shape_R1_1,41.995815,21.451127,349,34950.5
shape_R1_1,41.995723,21.451011,350,34964.5
shape_R1_1,41.995642,21.450915,351,34976.5
shape_R1_1,41.994686,21.449901,352,35111.9
shape_R1_1,41.994598,21.449810,353,35124.2
shape_R1_1,41.994554,21.449765,354,35130.4
shape_R1_1,41.994509,21.449722,355,35136.5
shape_R1_1,41.994416,21.449637,356,35149.0
shape_R1_1,41.994315,21.449545,357,35162.6
shape_R1_1,41.994275,21.449505,358,35168.1
shape_R1_1,41.994234,21.449462,359,35173.9
shape_R1_1,41.994155,21.449378,360,35185.1
shape_R1_1,41.993981,21.449176,361,35210.7
shape_R1_1,41.993667,21.448829,362,35255.8
shape_R1_1,41.993176,21.448282,363,35326.7
shape_R1_1,41.992542,21.447585,364,35417.8
shape_R1_1,41.992152,21.447154,365,35473.9
shape_R1_1,41.991756,21.446720,366,35530.7
shape_R1_1,41.991359,21.446281,367,35587.8
shape_R1_1,41.990965,21.445845,368,35644.5
shape_R2_0,41.990965,21.445845,1,0.0
shape_R2_0,41.989697,21.444469,2,181.1
shape_R2_0,41.989623,21.444390,3,191.6
shape_R2_0,41.989525,21.444290,4,205.3
shape_R2_0,41.989433,21.444195,5,218.2
shape_R2_0,41.989275,21.444032,6,240.4
shape_R2_0,41.989118,21.443869,7,262.4
shape_R2_0,41.988854,21.443586,8,299.9
shape_R2_0,41.988572,21.443281,9,340.2
shape_R2_0,41.988403,21.443097,10,364.3
shape_R2_0,41.988332,21.443012,11,374.9
shape_R2_0,41.988297,21.442968,12,380.2
shape_R2_0,41.988264,21.442922,13,385.5
shape_R2_0,41.988195,21.442826,14,396.6
shape_R2_0,41.988119,21.442720,15,408.7
shape_R2_0,41.988090,21.442680,16,413.4
shape_R2_0,41.988060,21.442640,17,418.1
shape_R2_0,41.987998,21.442564,18,427.4
shape_R2_0,41.987690,21.442219,19,471.9
shape_R2_0,41.987591,21.442107,20,486.3
shape_R2_0,41.987503,21.442015,21,498.7
shape_R2_0,41.987435,21.441952,22,507.9
shape_R2_0,41.987356,21.441880,23,518.5
shape_R2_0,41.987307,21.441840,24,524.9
shape_R2_0,41.987225,21.441775,25,535.5
shape_R2_0,41.987149,21.441719,26,545.1
shape_R2_0,41.987063,21.441662,27,555.8
shape_R2_0,41.986926,21.441582,28,572.4
shape_R2_0,41.986819,21.441524,29,585.2
shape_R2_0,41.986671,21.441456,30,602.6
shape_R2_0,41.986537,21.441411,31,617.9
shape_R2_0,41.986395,21.441365,32,634.2
shape_R2_0,41.986259,21.441332,33,649.6
shape_R2_0,41.986137,21.441315,34,663.2
shape_R2_0,41.986025,21.441305,35,675.7
shape_R2_0,41.985911,21.441298,36,688.4
shape_R2_0,41.985773,21.441303,37,703.7
shape_R2_0,41.985622,21.441316,38,720.5
shape_R2_0,41.985512,21.441333,39,732.8
shape_R2_0,41.985361,21.441369,40,749.9
shape_R2_0,41.985195,21.441421,41,768.9
shape_R2_0,41.985036,21.441481,42,787.2
shape_R2_0,41.984930,21.441529,43,799.6
shape_R2_0,41.984766,21.441624,44,819.5
shape_R2_0,41.984594,21.441740,45,840.9
shape_R2_0,41.984488,21.441823,46,854.5
shape_R2_0,41.984371,21.441918,47,869.7
shape_R2_0,41.984246,21.442035,48,886.7
shape_R2_0,41.983786,21.442536,49,952.5
shape_R2_0,41.983574,21.442780,50,983.5
shape_R2_0,41.983401,21.442984,51,1009.1
shape_R2_0,41.983217,21.443227,52,1037.7
shape_R2_0,41.983094,21.443393,53,1057.1
shape_R2_0,41.982994,21.443542,54,1073.7
shape_R2_0,41.982944,21.443623,55,1082.4
shape_R2_0,41.982853,21.443778,56,1098.7
shape_R2_0,41.982733,21.444001,57,1121.5
shape_R2_0,41.982666,21.444133,58,1134.7
shape_R2_0,41.982563,21.444343,59,1155.5
shape_R2_0,41.982311,21.444933,60,1211.8
shape_R2_0,41.981920,21.445774,61,1293.7
shape_R2_0,41.981653,21.446357,62,1350.3
shape_R2_0,41.981528,21.446630,63,1376.8
shape_R2_0,41.981078,21.447593,64,1470.9
shape_R2_0,41.980340,21.449183,65,1625.8
shape_R2_0,41.980046,21.449824,66,1688.1
shape_R2_0,41.979703,21.450555,67,1759.5
shape_R2_0,41.979423,21.451152,68,1817.9
shape_R2_0,41.979246,21.451528,69,1854.7
shape_R2_0,41.978972,21.452129,70,1912.9
shape_R2_0,41.978835,21.452412,71,1940.9
shape_R2_0,41.978636,21.452851,72,1983.4
shape_R2_0,41.978222,21.453736,73,2069.8
shape_R2_0,41.977648,21.454968,74,2190.0
shape_R2_0,41.977250,21.455833,75,2274.1
shape_R2_0,41.976987,21.456400,76,2329.3
shape_R2_0,41.976779,21.456850,77,2373.1
shape_R2_0,41.976530,21.457424,78,2428.1
shape_R2_0,41.976347,21.457875,79,2470.5
shape_R2_0,41.976201,21.458241,80,2504.9
shape_R2_0,41.976113,21.458475,81,2526.5
shape_R2_0,41.975890,21.459075,82,2582.0
shape_R2_0,41.975338,21.460576,83,2720.4
shape_R2_0,41.975058,21.461368,84,2792.9
shape_R2_0,41.974794,21.462083,85,2858.9
shape_R2_0,41.974724,21.462273,86,2876.4
shape_R2_0,41.974593,21.462630,87,2909.4
shape_R2_0,41.974443,21.463053,88,2948.1
shape_R2_0,41.974300,21.463439,89,2983.8
shape_R2_0,41.974178,21.463769,90,3014.2
shape_R2_0,41.974085,21.464013,91,3036.9
shape_R2_0,41.973921,21.464432,92,3076.0
shape_R2_0,41.973795,21.464731,93,3104.4
shape_R2_0,41.973600,21.465184,94,3147.7
shape_R2_0,41.973392,21.465649,95,3192.6
shape_R2_0,41.973213,21.466032,96,3230.0
shape_R2_0,41.971711,21.469245,97,3543.7
shape_R2_0,41.971254,21.470236,98,3640.1
shape_R2_0,41.970625,21.471580,99,3771.4
shape_R2_0,41.970374,21.472132,100,3824.9
shape_R2_0,41.969943,21.473059,101,3915.3
shape_R2_0,41.969829,21.473301,102,3939.0
shape_R2_0,41.969781,21.473399,103,3948.7
shape_R2_0,41.968971,21.475139,104,4118.4
shape_R2_0,41.968691,21.475754,105,4178.1
shape_R2_0,41.968147,21.476947,106,4293.8
shape_R2_0,41.967257,21.478881,107,4481.8
shape_R2_0,41.965390,21.482882,108,4872.3
shape_R2_0,41.964805,21.484137,109,4994.8
shape_R2_0,41.964742,21.484275,110,5008.2
shape_R2_0,41.964646,21.484476,111,5027.9
shape_R2_0,41.963780,21.486332,112,5209.1
shape_R2_0,41.959532,21.495469,113,6100.1
shape_R2_0,41.959437,21.495673,114,6120.0
shape_R2_0,41.959281,21.496009,115,6152.8
shape_R2_0,41.956262,21.502474,116,6784.0
shape_R2_0,41.951832,21.511959,117,7710.2
shape_R2_0,41.949496,21.516962,118,8198.7
shape_R2_0,41.946583,21.523198,119,8807.7
shape_R2_0,41.944502,21.527681,120,9244.8
shape_R2_0,41.944390,21.527912,121,9267.6
shape_R2_0,41.944290,21.528106,122,9287.1
shape_R2_0,41.944157,21.528353,123,9312.3
shape_R2_0,41.944018,21.528618,124,9339.2
shape_R2_0,41.943880,21.528865,125,9364.7
shape_R2_0,41.943715,21.529134,126,9393.5
shape_R2_0,41.943519,21.529439,127,9426.9
shape_R2_0,41.942863,21.530469,128,9539.0
shape_R2_0,41.942825,21.530530,129,9545.6
shape_R2_0,41.942791,21.530586,130,9551.6
shape_R2_0,41.942777,21.530609,131,9554.0
shape_R2_0,41.942437,21.531139,132,9611.9
shape_R2_0,41.942271,21.531390,133,9639.7
shape_R2_0,41.940119,21.534741,134,10005.9
shape_R2_0,41.939892,21.535094,135,10044.5
shape_R2_0,41.939577,21.535584,136,10098.0
shape_R2_0,41.939527,21.535663,137,10106.6
shape_R2_0,41.937950,21.538118,138,10374.9
shape_R2_0,41.937576,21.538698,139,10438.4
shape_R2_0,41.937237,21.539227,140,10496.2
shape_R2_0,41.937174,21.539325,141,10506.9
shape_R2_0,41.937141,21.539377,142,10512.5
shape_R2_0,41.937101,21.539439,143,10519.3
shape_R2_0,41.937063,21.539504,144,10526.2
shape_R2_0,41.936706,21.540059,145,10586.8
shape_R2_0,41.931031,21.548878,146,11551.4
shape_R2_0,41.930779,21.549270,147,11594.3
shape_R2_0,41.930554,21.549644,148,11634.1
shape_R2_0,41.930501,21.549742,149,11644.1
shape_R2_0,41.930482,21.549775,150,11647.5
shape_R2_0,41.930153,21.550357,151,11708.0
shape_R2_0,41.925871,21.558297,152,12519.3
shape_R2_0,41.923722,21.562289,153,12926.9
shape_R2_0,41.923552,21.562580,154,12957.5
shape_R2_0,41.923372,21.562889,155,12990.0
shape_R2_0,41.923144,21.563241,156,13028.6
shape_R2_0,41.922883,21.563616,157,13071.1
shape_R2_0,41.922613,21.563978,158,13113.5
shape_R2_0,41.922370,21.564262,159,13149.3
shape_R2_0,41.922074,21.564605,160,13192.8
shape_R2_0,41.920953,21.565789,161,13351.3
shape_R2_0,41.920864,21.565883,162,13363.9
shape_R2_0,41.919541,21.567280,163,13551.0
shape_R2_0,41.919307,21.567545,164,13585.0
shape_R2_0,41.919105,21.567787,165,13615.1
shape_R2_0,41.918897,21.568055,166,13647.1
shape_R2_0,41.918725,21.568312,167,13675.7
shape_R2_0,41.918536,21.568588,168,13706.8
shape_R2_0,41.918383,21.568852,169,13734.4
shape_R2_0,41.918229,21.569107,170,13761.6
shape_R2_0,41.918107,21.569355,171,13786.2
shape_R2_0,41.918005,21.569557,172,13806.4
shape_R2_0,41.917878,21.569841,173,13833.8
shape_R2_0,41.917761,21.570140,174,13861.8
shape_R2_0,41.917631,21.570519,175,13896.3
shape_R2_0,41.917487,21.570981,176,13937.8
shape_R2_0,41.917403,21.571274,177,13963.7
shape_R2_0,41.917304,21.571664,178,13997.8
shape_R2_0,41.917223,21.572005,179,14027.5
shape_R2_0,41.916518,21.575009,180,14288.1
shape_R2_0,41.916326,21.575696,181,14348.8
shape_R2_0,41.916071,21.576383,182,14412.3
shape_R2_0,41.915828,21.576915,183,14464.0
shape_R2_0,41.915400,21.577713,184,14545.4
shape_R2_0,41.914998,21.578357,185,14614.9
shape_R2_0,41.914665,21.578872,186,14671.4
shape_R2_0,41.914346,21.579515,187,14735.3
shape_R2_0,41.914122,21.580159,188,14794.1
shape_R2_0,41.913886,21.580975,189,14866.6
shape_R2_0,41.913516,21.582090,190,14967.6
shape_R2_0,41.913069,21.583421,191,15088.4
shape_R2_0,41.912781,21.584176,192,15158.6
shape_R2_0,41.912494,21.584863,193,15223.8
shape_R2_0,41.912079,21.585670,194,15305.0
shape_R2_0,41.911600,21.586528,195,15393.8
shape_R2_0,41.911216,21.587215,196,15464.9
shape_R2_0,41.910718,21.588124,197,15558.3
shape_R2_0,41.910031,21.589388,198,15687.8
shape_R2_0,41.909931,21.589574,199,15706.8
shape_R2_0,41.909484,21.590364,200,15788.9
shape_R2_0,41.909034,21.591128,201,15869.5
shape_R2_0,41.908419,21.592073,202,15973.4
shape_R2_0,41.907873,21.592967,203,16069.1
shape_R2_0,41.907366,21.593748,204,16154.9
shape_R2_0,41.907089,21.594175,205,16201.7
shape_R2_0,41.906752,21.594703,206,16259.3
shape_R2_0,41.906423,21.595241,207,16316.9
shape_R2_0,41.906060,21.595905,208,16385.1
shape_R2_0,41.905530,21.596958,209,16490.3
shape_R2_0,41.905427,21.597198,210,16513.2
shape_R2_0,41.905162,21.597766,211,16568.7
shape_R2_0,41.904824,21.598383,212,16632.1
shape_R2_0,41.904635,21.598748,213,16668.9
shape_R2_0,41.904469,21.599057,214,16700.5
shape_R2_0,41.904330,21.599314,215,16726.7
shape_R2_0,41.904137,21.599624,216,16760.2
shape_R2_0,41.903904,21.599981,217,16799.5
shape_R2_0,41.903779,21.600178,218,16820.9
shape_R2_0,41.901435,21.603431,219,17195.6
shape_R2_0,41.901219,21.603736,220,17230.5
shape_R2_0,41.900962,21.604070,221,17270.2
shape_R2_0,41.900654,21.604417,222,17314.9
shape_R2_0,41.900392,21.604662,223,17350.4
shape_R2_0,41.900134,21.604857,224,17383.3
shape_R2_0,41.900009,21.604943,225,17399.0
shape_R2_0,41.899861,21.605030,226,17416.9
shape_R2_0,41.899639,21.605142,227,17443.3
shape_R2_0,41.899423,21.605224,228,17468.2
shape_R2_0,41.899237,21.605282,229,17489.5
shape_R2_0,41.898991,21.605346,230,17517.3
shape_R2_0,41.898762,21.605378,231,17542.9
shape_R2_0,41.898598,21.605380,232,17561.2
shape_R2_0,41.898436,21.605385,233,17579.2
shape_R2_0,41.898232,21.605378,234,17601.9
shape_R2_0,41.898003,21.605349,235,17627.5
shape_R2_0,41.897769,21.605298,236,17653.8
shape_R2_0,41.897454,21.605187,237,17690.0
shape_R2_0,41.897177,21.605060,238,17722.6
shape_R2_0,41.896849,21.604858,239,17762.7
shape_R2_0,41.896502,21.604592,240,17807.1
shape_R2_0,41.896221,21.604316,241,17845.8
shape_R2_0,41.895975,21.604016,242,17882.8
shape_R2_0,41.895757,21.603704,243,17918.2
shape_R2_0,41.895535,21.603315,244,17958.8
shape_R2_0,41.895380,21.602991,245,17990.6
shape_R2_0,41.895208,21.602576,246,18030.0
shape_R2_0,41.895047,21.602134,247,18070.7
shape_R2_0,41.893970,21.598965,248,18359.0
shape_R2_0,41.893859,21.598651,249,18387.8
shape_R2_0,41.893723,21.598184,250,18429.3
shape_R2_0,41.893637,21.597828,251,18460.3
shape_R2_0,41.893529,21.597247,252,18509.9
shape_R2_0,41.893449,21.596491,253,18573.1
shape_R2_0,41.893311,21.594475,254,18740.6
shape_R2_0,41.893284,21.594020,255,18778.4
shape_R2_0,41.893246,21.593561,256,18816.6
shape_R2_0,41.893163,21.592921,257,18870.4
shape_R2_0,41.893054,21.592331,258,18920.7
shape_R2_0,41.892901,21.591754,259,18971.4
shape_R2_0,41.892741,21.591293,260,19013.5
shape_R2_0,41.892525,21.590802,261,19060.7
shape_R2_0,41.892252,21.590319,262,19110.9
shape_R2_0,41.892048,21.589992,263,19146.3
shape_R2_0,41.891653,21.589504,264,19205.9
shape_R2_0,41.891363,21.589209,265,19246.4
shape_R2_0,41.891024,21.588908,266,19291.6
shape_R2_0,41.890732,21.588688,267,19328.8
shape_R2_0,41.890373,21.588487,268,19372.0
shape_R2_0,41.890141,21.588389,269,19399.1
shape_R2_0,41.889985,21.588324,270,19417.2
shape_R2_0,41.889582,21.588190,271,19463.4
shape_R2_0,41.887823,21.587782,272,19661.9
shape_R2_0,41.887587,21.587744,273,19688.3
shape_R2_0,41.887272,21.587704,274,19723.5
shape_R2_0,41.886992,21.587688,275,19754.7
shape_R2_0,41.886701,21.587701,276,19787.0
shape_R2_0,41.886376,21.587749,277,19823.4
shape_R2_0,41.886173,21.587798,278,19846.3
shape_R2_0,41.886110,21.587814,279,19853.5
shape_R2_0,41.885818,21.587932,280,19887.4
shape_R2_0,41.885529,21.588090,281,19922.1
shape_R2_0,41.885181,21.588324,282,19965.3
shape_R2_0,41.884858,21.588592,283,20007.6
shape_R2_0,41.884534,21.588940,284,20053.7
shape_R2_0,41.884271,21.589270,285,20093.7
shape_R2_0,41.884031,21.589678,286,20136.7
shape_R2_0,41.883935,21.589863,287,20155.4
shape_R2_0,41.883794,21.590172,288,20185.4
shape_R2_0,41.883652,21.590542,289,20219.9
shape_R2_0,41.882461,21.594497,290,20573.1
shape_R2_0,41.882061,21.595385,291,20659.0
shape_R2_0,41.881759,21.595914,292,20714.2
shape_R2_0,41.881383,21.596341,293,20768.9
shape_R2_0,41.881041,21.596727,294,20818.6
shape_R2_0,41.880735,21.596933,295,20856.7
shape_R2_0,41.880663,21.596981,296,20865.6
shape_R2_0,41.880176,21.597237,297,20923.7
shape_R2_0,41.879623,21.597403,298,20986.8
shape_R2_0,41.879069,21.597451,299,21048.5
shape_R2_0,41.878481,21.597411,300,21114.0
shape_R2_0,41.877891,21.597387,301,21179.6
shape_R2_0,41.877004,21.597344,302,21278.3
shape_R2_0,41.876427,21.597432,303,21342.9
shape_R2_0,41.875641,21.597798,304,21435.4
shape_R2_0,41.875103,21.598253,305,21506.1
shape_R2_0,41.874701,21.598758,306,21567.3
shape_R2_0,41.874355,21.599417,307,21634.0
shape_R2_0,41.874072,21.600205,308,21706.5
shape_R2_0,41.873929,21.600746,309,21754.0
shape_R2_0,41.873804,21.601226,310,21796.1
shape_R2_0,41.873566,21.602177,311,21879.2
shape_R2_0,41.873388,21.602716,312,21928.0
shape_R2_0,41.873222,21.603115,313,21965.8
shape_R2_0,41.873068,21.603439,314,21997.7
shape_R2_0,41.872675,21.604218,315,22075.6
shape_R2_0,41.872287,21.604978,316,22151.9
shape_R2_0,41.871334,21.606841,317,22339.0
shape_R2_0,41.871179,21.607224,318,22375.1
shape_R2_0,41.871038,21.607619,319,22411.4
shape_R2_0,41.870852,21.608367,320,22476.7
shape_R2_0,41.870742,21.609024,321,22532.4
shape_R2_0,41.870694,21.609820,322,22598.6
shape_R2_0,41.870673,21.610366,323,22643.8
shape_R2_0,41.870655,21.610819,324,22681.4
shape_R2_0,41.870624,21.611747,325,22758.3
shape_R2_0,41.870429,21.612696,326,22839.8
shape_R2_0,41.870149,21.613490,327,22912.6
shape_R2_0,41.869819,21.613961,328,22966.1
shape_R2_0,41.869541,21.614241,329,23004.8
shape_R2_0,41.869237,21.614507,330,23045.1
shape_R2_0,41.868831,21.614765,331,23095.0
shape_R2_0,41.868432,21.614903,332,23140.9
shape_R2_0,41.868052,21.614977,333,23183.6
shape_R2_0,41.867674,21.614964,334,23225.6
shape_R2_0,41.867288,21.614890,335,23269.0
shape_R2_0,41.866871,21.614772,336,23316.3
shape_R2_0,41.866388,21.614634,337,23371.3
shape_R2_0,41.865924,21.614525,338,23423.6
shape_R2_0,41.865428,21.614494,339,23478.8
shape_R2_0,41.864969,21.614580,340,23530.4
shape_R2_0,41.864543,21.614727,341,23579.3
shape_R2_0,41.864147,21.614954,342,23627.2
shape_R2_0,41.863788,21.615234,343,23673.3
shape_R2_0,41.863417,21.615636,344,23726.3
shape_R2_0,41.863132,21.616055,345,23773.3
shape_R2_0,41.862824,21.616553,346,23826.9
shape_R2_0,41.862427,21.617273,347,23901.1
shape_R2_0,41.862056,21.617888,348,23966.7
shape_R2_0,41.861696,21.618306,349,24019.6
shape_R2_0,41.861331,21.618670,350,24070.1
shape_R2_0,41.860917,21.618912,351,24120.4
shape_R2_0,41.860541,21.619087,352,24164.6
shape_R2_0,41.860109,21.619210,353,24213.7
shape_R2_0,41.859631,21.619249,354,24267.0
shape_R2_0,41.859171,21.619209,355,24318.2
shape_R2_0,41.858633,21.619120,356,24378.5
shape_R2_0,41.857968,21.619023,357,24452.9
shape_R2_0,41.857204,21.618876,358,24538.7
shape_R2_0,41.856588,21.618773,359,24607.7
shape_R2_0,41.856124,21.618734,360,24659.4
shape_R2_0,41.855589,21.618709,361,24718.9
shape_R2_0,41.855453,21.618715,362,24734.1
shape_R2_0,41.854998,21.618736,363,24784.7
shape_R2_0,41.854345,21.618876,364,24858.2
shape_R2_0,41.853694,21.619145,365,24934.0
shape_R2_0,41.853055,21.619488,366,25010.5
shape_R2_0,41.852549,21.619885,367,25075.6
shape_R2_0,41.852106,21.620313,368,25136.3
shape_R2_0,41.851604,21.620917,369,25211.3
shape_R2_0,41.850984,21.621728,370,25307.5
shape_R2_0,41.850548,21.622335,371,25377.4
shape_R2_0,41.848872,21.624244,372,25621.8
shape_R2_0,41.848220,21.625000,373,25717.6
shape_R2_0,41.847407,21.625943,374,25837.1
shape_R2_0,41.845525,21.628111,375,26112.8
shape_R2_0,41.844217,21.629638,376,26305.6
shape_R2_0,41.844051,21.629840,377,26330.5
shape_R2_0,41.843503,21.630507,378,26412.7
shape_R2_0,41.843223,21.630857,379,26455.3
shape_R2_0,41.843025,21.630989,380,26479.9
shape_R2_0,41.841972,21.631669,381,26609.8
shape_R2_0,41.841514,21.631864,382,26663.2
shape_R2_0,41.841328,21.631872,383,26683.9
shape_R2_0,41.841022,21.631773,384,26718.9
shape_R2_0,41.840329,21.631563,385,26797.9
shape_R2_0,41.839536,21.631328,386,26888.2
shape_R2_0,41.839002,21.631255,387,26947.9
shape_R2_0,41.838421,21.631378,388,27013.3
shape_R2_0,41.837556,21.631949,389,27120.5
shape_R2_0,41.836973,21.632538,390,27201.6
shape_R2_0,41.836508,21.633064,391,27269.3
shape_R2_0,41.836000,21.633790,392,27351.8
shape_R2_0,41.835613,21.634506,393,27425.1
shape_R2_0,41.835212,21.635347,394,27507.8
shape_R2_0,41.834844,21.636625,395,27621.3
shape_R2_0,41.834525,21.637367,396,27692.3
shape_R2_0,41.834095,21.638068,397,27767.5
shape_R2_0,41.833668,21.638624,398,27833.6
shape_R2_0,41.833337,21.638972,399,27880.4
shape_R2_0,41.832948,21.639333,400,27933.0
shape_R2_0,41.832742,21.639556,401,27962.4
shape_R2_0,41.832413,21.639816,402,28004.9
shape_R2_0,41.832159,21.639986,403,28036.4
shape_R2_0,41.831906,21.640128,404,28066.9
shape_R2_0,41.830391,21.640681,405,28241.5
shape_R2_0,41.829971,21.640871,406,28290.8
shape_R2_0,41.829597,21.641135,407,28337.8
shape_R2_0,41.829240,21.641464,408,28385.9
shape_R2_0,41.828847,21.641886,409,28441.9
shape_R2_0,41.828481,21.642388,410,28500.1
shape_R2_0,41.828185,21.642752,411,28544.7
shape_R2_0,41.827912,21.643199,412,28592.6
shape_R2_0,41.827506,21.643926,413,28667.9
shape_R2_0,41.826972,21.644780,414,28760.3
shape_R2_0,41.826795,21.645141,415,28796.1
shape_R2_0,41.826619,21.645573,416,28836.9
shape_R2_0,41.826489,21.646112,417,28883.8
shape_R2_0,41.826445,21.646745,418,28936.5
shape_R2_0,41.826465,21.647257,419,28979.0
shape_R2_0,41.826525,21.647743,420,29019.8
shape_R2_0,41.826661,21.648274,421,29066.3
shape_R2_0,41.826827,21.648655,422,29102.9
shape_R2_0,41.827091,21.649097,423,29149.8
shape_R2_0,41.827666,21.649915,424,29243.0
shape_R2_0,41.827920,21.650328,425,29287.4
shape_R2_0,41.828072,21.650669,426,29320.3
shape_R2_0,41.828202,21.651074,427,29356.8
shape_R2_0,41.828318,21.651554,428,29398.6
shape_R2_0,41.828386,21.652023,429,29438.2
shape_R2_0,41.828394,21.652597,430,29485.8
shape_R2_0,41.828366,21.653155,431,29532.1
shape_R2_0,41.828310,21.653641,432,29572.9
shape_R2_0,41.828244,21.654108,433,29612.3
shape_R2_0,41.828030,21.655296,434,29713.5
shape_R2_0,41.827946,21.655873,435,29762.2
shape_R2_0,41.827924,21.656353,436,29802.1
shape_R2_0,41.827954,21.656830,437,29841.7
shape_R2_0,41.828002,21.657315,438,29882.3
shape_R2_0,41.828088,21.657742,439,29918.9
shape_R2_0,41.828212,21.658123,440,29953.4
shape_R2_0,41.828414,21.658517,441,29993.0
shape_R2_0,41.828660,21.658852,442,30032.0
shape_R2_0,41.828895,21.659105,443,30065.5
shape_R2_0,41.829171,21.659335,444,30101.6
shape_R2_0,41.830256,21.660038,445,30235.6
shape_R2_0,41.830634,21.660317,446,30283.5
shape_R2_0,41.830930,21.660647,447,30326.3
shape_R2_0,41.831218,21.661063,448,30373.4
shape_R2_0,41.831392,21.661398,449,30407.2
shape_R2_0,41.831559,21.661843,450,30448.5
shape_R2_0,41.831681,21.662355,451,30493.0
shape_R2_0,41.831747,21.662860,452,30535.5
shape_R2_0,41.831757,21.663407,453,30580.8
shape_R2_0,41.831725,21.663962,454,30627.0
shape_R2_0,41.831542,21.666304,455,30822.1
shape_R2_0,41.831517,21.666886,456,30870.4
shape_R2_0,41.831550,21.667484,457,30920.1
shape_R2_0,41.831611,21.668055,458,30967.8
shape_R2_0,41.831781,21.669152,459,31060.7
shape_R2_0,41.831855,21.669793,460,31114.4
shape_R2_0,41.831953,21.670370,461,31163.5
shape_R2_0,41.832082,21.670786,462,31200.8
shape_R2_0,41.832269,21.671279,463,31246.6
shape_R2_0,41.832442,21.671699,464,31286.4
shape_R2_0,41.832608,21.672080,465,31322.9
shape_R2_0,41.832732,21.672407,466,31353.3
shape_R2_0,41.832897,21.672945,467,31401.5
shape_R2_0,41.832972,21.673375,468,31438.1
shape_R2_0,41.833002,21.673891,469,31481.0
shape_R2_0,41.832982,21.674444,470,31526.9
shape_R2_0,41.832890,21.674952,471,31570.2
shape_R2_0,41.832729,21.675500,472,31619.0
shape_R2_0,41.832551,21.675888,473,31656.8
shape_R2_0,41.832314,21.676270,474,31697.9
shape_R2_0,41.832074,21.676535,475,31732.5
shape_R2_0,41.831880,21.676720,476,31759.0
shape_R2_0,41.831652,21.676906,477,31788.6
shape_R2_0,41.831443,21.677074,478,31815.7
shape_R2_0,41.831173,21.677292,479,31850.8
shape_R2_0,41.830843,21.677560,480,31893.6
shape_R2_0,41.830599,21.677809,481,31927.7
shape_R2_0,41.830399,21.678040,482,31957.1
shape_R2_0,41.829856,21.678729,483,32040.2
shape_R2_0,41.829612,21.679046,484,32077.9
shape_R2_0,41.829248,21.679424,485,32129.1
shape_R2_0,41.828966,21.679636,486,32165.0
shape_R2_0,41.828641,21.679797,487,32203.6
shape_R2_0,41.828313,21.679893,488,32240.9
shape_R2_0,41.827991,21.679942,489,32276.9
shape_R2_0,41.827653,21.679942,490,32314.5
shape_R2_0,41.827335,21.679869,491,32350.4
shape_R2_0,41.827034,21.679762,492,32385.0
shape_R2_0,41.826736,21.679599,493,32420.8
shape_R2_0,41.826482,21.679400,494,32453.5
shape_R2_0,41.826288,21.679212,495,32480.1
shape_R2_0,41.826088,21.678960,496,32510.6
shape_R2_0,41.825938,21.678732,497,32535.8
shape_R2_0,41.825775,21.678461,498,32564.7
shape_R2_0,41.824764,21.676608,499,32755.0
shape_R2_0,41.824591,21.676292,500,32787.5
shape_R2_0,41.824325,21.675795,501,32838.2
shape_R2_0,41.824120,21.675460,502,32874.1
shape_R2_0,41.823925,21.675157,503,32907.3
shape_R2_0,41.823693,21.674869,504,32942.4
shape_R2_0,41.823507,21.674642,505,32970.4
shape_R2_0,41.823328,21.674430,506,32996.9
shape_R2_0,41.823119,21.674194,507,33027.3
shape_R2_0,41.822935,21.673998,508,33053.4
shape_R2_0,41.822769,21.673849,509,33075.6
shape_R2_0,41.822524,21.673634,510,33108.2
shape_R2_0,41.822133,21.673342,511,33157.9
shape_R2_0,41.821391,21.672680,512,33257.0
shape_R2_0,41.821309,21.672614,513,33267.6
shape_R2_0,41.821166,21.672490,514,33286.6
shape_R2_0,41.820809,21.672218,515,33332.2
shape_R2_0,41.820583,21.672016,516,33362.4
shape_R2_0,41.820305,21.671788,517,33398.6
shape_R2_0,41.819871,21.671337,518,33459.7
shape_R2_0,41.819663,21.671134,519,33488.3
shape_R2_0,41.819582,21.671059,520,33499.2
shape_R2_0,41.819052,21.670475,521,33575.5
shape_R2_0,41.818658,21.670111,522,33628.7
shape_R2_0,41.818599,21.670048,523,33637.0
shape_R2_0,41.818542,21.669987,524,33645.1
shape_R2_0,41.818236,21.669681,525,33687.6
shape_R2_0,41.818048,21.669507,526,33713.0
shape_R2_0,41.817860,21.669350,527,33737.6
shape_R2_0,41.817764,21.669279,528,33749.8
shape_R2_0,41.817586,21.669160,529,33771.9
shape_R2_0,41.817351,21.669056,530,33799.4
shape_R2_0,41.817112,21.668934,531,33827.9
shape_R2_0,41.816879,21.668843,532,33854.8
shape_R2_0,41.816659,21.668780,533,33879.8
shape_R2_0,41.816408,21.668725,534,33908.1
shape_R2_0,41.816191,21.668691,535,33932.4
shape_R2_0,41.815378,21.668583,536,34023.3
shape_R2_0,41.815131,21.668558,537,34050.8
shape_R2_0,41.814875,21.668543,538,34079.3
shape_R2_0,41.814621,21.668554,539,34107.6
shape_R2_0,41.814393,21.668585,540,34133.0
shape_R2_0,41.814179,21.668632,541,34157.2
shape_R2_0,41.814089,21.668657,542,34167.4
shape_R2_0,41.813889,21.668726,543,34190.3
shape_R2_0,41.813600,21.668852,544,34224.1
shape_R2_0,41.813245,21.669073,545,34267.6
shape_R2_0,41.810208,21.671052,546,34643.1
shape_R2_0,41.808704,21.672122,547,34832.4
shape_R2_0,41.807928,21.672953,548,34942.8
shape_R2_0,41.807507,21.673531,549,35009.7
shape_R2_0,41.807072,21.674183,550,35082.3
shape_R2_0,41.806688,21.674758,551,35146.3
shape_R2_0,41.806291,21.675213,552,35204.3
shape_R2_0,41.805811,21.675728,553,35272.7
shape_R2_0,41.805332,21.676175,554,35337.5
shape_R2_0,41.804833,21.676604,555,35403.4
shape_R2_0,41.804404,21.677050,556,35463.8
shape_R2_0,41.804078,21.677661,557,35526.1
shape_R2_0,41.803874,21.678112,558,35569.8
shape_R2_0,41.803685,21.678603,559,35615.6
shape_R2_0,41.803533,21.679184,560,35666.6
shape_R2_0,41.803369,21.679908,561,35729.4
shape_R2_0,41.803061,21.681673,562,35879.6
shape_R2_0,41.803027,21.681869,563,35896.3
shape_R2_0,41.801572,21.690206,564,36606.0
shape_R2_0,41.801432,21.690819,565,36659.2
shape_R2_0,41.801229,21.691423,566,36714.1
shape_R2_0,41.801027,21.691839,567,36755.3
shape_R2_0,41.800702,21.692334,568,36809.9
shape_R2_0,41.800334,21.692733,569,36862.6
shape_R2_0,41.799923,21.693056,570,36915.5
shape_R2_0,41.799483,21.693261,571,36967.3
shape_R2_0,41.798935,21.693427,572,37029.8
shape_R2_0,41.797856,21.693567,573,37150.3
shape_R2_0,41.797069,21.693727,574,37238.8
shape_R2_0,41.796510,21.693950,575,37303.7
shape_R2_0,41.795938,21.694278,576,37372.9
shape_R2_0,41.793911,21.695469,577,37618.9
shape_R2_0,41.793411,21.695856,578,37683.1
shape_R2_0,41.793072,21.696199,579,37730.3
shape_R2_0,41.792598,21.696817,580,37803.8
shape_R2_0,41.792023,21.697675,581,37899.5
shape_R2_0,41.791666,21.698294,582,37964.4
shape_R2_0,41.791560,21.698479,583,37983.7
shape_R2_0,41.791398,21.698759,584,38013.1
shape_R2_0,41.791224,21.699030,585,38042.7
shape_R2_0,41.791035,21.699294,586,38073.1
shape_R2_0,41.790761,21.699654,587,38115.7
shape_R2_0,41.790503,21.699983,588,38155.3
shape_R2_0,41.790283,21.700230,589,38187.2
shape_R2_0,41.789989,21.700521,590,38227.8
shape_R2_0,41.789646,21.700831,591,38273.8
shape_R2_0,41.789379,21.701037,592,38308.1
shape_R2_0,41.789181,21.701175,593,38332.9
shape_R2_0,41.788808,21.701385,594,38377.9
shape_R2_0,41.788574,21.701510,595,38405.9
shape_R2_0,41.788381,21.701607,596,38428.8
shape_R2_0,41.788312,21.701642,597,38437.0
shape_R2_0,41.788047,21.701777,598,38468.5
shape_R2_0,41.787630,21.701988,599,38518.1
shape_R2_0,41.787283,21.702156,600,38559.1
shape_R2_0,41.787025,21.702266,601,38589.2
shape_R2_0,41.786671,21.702403,602,38630.2
shape_R2_0,41.786392,21.702496,603,38662.1
shape_R2_0,41.786154,21.702574,604,38689.4
shape_R2_0,41.785806,21.702670,605,38728.9
shape_R2_0,41.785554,21.702748,606,38757.7
shape_R2_0,41.785284,21.702833,607,38788.5
shape_R2_0,41.784267,21.703133,608,38904.3
shape_R2_0,41.784031,21.703215,609,38931.4
shape_R2_0,41.783644,21.703395,610,38976.9
shape_R2_0,41.783545,21.703447,611,38988.8
shape_R2_0,41.783293,21.703601,612,39019.5
shape_R2_0,41.783060,21.703776,613,39049.2
shape_R2_0,41.782790,21.703999,614,39084.5
shape_R2_0,41.782543,21.704220,615,39117.5
shape_R2_0,41.782307,21.704468,616,39150.9
shape_R2_0,41.781839,21.705085,617,39223.8
shape_R2_0,41.781477,21.705656,618,39286.0
shape_R2_0,41.781198,21.706230,619,39342.8
shape_R2_0,41.780938,21.706871,620,39403.3
shape_R2_0,41.780846,21.707194,621,39432.0
shape_R2_0,41.780731,21.707617,622,39469.3
shape_R2_0,41.780651,21.707989,623,39501.4
shape_R2_0,41.780613,21.708321,624,39529.3
shape_R2_0,41.780607,21.708428,625,39538.1
shape_R2_0,41.780598,21.708614,626,39553.6
shape_R2_0,41.780601,21.708867,627,39574.6
shape_R2_0,41.780627,21.709286,628,39609.4
shape_R2_0,41.780698,21.709796,629,39652.5
shape_R2_0,41.780792,21.710350,630,39699.6
shape_R2_0,41.780904,21.710911,631,39747.7
shape_R2_0,41.781002,21.711429,632,39792.0
shape_R2_0,41.781058,21.711722,633,39817.1
shape_R2_0,41.781099,21.712169,634,39854.5
shape_R2_0,41.781108,21.712616,635,39891.5
shape_R2_0,41.781052,21.712936,636,39918.8
shape_R2_0,41.780943,21.713343,637,39954.7
shape_R2_0,41.780828,21.713652,638,39983.3
shape_R2_0,41.780675,21.713984,639,40015.7
shape_R2_0,41.780492,21.714280,640,40047.5
shape_R2_0,41.780300,21.714526,641,40077.1
shape_R2_0,41.780052,21.714806,642,40113.1
shape_R2_0,41.779802,21.715055,643,40147.7
shape_R2_0,41.779598,21.715281,644,40177.2
shape_R2_0,41.779321,21.715597,645,40217.6
shape_R2_0,41.779179,21.715811,646,40241.4
shape_R2_0,41.779070,21.715993,647,40260.7
shape_R2_0,41.778946,21.716242,648,40285.5
shape_R2_0,41.778737,21.716590,649,40322.6
shape_R2_0,41.778510,21.716934,650,40360.7
shape_R2_0,41.778236,21.717294,651,40403.3
shape_R2_0,41.777941,21.717586,652,40444.1
shape_R2_0,41.777543,21.717978,653,40499.0
shape_R2_0,41.776877,21.718791,654,40599.2
shape_R2_0,41.774542,21.722590,655,41007.4
shape_R2_0,41.773959,21.723116,656,41085.5
shape_R2_0,41.772724,21.723896,657,41237.3
shape_R2_0,41.771910,21.724617,658,41345.8
shape_R2_0,41.771383,21.725311,659,41427.9
shape_R2_0,41.770745,21.726327,660,41538.1
shape_R2_0,41.770242,21.727052,661,41620.2
shape_R2_0,41.769799,21.728079,662,41718.6
shape_R2_0,41.769517,21.729066,663,41806.3
shape_R2_0,41.769365,21.729989,664,41884.6
shape_R2_0,41.769359,21.730912,665,41961.2
shape_R2_0,41.769869,21.733107,666,42151.9
shape_R2_0,41.769851,21.733899,667,42217.6
shape_R2_0,41.769251,21.736461,668,42440.3
shape_R2_0,41.768843,21.737278,669,42521.8
shape_R2_0,41.768219,21.737915,670,42609.0
shape_R2_0,41.767801,21.738133,671,42658.9
shape_R2_0,41.767213,21.738299,672,42725.7
shape_R2_0,41.766428,21.738115,673,42814.3
shape_R2_0,41.765144,21.737413,674,42968.5
shape_R2_0,41.764151,21.736857,675,43088.2
shape_R2_0,41.763726,21.736760,676,43136.1
shape_R2_0,41.763217,21.736788,677,43192.8
shape_R2_0,41.762510,21.736906,678,43272.0
shape_R2_0,41.757144,21.739400,679,43903.5
shape_R2_0,41.753425,21.741703,680,44359.0
shape_R2_0,41.752572,21.742584,681,44478.8
shape_R2_0,41.752141,21.743102,682,44543.1
shape_R2_0,41.751805,21.743672,683,44603.4
shape_R2_0,41.751007,21.745010,684,44745.5
shape_R2_0,41.749185,21.748134,685,45074.4
shape_R2_0,41.748699,21.749009,686,45164.9
shape_R2_0,41.748100,21.750614,687,45313.8
shape_R2_0,41.747791,21.751410,688,45388.3
shape_R2_0,41.747353,21.752251,689,45473.4
shape_R2_0,41.747012,21.752806,690,45533.0
shape_R2_0,41.746547,21.753320,691,45600.0
shape_R2_0,41.743661,21.755654,692,45974.8
shape_R2_0,41.742316,21.756742,693,46149.5
shape_R2_0,41.740744,21.757976,694,46352.1
shape_R2_0,41.740292,21.758271,695,46408.0
shape_R2_0,41.739718,21.758526,696,46475.2
shape_R2_0,41.739118,21.758671,697,46543.0
shape_R2_0,41.738476,21.758792,698,46615.1
shape_R2_0,41.738002,21.758928,699,46669.0
shape_R2_0,41.737696,21.759078,700,46705.2
shape_R2_0,41.737244,21.759429,701,46763.3
shape_R2_0,41.736951,21.759734,702,46804.6
shape_R2_0,41.736517,21.760279,703,46870.7
shape_R2_0,41.735528,21.761450,704,47017.5
shape_R2_0,41.734852,21.762225,705,47116.4
shape_R2_0,41.732990,21.764252,706,47383.1
shape_R2_0,41.732395,21.764851,707,47465.9
shape_R2_0,41.731796,21.765349,708,47544.3
shape_R2_0,41.731293,21.765683,709,47606.7
shape_R2_0,41.730531,21.766118,710,47698.8
shape_R2_0,41.729246,21.766837,711,47853.6
shape_R2_0,41.728824,21.767079,712,47904.7
shape_R2_0,41.728466,21.767285,713,47948.0
shape_R2_0,41.728036,21.767514,714,47999.5
shape_R2_0,41.727283,21.767947,715,48090.6
shape_R2_0,41.726533,21.768364,716,48180.9
shape_R2_0,41.725719,21.768823,717,48279.1
shape_R2_0,41.724035,21.769774,718,48482.3
shape_R2_1,41.724035,21.769774,1,0.0
shape_R2_1,41.725719,21.768823,2,203.2
shape_R2_1,41.726533,21.768364,3,301.4
shape_R2_1,41.727283,21.767947,4,391.7
shape_R2_1,41.728036,21.767514,5,482.8
shape_R2_1,41.728466,21.767285,6,534.3
shape_R2_1,41.728824,21.767079,7,577.6
shape_R2_1,41.729246,21.766837,8,628.6
shape_R2_1,41.730531,21.766118,9,783.5
shape_R2_1,41.731293,21.765683,10,875.6
shape_R2_1,41.731796,21.765349,11,938.0
shape_R2_1,41.732395,21.764851,12,1016.4
shape_R2_1,41.732990,21.764252,13,1099.1
shape_R2_1,41.734852,21.762225,14,1365.9
shape_R2_1,41.735528,21.761450,15,1464.8
shape_R2_1,41.736517,21.760279,16,1611.6
shape_R2_1,41.736951,21.759734,17,1677.7
shape_R2_1,41.737244,21.759429,18,1718.9
shape_R2_1,41.737696,21.759078,19,1777.0
shape_R2_1,41.738002,21.758928,20,1813.3
shape_R2_1,41.738476,21.758792,21,1867.2
shape_R2_1,41.739118,21.758671,22,1939.3
shape_R2_1,41.739718,21.758526,23,2007.0
shape_R2_1,41.740292,21.758271,24,2074.3
shape_R2_1,41.740744,21.757976,25,2130.2
shape_R2_1,41.742316,21.756742,26,2332.8
shape_R2_1,41.743661,21.755654,27,2507.5
shape_R2_1,41.746547,21.753320,28,2882.3
shape_R2_1,41.747012,21.752806,29,2949.3
shape_R2_1,41.747353,21.752251,30,3008.9
shape_R2_1,41.747791,21.751410,31,3094.0
shape_R2_1,41.748100,21.750614,32,3168.5
shape_R2_1,41.748699,21.749009,33,3317.3
shape_R2_1,41.749185,21.748134,34,3407.8
shape_R2_1,41.751007,21.745010,35,3736.8
shape_R2_1,41.751805,21.743672,36,3878.9
shape_R2_1,41.752141,21.743102,37,3939.1
shape_R2_1,41.752572,21.742584,38,4003.5
shape_R2_1,41.753425,21.741703,39,4123.3
shape_R2_1,41.757144,21.739400,40,4578.8
shape_R2_1,41.762510,21.736906,41,5210.3
shape_R2_1,41.763217,21.736788,42,5289.5
shape_R2_1,41.763726,21.736760,43,5346.2
shape_R2_1,41.764151,21.736857,44,5394.1
shape_R2_1,41.765144,21.737413,45,5513.8
shape_R2_1,41.766428,21.738115,46,5668.0
shape_R2_1,41.767213,21.738299,47,5756.6
shape_R2_1,41.767801,21.738133,48,5823.4
shape_R2_1,41.768219,21.737915,49,5873.3
shape_R2_1,41.768843,21.737278,50,5960.5
shape_R2_1,41.769251,21.736461,51,6042.0
shape_R2_1,41.769851,21.733899,52,6264.7
shape_R2_1,41.769869,21.733107,53,6330.4
shape_R2_1,41.769359,21.730912,54,6521.1
shape_R2_1,41.769365,21.729989,55,6597.6
shape_R2_1,41.769517,21.729066,56,6676.0
shape_R2_1,41.769799,21.728079,57,6763.7
shape_R2_1,41.770242,21.727052,58,6862.1
shape_R2_1,41.770745,21.726327,59,6944.2
shape_R2_1,41.771383,21.725311,60,7054.3
shape_R2_1,41.771910,21.724617,61,7136.5
shape_R2_1,41.772724,21.723896,62,7244.9
shape_R2_1,41.773959,21.723116,63,7396.7
shape_R2_1,41.774542,21.722590,64,7474.9
shape_R2_1,41.776877,21.718791,65,7883.1
shape_R2_1,41.777543,21.717978,66,7983.3
shape_R2_1,41.777941,21.717586,67,8038.2
shape_R2_1,41.778236,21.717294,68,8078.9
shape_R2_1,41.778510,21.716934,69,8121.6
shape_R2_1,41.778737,21.716590,70,8159.7
shape_R2_1,41.778946,21.716242,71,8196.7
shape_R2_1,41.779070,21.715993,72,8221.6
shape_R2_1,41.779179,21.715811,73,8240.9
shape_R2_1,41.779321,21.715597,74,8264.7
shape_R2_1,41.779598,21.715281,75,8305.1
shape_R2_1,41.779802,21.715055,76,8334.5
shape_R2_1,41.780052,21.714806,77,8369.2
shape_R2_1,41.780300,21.714526,78,8405.2
shape_R2_1,41.780492,21.714280,79,8434.7
shape_R2_1,41.780675,21.713984,80,8466.6
shape_R2_1,41.780828,21.713652,81,8499.0
shape_R2_1,41.780943,21.713343,82,8527.6
shape_R2_1,41.781052,21.712936,83,8563.5
shape_R2_1,41.781108,21.712616,84,8590.7
shape_R2_1,41.781099,21.712169,85,8627.8
shape_R2_1,41.781058,21.711722,86,8665.1
shape_R2_1,41.781002,21.711429,87,8690.2
shape_R2_1,41.780904,21.710911,88,8734.5
shape_R2_1,41.780792,21.710350,89,8782.7
shape_R2_1,41.780698,21.709796,90,8829.8
shape_R2_1,41.780627,21.709286,91,8872.8
shape_R2_1,41.780601,21.708867,92,8907.7
shape_R2_1,41.780598,21.708614,93,8928.7
shape_R2_1,41.780607,21.708428,94,8944.1
shape_R2_1,41.780613,21.708321,95,8953.0
shape_R2_1,41.780651,21.707989,96,8980.9
shape_R2_1,41.780731,21.707617,97,9013.0
shape_R2_1,41.780846,21.707194,98,9050.3
shape_R2_1,41.780938,21.706871,99,9079.0
shape_R2_1,41.781198,21.706230,100,9139.5
shape_R2_1,41.781477,21.705656,101,9196.3
shape_R2_1,41.781839,21.705085,102,9258.4
shape_R2_1,41.782307,21.704468,103,9331.4
shape_R2_1,41.782543,21.704220,104,9364.8
shape_R2_1,41.782790,21.703999,105,9397.8
shape_R2_1,41.783060,21.703776,106,9433.0
shape_R2_1,41.783293,21.703601,107,9462.7
shape_R2_1,41.783545,21.703447,108,9493.5
shape_R2_1,41.783644,21.703395,109,9505.3
shape_R2_1,41.784031,21.703215,110,9550.9
shape_R2_1,41.784267,21.703133,111,9578.0
shape_R2_1,41.785284,21.702833,112,9693.8
shape_R2_1,41.785554,21.702748,113,9724.6
shape_R2_1,41.785806,21.702670,114,9753.4
shape_R2_1,41.786154,21.702574,115,9792.9
shape_R2_1,41.786392,21.702496,116,9820.1
shape_R2_1,41.786671,21.702403,117,9852.1
shape_R2_1,41.787025,21.702266,118,9893.1
shape_R2_1,41.787283,21.702156,119,9923.2
shape_R2_1,41.787630,21.701988,120,9964.2
shape_R2_1,41.788047,21.701777,121,10013.8
shape_R2_1,41.788312,21.701642,122,10045.3
shape_R2_1,41.788381,21.701607,123,10053.5
shape_R2_1,41.788574,21.701510,124,10076.4
shape_R2_1,41.788808,21.701385,125,10104.4
shape_R2_1,41.789181,21.701175,126,10149.4
shape_R2_1,41.789379,21.701037,127,10174.2
shape_R2_1,41.789646,21.700831,128,10208.4
shape_R2_1,41.789989,21.700521,129,10254.4
shape_R2_1,41.790283,21.700230,130,10295.1
shape_R2_1,41.790503,21.699983,131,10327.0
shape_R2_1,41.790761,21.699654,132,10366.6
shape_R2_1,41.791035,21.699294,133,10409.2
shape_R2_1,41.791224,21.699030,134,10439.5
shape_R2_1,41.791398,21.698759,135,10469.2
shape_R2_1,41.791560,21.698479,136,10498.6
shape_R2_1,41.791666,21.698294,137,10517.9
shape_R2_1,41.792023,21.697675,138,10582.8
shape_R2_1,41.792598,21.696817,139,10678.4
shape_R2_1,41.793072,21.696199,140,10751.9
shape_R2_1,41.793411,21.695856,141,10799.2
shape_R2_1,41.793911,21.695469,142,10863.4
shape_R2_1,41.795938,21.694278,143,11109.4
shape_R2_1,41.796510,21.693950,144,11178.6
shape_R2_1,41.797069,21.693727,145,11243.4
shape_R2_1,41.797856,21.693567,146,11332.0
shape_R2_1,41.798935,21.693427,147,11452.5
shape_R2_1,41.799483,21.693261,148,11515.0
shape_R2_1,41.799923,21.693056,149,11566.8
shape_R2_1,41.800334,21.692733,150,11619.7
shape_R2_1,41.800702,21.692334,151,11672.3
shape_R2_1,41.801027,21.691839,152,11727.0
shape_R2_1,41.801229,21.691423,153,11768.2
shape_R2_1,41.801432,21.690819,154,11823.1
shape_R2_1,41.801572,21.690206,155,11876.2
shape_R2_1,41.803027,21.681869,156,12586.0
shape_R2_1,41.803061,21.681673,157,12602.7
shape_R2_1,41.803369,21.679908,158,12752.9
shape_R2_1,41.803533,21.679184,159,12815.6
shape_R2_1,41.803685,21.678603,160,12866.7
shape_R2_1,41.803874,21.678112,161,12912.5
shape_R2_1,41.804078,21.677661,162,12956.2
shape_R2_1,41.804404,21.677050,163,13018.5
shape_R2_1,41.804833,21.676604,164,13078.8
shape_R2_1,41.805332,21.676175,165,13144.7
shape_R2_1,41.805811,21.675728,166,13209.6
shape_R2_1,41.806291,21.675213,167,13278.0
shape_R2_1,41.806688,21.674758,168,13336.0
shape_R2_1,41.807072,21.674183,169,13400.0
shape_R2_1,41.807507,21.673531,170,13472.5
shape_R2_1,41.807928,21.672953,171,13539.5
shape_R2_1,41.808704,21.672122,172,13649.9
shape_R2_1,41.810208,21.671052,173,13839.2
shape_R2_1,41.813245,21.669073,174,14214.6
shape_R2_1,41.813600,21.668852,175,14258.1
shape_R2_1,41.813889,21.668726,176,14291.9
shape_R2_1,41.814089,21.668657,177,14314.9
shape_R2_1,41.814179,21.668632,178,14325.1
shape_R2_1,41.814393,21.668585,179,14349.2
shape_R2_1,41.814621,21.668554,180,14374.7
shape_R2_1,41.814875,21.668543,181,14403.0
shape_R2_1,41.815131,21.668558,182,14431.5
shape_R2_1,41.815378,21.668583,183,14459.0
shape_R2_1,41.816191,21.668691,184,14549.9
shape_R2_1,41.816408,21.668725,185,14574.1
shape_R2_1,41.816659,21.668780,186,14602.4
shape_R2_1,41.816879,21.668843,187,14627.4
shape_R2_1,41.817112,21.668934,188,14654.4
shape_R2_1,41.817351,21.669056,189,14682.9
shape_R2_1,41.817586,21.669160,190,14710.4
shape_R2_1,41.817764,21.669279,191,14732.5
shape_R2_1,41.817860,21.669350,192,14744.7
shape_R2_1,41.818048,21.669507,193,14769.3
shape_R2_1,41.818236,21.669681,194,14794.7
shape_R2_1,41.818542,21.669987,195,14837.1
shape_R2_1,41.818599,21.670048,196,14845.2
shape_R2_1,41.818658,21.670111,197,14853.6
shape_R2_1,41.819052,21.670475,198,14906.8
shape_R2_1,41.819582,21.671059,199,14983.1
shape_R2_1,41.819663,21.671134,200,14994.0
shape_R2_1,41.819871,21.671337,201,15022.6
shape_R2_1,41.820305,21.671788,202,15083.6
shape_R2_1,41.820583,21.672016,203,15119.9
shape_R2_1,41.820809,21.672218,204,15150.1
shape_R2_1,41.821166,21.672490,205,15195.7
shape_R2_1,41.821309,21.672614,206,15214.7
shape_R2_1,41.821391,21.672680,207,15225.3
shape_R2_1,41.822133,21.673342,208,15324.4
shape_R2_1,41.822524,21.673634,209,15374.1
shape_R2_1,41.822769,21.673849,210,15406.7
shape_R2_1,41.822935,21.673998,211,15428.9
shape_R2_1,41.823119,21.674194,212,15455.0
shape_R2_1,41.823328,21.674430,213,15485.4
shape_R2_1,41.823507,21.674642,214,15511.9
shape_R2_1,41.823693,21.674869,215,15539.9
shape_R2_1,41.823925,21.675157,216,15575.0
shape_R2_1,41.824120,21.675460,217,15608.2
shape_R2_1,41.824325,21.675795,218,15644.1
shape_R2_1,41.824591,21.676292,219,15694.8
shape_R2_1,41.824764,21.676608,220,15727.3
shape_R2_1,41.825775,21.678461,221,15917.6
shape_R2_1,41.825938,21.678732,222,15946.5
shape_R2_1,41.826088,21.678960,223,15971.7
shape_R2_1,41.826288,21.679212,224,16002.2
shape_R2_1,41.826482,21.679400,225,16028.8
shape_R2_1,41.826736,21.679599,226,16061.5
shape_R2_1,41.827034,21.679762,227,16097.3
shape_R2_1,41.827335,21.679869,228,16131.9
shape_R2_1,41.827653,21.679942,229,16167.8
shape_R2_1,41.827991,21.679942,230,16205.3
shape_R2_1,41.828313,21.679893,231,16241.4
shape_R2_1,41.828641,21.679797,232,16278.7
shape_R2_1,41.828966,21.679636,233,16317.2
shape_R2_1,41.829248,21.679424,234,16353.2
shape_R2_1,41.829612,21.679046,235,16404.3
shape_R2_1,41.829856,21.678729,236,16442.1
shape_R2_1,41.830399,21.678040,237,16525.2
shape_R2_1,41.830599,21.677809,238,16554.5
shape_R2_1,41.830843,21.677560,239,16588.6
shape_R2_1,41.831173,21.677292,240,16631.5
shape_R2_1,41.831443,21.677074,241,16666.6
shape_R2_1,41.831652,21.676906,242,16693.6
shape_R2_1,41.831880,21.676720,243,16723.3
shape_R2_1,41.832074,21.676535,244,16749.8
shape_R2_1,41.832314,21.676270,245,16784.3
shape_R2_1,41.832551,21.675888,246,16825.5
shape_R2_1,41.832729,21.675500,247,16863.3
shape_R2_1,41.832890,21.674952,248,16912.1
shape_R2_1,41.832982,21.674444,249,16955.4
shape_R2_1,41.833002,21.673891,250,17001.3
shape_R2_1,41.832972,21.673375,251,17044.1
shape_R2_1,41.832897,21.672945,252,17080.7
shape_R2_1,41.832732,21.672407,253,17128.9
shape_R2_1,41.832608,21.672080,254,17159.3
shape_R2_1,41.832442,21.671699,255,17195.9
shape_R2_1,41.832269,21.671279,256,17235.7
shape_R2_1,41.832082,21.670786,257,17281.5
shape_R2_1,41.831953,21.670370,258,17318.8
shape_R2_1,41.831855,21.669793,259,17367.9
shape_R2_1,41.831781,21.669152,260,17421.6
shape_R2_1,41.831611,21.668055,261,17514.4
shape_R2_1,41.831550,21.667484,262,17562.2
shape_R2_1,41.831517,21.666886,263,17611.9
shape_R2_1,41.831542,21.666304,264,17660.2
shape_R2_1,41.831725,21.663962,265,17855.3
shape_R2_1,41.831757,21.663407,266,17901.4
shape_R2_1,41.831747,21.662860,267,17946.8
shape_R2_1,41.831681,21.662355,268,17989.2
shape_R2_1,41.831559,21.661843,269,18033.8
shape_R2_1,41.831392,21.661398,270,18075.1
shape_R2_1,41.831218,21.661063,271,18108.9
shape_R2_1,41.830930,21.660647,272,18155.9
shape_R2_1,41.830634,21.660317,273,18198.7
shape_R2_1,41.830256,21.660038,274,18246.7
shape_R2_1,41.829171,21.659335,275,18380.7
shape_R2_1,41.828895,21.659105,276,18416.8
shape_R2_1,41.828660,21.658852,277,18450.3
shape_R2_1,41.828414,21.658517,278,18489.3
shape_R2_1,41.828212,21.658123,279,18528.9
shape_R2_1,41.828088,21.657742,280,18563.3
shape_R2_1,41.828002,21.657315,281,18600.0
shape_R2_1,41.827954,21.656830,282,18640.5
shape_R2_1,41.827924,21.656353,283,18680.2
shape_R2_1,41.827946,21.655873,284,18720.0
shape_R2_1,41.828030,21.655296,285,18768.7
shape_R2_1,41.828244,21.654108,286,18870.0
shape_R2_1,41.828310,21.653641,287,18909.4
shape_R2_1,41.828366,21.653155,288,18950.1
shape_R2_1,41.828394,21.652597,289,18996.5
shape_R2_1,41.828386,21.652023,290,19044.1
shape_R2_1,41.828318,21.651554,291,19083.6
shape_R2_1,41.828202,21.651074,292,19125.5
shape_R2_1,41.828072,21.650669,293,19162.0
shape_R2_1,41.827920,21.650328,294,19194.9
shape_R2_1,41.827666,21.649915,295,19239.3
shape_R2_1,41.827091,21.649097,296,19332.5
shape_R2_1,41.826827,21.648655,297,19379.4
shape_R2_1,41.826661,21.648274,298,19416.0
shape_R2_1,41.826525,21.647743,299,19462.5
shape_R2_1,41.826465,21.647257,300,19503.3
shape_R2_1,41.826445,21.646745,301,19545.8
shape_R2_1,41.826489,21.646112,302,19598.5
shape_R2_1,41.826619,21.645573,303,19645.4
shape_R2_1,41.826795,21.645141,304,19686.2
shape_R2_1,41.826972,21.644780,305,19722.0
shape_R2_1,41.827506,21.643926,306,19814.4
shape_R2_1,41.827912,21.643199,307,19889.7
shape_R2_1,41.828185,21.642752,308,19937.6
shape_R2_1,41.828481,21.642388,309,19982.2
shape_R2_1,41.828847,21.641886,310,20040.4
shape_R2_1,41.829240,21.641464,311,20096.4
shape_R2_1,41.829597,21.641135,312,20144.5
shape_R2_1,41.829971,21.640871,313,20191.5
shape_R2_1,41.830391,21.640681,314,20240.8
shape_R2_1,41.831906,21.640128,315,20415.4
shape_R2_1,41.832159,21.639986,316,20445.9
shape_R2_1,41.832413,21.639816,317,20477.4
shape_R2_1,41.832742,21.639556,318,20519.9
shape_R2_1,41.832948,21.639333,319,20549.3
shape_R2_1,41.833337,21.638972,320,20601.9
shape_R2_1,41.833668,21.638624,321,20648.6
shape_R2_1,41.834095,21.638068,322,20714.8
shape_R2_1,41.834525,21.637367,323,20790.0
shape_R2_1,41.834844,21.636625,324,20861.0
shape_R2_1,41.835212,21.635347,325,20974.5
shape_R2_1,41.835613,21.634506,326,21057.2
shape_R2_1,41.836000,21.633790,327,21130.5
shape_R2_1,41.836508,21.633064,328,21213.0
shape_R2_1,41.836973,21.632538,329,21280.6
shape_R2_1,41.837556,21.631949,330,21361.8
shape_R2_1,41.838421,21.631378,331,21469.0
shape_R2_1,41.839002,21.631255,332,21534.4
shape_R2_1,41.839536,21.631328,333,21594.1
shape_R2_1,41.840329,21.631563,334,21684.4
shape_R2_1,41.841022,21.631773,335,21763.4
shape_R2_1,41.841328,21.631872,336,21798.4
shape_R2_1,41.841514,21.631864,337,21819.0
shape_R2_1,41.841972,21.631669,338,21872.5
shape_R2_1,41.843025,21.630989,339,22002.4
shape_R2_1,41.843223,21.630857,340,22027.0
shape_R2_1,41.843503,21.630507,341,22069.5
shape_R2_1,41.844051,21.629840,342,22151.8
shape_R2_1,41.844217,21.629638,343,22176.7
shape_R2_1,41.845525,21.628111,344,22369.5
shape_R2_1,41.847407,21.625943,345,22645.2
shape_R2_1,41.848220,21.625000,346,22764.7
shape_R2_1,41.848872,21.624244,347,22860.5
shape_R2_1,41.850548,21.622335,348,23104.9
shape_R2_1,41.850984,21.621728,349,23174.7
shape_R2_1,41.851604,21.620917,350,23271.0
shape_R2_1,41.852106,21.620313,351,23345.9
shape_R2_1,41.852549,21.619885,352,23406.6
shape_R2_1,41.853055,21.619488,353,23471.8
shape_R2_1,41.853694,21.619145,354,23548.3
shape_R2_1,41.854345,21.618876,355,23624.1
shape_R2_1,41.854998,21.618736,356,23697.6
shape_R2_1,41.855453,21.618715,357,23748.2
shape_R2_1,41.855589,21.618709,358,23763.3
shape_R2_1,41.856124,21.618734,359,23822.9
shape_R2_1,41.856588,21.618773,360,23874.6
shape_R2_1,41.857204,21.618876,361,23943.6
shape_R2_1,41.857968,21.619023,362,24029.4
shape_R2_1,41.858633,21.619120,363,24103.8
shape_R2_1,41.859171,21.619209,364,24164.1
shape_R2_1,41.859631,21.619249,365,24215.3
shape_R2_1,41.860109,21.619210,366,24268.6
shape_R2_1,41.860541,21.619087,367,24317.7
shape_R2_1,41.860917,21.618912,368,24361.9
shape_R2_1,41.861331,21.618670,369,24412.1
shape_R2_1,41.861696,21.618306,370,24462.7
shape_R2_1,41.862056,21.617888,371,24515.6
shape_R2_1,41.862427,21.617273,372,24581.2
shape_R2_1,41.862824,21.616553,373,24655.3
shape_R2_1,41.863132,21.616055,374,24708.9
shape_R2_1,41.863417,21.615636,375,24755.9
shape_R2_1,41.863788,21.615234,376,24808.9
shape_R2_1,41.864147,21.614954,377,24855.1
shape_R2_1,41.864543,21.614727,378,24903.0
shape_R2_1,41.864969,21.614580,379,24951.9
shape_R2_1,41.865428,21.614494,380,25003.4
shape_R2_1,41.865924,21.614525,381,25058.6
shape_R2_1,41.866388,21.614634,382,25111.0
shape_R2_1,41.866871,21.614772,383,25165.9
shape_R2_1,41.867288,21.614890,384,25213.3
shape_R2_1,41.867674,21.614964,385,25256.7
shape_R2_1,41.868052,21.614977,386,25298.7
shape_R2_1,41.868432,21.614903,387,25341.4
shape_R2_1,41.868831,21.614765,388,25387.2
shape_R2_1,41.869237,21.614507,389,25437.2
shape_R2_1,41.869541,21.614241,390,25477.5
shape_R2_1,41.869819,21.613961,391,25516.2
shape_R2_1,41.870149,21.613490,392,25569.7
shape_R2_1,41.870429,21.612696,393,25642.5
shape_R2_1,41.870624,21.611747,394,25724.0
shape_R2_1,41.870655,21.610819,395,25800.9
shape_R2_1,41.870673,21.610366,396,25838.5
shape_R2_1,41.870694,21.609820,397,25883.7
shape_R2_1,41.870742,21.609024,398,25949.8
shape_R2_1,41.870852,21.608367,399,26005.6
shape_R2_1,41.871038,21.607619,400,26070.9
shape_R2_1,41.871179,21.607224,401,26107.2
shape_R2_1,41.871334,21.606841,402,26143.3
shape_R2_1,41.872287,21.604978,403,26330.4
shape_R2_1,41.872675,21.604218,404,26406.7
shape_R2_1,41.873068,21.603439,405,26484.6
shape_R2_1,41.873222,21.603115,406,26516.4
shape_R2_1,41.873388,21.602716,407,26554.3
shape_R2_1,41.873566,21.602177,408,26603.1
shape_R2_1,41.873804,21.601226,409,26686.2
shape_R2_1,41.873929,21.600746,410,26728.3
shape_R2_1,41.874072,21.600205,411,26775.8
shape_R2_1,41.874355,21.599417,412,26848.3
shape_R2_1,41.874701,21.598758,413,26915.0
shape_R2_1,41.875103,21.598253,414,26976.2
shape_R2_1,41.875641,21.597798,415,27046.9
shape_R2_1,41.876427,21.597432,416,27139.4
shape_R2_1,41.877004,21.597344,417,27204.0
shape_R2_1,41.877891,21.597387,418,27302.7
shape_R2_1,41.878481,21.597411,419,27368.3
shape_R2_1,41.879069,21.597451,420,27433.8
shape_R2_1,41.879623,21.597403,421,27495.5
shape_R2_1,41.880176,21.597237,422,27558.5
shape_R2_1,41.880663,21.596981,423,27616.7
shape_R2_1,41.880735,21.596933,424,27625.6
shape_R2_1,41.881041,21.596727,425,27663.7
shape_R2_1,41.881383,21.596341,426,27713.4
shape_R2_1,41.881759,21.595914,427,27768.1
shape_R2_1,41.882061,21.595385,428,27823.3
shape_R2_1,41.882461,21.594497,429,27909.2
shape_R2_1,41.883652,21.590542,430,28262.4
shape_R2_1,41.883794,21.590172,431,28296.9
shape_R2_1,41.883935,21.589863,432,28326.9
shape_R2_1,41.884031,21.589678,433,28345.5
shape_R2_1,41.884271,21.589270,434,28388.6
shape_R2_1,41.884534,21.588940,435,28428.6
shape_R2_1,41.884858,21.588592,436,28474.7
shape_R2_1,41.885181,21.588324,437,28516.9
shape_R2_1,41.885529,21.588090,438,28560.2
shape_R2_1,41.885818,21.587932,439,28594.9
shape_R2_1,41.886110,21.587814,440,28628.8
shape_R2_1,41.886173,21.587798,441,28635.9
shape_R2_1,41.886376,21.587749,442,28658.9
shape_R2_1,41.886701,21.587701,443,28695.2
shape_R2_1,41.886992,21.587688,444,28727.6
shape_R2_1,41.887272,21.587704,445,28758.8
shape_R2_1,41.887587,21.587744,446,28794.0
shape_R2_1,41.887823,21.587782,447,28820.4
shape_R2_1,41.889582,21.588190,448,29018.9
shape_R2_1,41.889985,21.588324,449,29065.0
shape_R2_1,41.890141,21.588389,450,29083.2
shape_R2_1,41.890373,21.588487,451,29110.2
shape_R2_1,41.890732,21.588688,452,29153.5
shape_R2_1,41.891024,21.588908,453,29190.7
shape_R2_1,41.891363,21.589209,454,29235.9
shape_R2_1,41.891653,21.589504,455,29276.3
shape_R2_1,41.892048,21.589992,456,29336.0
shape_R2_1,41.892252,21.590319,457,29371.3
shape_R2_1,41.892525,21.590802,458,29421.5
shape_R2_1,41.892741,21.591293,459,29468.7
shape_R2_1,41.892901,21.591754,460,29510.8
shape_R2_1,41.893054,21.592331,461,29561.5
shape_R2_1,41.893163,21.592921,462,29611.9
shape_R2_1,41.893246,21.593561,463,29665.6
shape_R2_1,41.893284,21.594020,464,29703.9
shape_R2_1,41.893311,21.594475,465,29741.6
shape_R2_1,41.893449,21.596491,466,29909.2
shape_R2_1,41.893529,21.597247,467,29972.4
shape_R2_1,41.893637,21.597828,468,30022.0
shape_R2_1,41.893723,21.598184,469,30053.0
shape_R2_1,41.893859,21.598651,470,30094.5
shape_R2_1,41.893970,21.598965,471,30123.2
shape_R2_1,41.895047,21.602134,472,30411.6
shape_R2_1,41.895208,21.602576,473,30452.3
shape_R2_1,41.895380,21.602991,474,30491.6
shape_R2_1,41.895535,21.603315,475,30523.5
shape_R2_1,41.895757,21.603704,476,30564.1
shape_R2_1,41.895975,21.604016,477,30599.5
shape_R2_1,41.896221,21.604316,478,30636.4
shape_R2_1,41.896502,21.604592,479,30675.2
shape_R2_1,41.896849,21.604858,480,30719.6
shape_R2_1,41.897177,21.605060,481,30759.7
shape_R2_1,41.897454,21.605187,482,30792.2
shape_R2_1,41.897769,21.605298,483,30828.5
shape_R2_1,41.898003,21.605349,484,30854.8
shape_R2_1,41.898232,21.605378,485,30880.4
shape_R2_1,41.898436,21.605385,486,30903.1
shape_R2_1,41.898598,21.605380,487,30921.1
shape_R2_1,41.898762,21.605378,488,30939.3
shape_R2_1,41.898991,21.605346,489,30964.9
shape_R2_1,41.899237,21.605282,490,30992.8
shape_R2_1,41.899423,21.605224,491,31014.0
shape_R2_1,41.899639,21.605142,492,31039.0
shape_R2_1,41.899861,21.605030,493,31065.4
shape_R2_1,41.900009,21.604943,494,31083.3
shape_R2_1,41.900134,21.604857,495,31098.9
shape_R2_1,41.900392,21.604662,496,31131.9
shape_R2_1,41.900654,21.604417,497,31167.3
shape_R2_1,41.900962,21.604070,498,31212.0
shape_R2_1,41.901219,21.603736,499,31251.8
shape_R2_1,41.901435,21.603431,500,31286.6
shape_R2_1,41.903779,21.600178,501,31661.4
shape_R2_1,41.903904,21.599981,502,31682.8
shape_R2_1,41.904137,21.599624,503,31722.1
shape_R2_1,41.904330,21.599314,504,31755.5
shape_R2_1,41.904469,21.599057,505,31781.8
shape_R2_1,41.904635,21.598748,506,31813.4
shape_R2_1,41.904824,21.598383,507,31850.2
shape_R2_1,41.905162,21.597766,508,31913.6
shape_R2_1,41.905427,21.597198,509,31969.0
shape_R2_1,41.905530,21.596958,510,31992.0
shape_R2_1,41.906060,21.595905,511,32097.2
shape_R2_1,41.906423,21.595241,512,32165.3
shape_R2_1,41.906752,21.594703,513,32223.0
shape_R2_1,41.907089,21.594175,514,32280.5
shape_R2_1,41.907366,21.593748,515,32327.4
shape_R2_1,41.907873,21.592967,516,32413.2
shape_R2_1,41.908419,21.592073,517,32508.9
shape_R2_1,41.909034,21.591128,518,32612.8
shape_R2_1,41.909484,21.590364,519,32693.4
shape_R2_1,41.909931,21.589574,520,32775.5
shape_R2_1,41.910031,21.589388,521,32794.5
shape_R2_1,41.910718,21.588124,522,32924.0
shape_R2_1,41.911216,21.587215,523,33017.4
shape_R2_1,41.911600,21.586528,524,33088.5
shape_R2_1,41.912079,21.585670,525,33177.3
shape_R2_1,41.912494,21.584863,526,33258.5
shape_R2_1,41.912781,21.584176,527,33323.6
shape_R2_1,41.913069,21.583421,528,33393.8
shape_R2_1,41.913516,21.582090,529,33514.7
shape_R2_1,41.913886,21.580975,530,33615.7
shape_R2_1,41.914122,21.580159,531,33688.1
shape_R2_1,41.914346,21.579515,532,33747.0
shape_R2_1,41.914665,21.578872,533,33810.9
shape_R2_1,41.914998,21.578357,534,33867.4
shape_R2_1,41.915400,21.577713,535,33936.9
shape_R2_1,41.915828,21.576915,536,34018.3
shape_R2_1,41.916071,21.576383,537,34070.0
shape_R2_1,41.916326,21.575696,538,34133.5
shape_R2_1,41.916518,21.575009,539,34194.2
shape_R2_1,41.917223,21.572005,540,34454.8
shape_R2_1,41.917304,21.571664,541,34484.4
shape_R2_1,41.917403,21.571274,542,34518.5
shape_R2_1,41.917487,21.570981,543,34544.5
shape_R2_1,41.917631,21.570519,544,34586.0
shape_R2_1,41.917761,21.570140,545,34620.5
shape_R2_1,41.917878,21.569841,546,34648.4
shape_R2_1,41.918005,21.569557,547,34675.9
shape_R2_1,41.918107,21.569355,548,34696.1
shape_R2_1,41.918229,21.569107,549,34720.7
shape_R2_1,41.918383,21.568852,550,34747.8
shape_R2_1,41.918536,21.568588,551,34775.5
shape_R2_1,41.918725,21.568312,552,34806.6
shape_R2_1,41.918897,21.568055,553,34835.2
shape_R2_1,41.919105,21.567787,554,34867.2
shape_R2_1,41.919307,21.567545,555,34897.3
shape_R2_1,41.919541,21.567280,556,34931.3
shape_R2_1,41.920864,21.565883,557,35118.4
shape_R2_1,41.920953,21.565789,558,35131.0
shape_R2_1,41.922074,21.564605,559,35289.5
shape_R2_1,41.922370,21.564262,560,35333.0
shape_R2_1,41.922613,21.563978,561,35368.8
shape_R2_1,41.922883,21.563616,562,35411.2
shape_R2_1,41.923144,21.563241,563,35453.7
shape_R2_1,41.923372,21.562889,564,35492.3
shape_R2_1,41.923552,21.562580,565,35524.8
shape_R2_1,41.923722,21.562289,566,35555.4
shape_R2_1,41.925871,21.558297,567,35963.0
shape_R2_1,41.930153,21.550357,568,36774.3
shape_R2_1,41.930482,21.549775,569,36834.7
shape_R2_1,41.930501,21.549742,570,36838.2
shape_R2_1,41.930554,21.549644,571,36848.2
shape_R2_1,41.930779,21.549270,572,36888.0
shape_R2_1,41.931031,21.548878,573,36930.9
shape_R2_1,41.936706,21.540059,574,37895.4
shape_R2_1,41.937063,21.539504,575,37956.1
shape_R2_1,41.937101,21.539439,576,37963.0
shape_R2_1,41.937141,21.539377,577,37969.7
shape_R2_1,41.937174,21.539325,578,37975.4
shape_R2_1,41.937237,21.539227,579,37986.1
shape_R2_1,41.937576,21.538698,580,38043.9
shape_R2_1,41.937950,21.538118,581,38107.4
shape_R2_1,41.939527,21.535663,582,38375.7
shape_R2_1,41.939577,21.535584,583,38384.2
shape_R2_1,41.939892,21.535094,584,38437.8
shape_R2_1,41.940119,21.534741,585,38476.4
shape_R2_1,41.942271,21.531390,586,38842.6
shape_R2_1,41.942437,21.531139,587,38870.3
shape_R2_1,41.942777,21.530609,588,38928.2
shape_R2_1,41.942791,21.530586,589,38930.7
shape_R2_1,41.942825,21.530530,590,38936.7
shape_R2_1,41.942863,21.530469,591,38943.2
shape_R2_1,41.943519,21.529439,592,39055.4
shape_R2_1,41.943715,21.529134,593,39088.7
shape_R2_1,41.943880,21.528865,594,39117.6
shape_R2_1,41.944018,21.528618,595,39143.1
shape_R2_1,41.944157,21.528353,596,39169.9
shape_R2_1,41.944290,21.528106,597,39195.2
shape_R2_1,41.944390,21.527912,598,39214.7
shape_R2_1,41.944502,21.527681,599,39237.5
shape_R2_1,41.946583,21.523198,600,39674.5
shape_R2_1,41.949496,21.516962,601,40283.5
shape_R2_1,41.951832,21.511959,602,40772.1
shape_R2_1,41.956262,21.502474,603,41698.3
shape_R2_1,41.959281,21.496009,604,42329.5
shape_R2_1,41.959437,21.495673,605,42362.3
shape_R2_1,41.959532,21.495469,606,42382.2
shape_R2_1,41.963780,21.486332,607,43273.2
shape_R2_1,41.964646,21.484476,608,43454.3
shape_R2_1,41.964742,21.484275,609,43474.1
shape_R2_1,41.964805,21.484137,610,43487.5
shape_R2_1,41.965390,21.482882,611,43609.9
shape_R2_1,41.967257,21.478881,612,44000.5
shape_R2_1,41.968147,21.476947,613,44188.5
shape_R2_1,41.968691,21.475754,614,44304.2
shape_R2_1,41.968971,21.475139,615,44363.8
shape_R2_1,41.969781,21.473399,616,44533.6
shape_R2_1,41.969829,21.473301,617,44543.3
shape_R2_1,41.969943,21.473059,618,44567.0
shape_R2_1,41.970374,21.472132,619,44657.3
shape_R2_1,41.970625,21.471580,620,44710.8
shape_R2_1,41.971254,21.470236,621,44842.1
shape_R2_1,41.971711,21.469245,622,44938.5
shape_R2_1,41.973213,21.466032,623,45252.3
shape_R2_1,41.973392,21.465649,624,45289.7
shape_R2_1,41.973600,21.465184,625,45334.6
shape_R2_1,41.973795,21.464731,626,45377.8
shape_R2_1,41.973921,21.464432,627,45406.2
shape_R2_1,41.974085,21.464013,628,45445.4
shape_R2_1,41.974178,21.463769,629,45468.1
shape_R2_1,41.974300,21.463439,630,45498.5
shape_R2_1,41.974443,21.463053,631,45534.2
shape_R2_1,41.974593,21.462630,632,45572.9
shape_R2_1,41.974724,21.462273,633,45605.8
shape_R2_1,41.974794,21.462083,634,45623.4
shape_R2_1,41.975058,21.461368,635,45689.4
shape_R2_1,41.975338,21.460576,636,45761.8
shape_R2_1,41.975890,21.459075,637,45900.3
shape_R2_1,41.976113,21.458475,638,45955.7
shape_R2_1,41.976201,21.458241,639,45977.4
shape_R2_1,41.976347,21.457875,640,46011.7
shape_R2_1,41.976530,21.457424,641,46054.2
shape_R2_1,41.976779,21.456850,642,46109.2
shape_R2_1,41.976987,21.456400,643,46153.0
shape_R2_1,41.977250,21.455833,644,46208.2
shape_R2_1,41.977648,21.454968,645,46292.3
shape_R2_1,41.978222,21.453736,646,46412.5
shape_R2_1,41.978636,21.452851,647,46498.9
shape_R2_1,41.978835,21.452412,648,46541.4
shape_R2_1,41.978972,21.452129,649,46569.3
shape_R2_1,41.979246,21.451528,650,46627.6
shape_R2_1,41.979423,21.451152,651,46664.4
shape_R2_1,41.979703,21.450555,652,46722.8
shape_R2_1,41.980046,21.449824,653,46794.2
shape_R2_1,41.980340,21.449183,654,46856.5
shape_R2_1,41.981078,21.447593,655,47011.4
shape_R2_1,41.981528,21.446630,656,47105.4
shape_R2_1,41.981653,21.446357,657,47131.9
shape_R2_1,41.981920,21.445774,658,47188.5
shape_R2_1,41.982311,21.444933,659,47270.5
shape_R2_1,41.982563,21.444343,660,47326.8
shape_R2_1,41.982666,21.444133,661,47347.6
shape_R2_1,41.982733,21.444001,662,47360.8
shape_R2_1,41.982853,21.443778,663,47383.5
shape_R2_1,41.982944,21.443623,664,47399.9
shape_R2_1,41.982994,21.443542,665,47408.6
shape_R2_1,41.983094,21.443393,666,47425.2
shape_R2_1,41.983217,21.443227,667,47444.5
shape_R2_1,41.983401,21.442984,668,47473.2
shape_R2_1,41.983574,21.442780,669,47498.8
shape_R2_1,41.983786,21.442536,670,47529.8
shape_R2_1,41.984246,21.442035,671,47595.6
shape_R2_1,41.984371,21.441918,672,47612.5
shape_R2_1,41.984488,21.441823,673,47627.7
shape_R2_1,41.984594,21.441740,674,47641.4
shape_R2_1,41.984766,21.441624,675,47662.8
shape_R2_1,41.984930,21.441529,676,47682.6
shape_R2_1,41.985036,21.441481,677,47695.1
shape_R2_1,41.985195,21.441421,678,47713.4
shape_R2_1,41.985361,21.441369,679,47732.4
shape_R2_1,41.985512,21.441333,680,47749.4
shape_R2_1,41.985622,21.441316,681,47761.7
shape_R2_1,41.985773,21.441303,682,47778.6
shape_R2_1,41.985911,21.441298,683,47793.9
shape_R2_1,41.986025,21.441305,684,47806.6
shape_R2_1,41.986137,21.441315,685,47819.1
shape_R2_1,41.986259,21.441332,686,47832.7
shape_R2_1,41.986395,21.441365,687,47848.1
shape_R2_1,41.986537,21.441411,688,47864.3
shape_R2_1,41.986671,21.441456,689,47879.7
shape_R2_1,41.986819,21.441524,690,47897.1
shape_R2_1,41.986926,21.441582,691,47909.9
shape_R2_1,41.987063,21.441662,692,47926.5
shape_R2_1,41.987149,21.441719,693,47937.2
shape_R2_1,41.987225,21.441775,694,47946.8
shape_R2_1,41.987307,21.441840,695,47957.4
shape_R2_1,41.987356,21.441880,696,47963.8
shape_R2_1,41.987435,21.441952,697,47974.4
shape_R2_1,41.987503,21.442015,698,47983.6
shape_R2_1,41.987591,21.442107,699,47995.9
shape_R2_1,41.987690,21.442219,700,48010.3
shape_R2_1,41.987998,21.442564,701,48054.9
shape_R2_1,41.988060,21.442640,702,48064.2
shape_R2_1,41.988090,21.442680,703,48068.9
shape_R2_1,41.988119,21.442720,704,48073.5
shape_R2_1,41.988195,21.442826,705,48085.7
shape_R2_1,41.988264,21.442922,706,48096.7
shape_R2_1,41.988297,21.442968,707,48102.0
shape_R2_1,41.988332,21.443012,708,48107.4
shape_R2_1,41.988403,21.443097,709,48117.9
shape_R2_1,41.988572,21.443281,710,48142.1
shape_R2_1,41.988854,21.443586,711,48182.3
shape_R2_1,41.989118,21.443869,712,48219.9
shape_R2_1,41.989275,21.444032,713,48241.9
shape_R2_1,41.989433,21.444195,714,48264.1
shape_R2_1,41.989525,21.444290,715,48277.0
shape_R2_1,41.989623,21.444390,716,48290.6
shape_R2_1,41.989697,21.444469,717,48301.1
shape_R2_1,41.990965,21.445845,718,48482.3
shape_R3_0,41.990965,21.445845,1,0.0
shape_R3_0,41.989697,21.444469,2,181.1
shape_R3_0,41.989623,21.444390,3,191.6
shape_R3_0,41.989525,21.444290,4,205.3
shape_R3_0,41.989433,21.444195,5,218.2
shape_R3_0,41.989275,21.444032,6,240.4
shape_R3_0,41.989118,21.443869,7,262.4
shape_R3_0,41.988854,21.443586,8,299.9
shape_R3_0,41.988572,21.443281,9,340.2
shape_R3_0,41.988403,21.443097,10,364.3
shape_R3_0,41.988332,21.443012,11,374.9
shape_R3_0,41.988297,21.442968,12,380.2
shape_R3_0,41.988264,21.442922,13,385.5
shape_R3_0,41.988195,21.442826,14,396.6
shape_R3_0,41.988119,21.442720,15,408.7
shape_R3_0,41.988090,21.442680,16,413.4
shape_R3_0,41.988060,21.442640,17,418.1
shape_R3_0,41.987998,21.442564,18,427.4
shape_R3_0,41.987690,21.442219,19,471.9
shape_R3_0,41.987591,21.442107,20,486.3
shape_R3_0,41.987503,21.442015,21,498.7
shape_R3_0,41.987435,21.441952,22,507.9
shape_R3_0,41.987356,21.441880,23,518.5
shape_R3_0,41.987307,21.441840,24,524.9
shape_R3_0,41.987225,21.441775,25,535.5
shape_R3_0,41.987149,21.441719,26,545.1
shape_R3_0,41.987063,21.441662,27,555.8
shape_R3_0,41.986926,21.441582,28,572.4
shape_R3_0,41.986819,21.441524,29,585.2
shape_R3_0,41.986671,21.441456,30,602.6
shape_R3_0,41.986537,21.441411,31,617.9
shape_R3_0,41.986395,21.441365,32,634.2
shape_R3_0,41.986259,21.441332,33,649.6
shape_R3_0,41.986137,21.441315,34,663.2
shape_R3_0,41.986025,21.441305,35,675.7
shape_R3_0,41.985911,21.441298,36,688.4
shape_R3_0,41.985773,21.441303,37,703.7
shape_R3_0,41.985622,21.441316,38,720.5
shape_R3_0,41.985512,21.441333,39,732.8
shape_R3_0,41.985361,21.441369,40,749.9
shape_R3_0,41.985195,21.441421,41,768.9
shape_R3_0,41.985036,21.441481,42,787.2
shape_R3_0,41.984930,21.441529,43,799.6
shape_R3_0,41.984766,21.441624,44,819.5
shape_R3_0,41.984594,21.441740,45,840.9
shape_R3_0,41.984488,21.441823,46,854.5
shape_R3_0,41.984371,21.441918,47,869.7
shape_R3_0,41.984246,21.442035,48,886.7
shape_R3_0,41.983786,21.442536,49,952.5
shape_R3_0,41.983574,21.442780,50,983.5
shape_R3_0,41.983401,21.442984,51,1009.1
shape_R3_0,41.983217,21.443227,52,1037.7
shape_R3_0,41.983094,21.443393,53,1057.1
shape_R3_0,41.982994,21.443542,54,1073.7
shape_R3_0,41.982944,21.443623,55,1082.4
shape_R3_0,41.982853,21.443778,56,1098.7
shape_R3_0,41.982733,21.444001,57,1121.5
shape_R3_0,41.982666,21.444133,58,1134.7
shape_R3_0,41.982563,21.444343,59,1155.5
shape_R3_0,41.982311,21.444933,60,1211.8
shape_R3_0,41.981920,21.445774,61,1293.7
shape_R3_0,41.981653,21.446357,62,1350.3
shape_R3_0,41.981528,21.446630,63,1376.8
shape_R3_0,41.981078,21.447593,64,1470.9
shape_R3_0,41.980340,21.449183,65,1625.8
shape_R3_0,41.980046,21.449824,66,1688.1
shape_R3_0,41.979703,21.450555,67,1759.5
shape_R3_0,41.979423,21.451152,68,1817.9
shape_R3_0,41.979246,21.451528,69,1854.7
shape_R3_0,41.978972,21.452129,70,1912.9
shape_R3_0,41.978835,21.452412,71,1940.9
shape_R3_0,41.978636,21.452851,72,1983.4
shape_R3_0,41.978222,21.453736,73,2069.8
shape_R3_0,41.977648,21.454968,74,2190.0
shape_R3_0,41.977250,21.455833,75,2274.1
shape_R3_0,41.976987,21.456400,76,2329.3
shape_R3_0,41.976779,21.456850,77,2373.1
shape_R3_0,41.976530,21.457424,78,2428.1
shape_R3_0,41.976347,21.457875,79,2470.5
shape_R3_0,41.976201,21.458241,80,2504.9
shape_R3_0,41.976113,21.458475,81,2526.5
shape_R3_0,41.975890,21.459075,82,2582.0
shape_R3_0,41.975338,21.460576,83,2720.4
shape_R3_0,41.975058,21.461368,84,2792.9
shape_R3_0,41.974794,21.462083,85,2858.9
shape_R3_0,41.974724,21.462273,86,2876.4
shape_R3_0,41.974593,21.462630,87,2909.4
shape_R3_0,41.974443,21.463053,88,2948.1
shape_R3_0,41.974300,21.463439,89,2983.8
shape_R3_0,41.974178,21.463769,90,3014.2
shape_R3_0,41.974085,21.464013,91,3036.9
shape_R3_0,41.973921,21.464432,92,3076.0
shape_R3_0,41.973795,21.464731,93,3104.4
shape_R3_0,41.973600,21.465184,94,3147.7
shape_R3_0,41.973392,21.465649,95,3192.6
shape_R3_0,41.973213,21.466032,96,3230.0
shape_R3_0,41.971711,21.469245,97,3543.7
shape_R3_0,41.971254,21.470236,98,3640.1
shape_R3_0,41.970625,21.471580,99,3771.4
shape_R3_0,41.970374,21.472132,100,3824.9
shape_R3_0,41.969943,21.473059,101,3915.3
shape_R3_0,41.969829,21.473301,102,3939.0
shape_R3_0,41.969781,21.473399,103,3948.7
shape_R3_0,41.968971,21.475139,104,4118.4
shape_R3_0,41.968691,21.475754,105,4178.1
shape_R3_0,41.968147,21.476947,106,4293.8
shape_R3_0,41.967257,21.478881,107,4481.8
shape_R3_0,41.965390,21.482882,108,4872.3
shape_R3_0,41.964805,21.484137,109,4994.8
shape_R3_0,41.964742,21.484275,110,5008.2
shape_R3_0,41.964646,21.484476,111,5027.9
shape_R3_0,41.963780,21.486332,112,5209.1
shape_R3_0,41.959532,21.495469,113,6100.1
shape_R3_0,41.959437,21.495673,114,6120.0
shape_R3_0,41.959281,21.496009,115,6152.8
shape_R3_0,41.956262,21.502474,116,6784.0
shape_R3_0,41.951832,21.511959,117,7710.2
shape_R3_0,41.949496,21.516962,118,8198.7
shape_R3_0,41.946583,21.523198,119,8807.7
shape_R3_0,41.944502,21.527681,120,9244.8
shape_R3_0,41.944390,21.527912,121,9267.6
shape_R3_0,41.944290,21.528106,122,9287.1
shape_R3_0,41.944157,21.528353,123,9312.3
shape_R3_0,41.944018,21.528618,124,9339.2
shape_R3_0,41.943880,21.528865,125,9364.7
shape_R3_0,41.943715,21.529134,126,9393.5
shape_R3_0,41.943519,21.529439,127,9426.9
shape_R3_0,41.942863,21.530469,128,9539.0
shape_R3_0,41.942825,21.530530,129,9545.6
shape_R3_0,41.942791,21.530586,130,9551.6
shape_R3_0,41.942777,21.530609,131,9554.0
shape_R3_0,41.942437,21.531139,132,9611.9
shape_R3_0,41.942271,21.531390,133,9639.7
shape_R3_0,41.940119,21.534741,134,10005.9
shape_R3_0,41.939892,21.535094,135,10044.5
shape_R3_0,41.939577,21.535584,136,10098.0
shape_R3_0,41.939527,21.535663,137,10106.6
shape_R3_0,41.937950,21.538118,138,10374.9
shape_R3_0,41.937576,21.538698,139,10438.4
shape_R3_0,41.937237,21.539227,140,10496.2
shape_R3_0,41.937174,21.539325,141,10506.9
shape_R3_0,41.937141,21.539377,142,10512.5
shape_R3_0,41.937101,21.539439,143,10519.3
shape_R3_0,41.937063,21.539504,144,10526.2
shape_R3_0,41.936706,21.540059,145,10586.8
shape_R3_0,41.931031,21.548878,146,11551.4
shape_R3_0,41.930779,21.549270,147,11594.3
shape_R3_0,41.930554,21.549644,148,11634.1
shape_R3_0,41.930501,21.549742,149,11644.1
shape_R3_0,41.930482,21.549775,150,11647.5
shape_R3_0,41.930153,21.550357,151,11708.0
shape_R3_0,41.925871,21.558297,152,12519.3
shape_R3_0,41.923722,21.562289,153,12926.9
shape_R3_0,41.923552,21.562580,154,12957.5
shape_R3_0,41.923372,21.562889,155,12990.0
shape_R3_0,41.923144,21.563241,156,13028.6
shape_R3_0,41.922883,21.563616,157,13071.1
shape_R3_0,41.922613,21.563978,158,13113.5
shape_R3_0,41.922370,21.564262,159,13149.3
shape_R3_0,41.922074,21.564605,160,13192.8
shape_R3_0,41.920953,21.565789,161,13351.3
shape_R3_0,41.920864,21.565883,162,13363.9
shape_R3_0,41.919541,21.567280,163,13551.0
shape_R3_0,41.919307,21.567545,164,13585.0
shape_R3_0,41.919105,21.567787,165,13615.1
shape_R3_0,41.918897,21.568055,166,13647.1
shape_R3_0,41.918725,21.568312,167,13675.7
shape_R3_0,41.918536,21.568588,168,13706.8
shape_R3_0,41.918383,21.568852,169,13734.4
shape_R3_0,41.918229,21.569107,170,13761.6
shape_R3_0,41.918107,21.569355,171,13786.2
shape_R3_0,41.918005,21.569557,172,13806.4
shape_R3_0,41.917878,21.569841,173,13833.8
shape_R3_0,41.917761,21.570140,174,13861.8
shape_R3_0,41.917631,21.570519,175,13896.3
shape_R3_0,41.917487,21.570981,176,13937.8
shape_R3_0,41.917403,21.571274,177,13963.7
shape_R3_0,41.917304,21.571664,178,13997.8
shape_R3_0,41.917223,21.572005,179,14027.5
shape_R3_0,41.916518,21.575009,180,14288.1
shape_R3_0,41.916326,21.575696,181,14348.8
shape_R3_0,41.916071,21.576383,182,14412.3
shape_R3_0,41.915828,21.576915,183,14464.0
shape_R3_0,41.915400,21.577713,184,14545.4
shape_R3_0,41.914998,21.578357,185,14614.9
shape_R3_0,41.914665,21.578872,186,14671.4
shape_R3_0,41.914346,21.579515,187,14735.3
shape_R3_0,41.914122,21.580159,188,14794.1
shape_R3_0,41.913886,21.580975,189,14866.6
shape_R3_0,41.913516,21.582090,190,14967.6
shape_R3_0,41.913069,21.583421,191,15088.4
shape_R3_0,41.912781,21.584176,192,15158.6
shape_R3_0,41.912494,21.584863,193,15223.8
shape_R3_0,41.912079,21.585670,194,15305.0
shape_R3_0,41.911600,21.586528,195,15393.8
shape_R3_0,41.911216,21.587215,196,15464.9
shape_R3_0,41.910718,21.588124,197,15558.3
shape_R3_0,41.910031,21.589388,198,15687.8
shape_R3_0,41.909931,21.589574,199,15706.8
shape_R3_0,41.909484,21.590364,200,15788.9
shape_R3_0,41.909034,21.591128,201,15869.5
shape_R3_0,41.908419,21.592073,202,15973.4
shape_R3_0,41.907873,21.592967,203,16069.1
shape_R3_0,41.907366,21.593748,204,16154.9
shape_R3_0,41.907089,21.594175,205,16201.7
shape_R3_0,41.906752,21.594703,206,16259.3
shape_R3_0,41.906423,21.595241,207,16316.9
shape_R3_0,41.906060,21.595905,208,16385.1
shape_R3_0,41.905530,21.596958,209,16490.3
shape_R3_0,41.905427,21.597198,210,16513.2
shape_R3_0,41.905162,21.597766,211,16568.7
shape_R3_0,41.904824,21.598383,212,16632.1
shape_R3_0,41.904635,21.598748,213,16668.9
shape_R3_0,41.904469,21.599057,214,16700.5
shape_R3_0,41.904330,21.599314,215,16726.7
shape_R3_0,41.904137,21.599624,216,16760.2
shape_R3_0,41.903904,21.599981,217,16799.5
shape_R3_0,41.903779,21.600178,218,16820.9
shape_R3_0,41.901435,21.603431,219,17195.6
shape_R3_0,41.901219,21.603736,220,17230.5
shape_R3_0,41.900962,21.604070,221,17270.2
shape_R3_0,41.900654,21.604417,222,17314.9
shape_R3_0,41.900392,21.604662,223,17350.4
shape_R3_0,41.900134,21.604857,224,17383.3
shape_R3_0,41.900009,21.604943,225,17399.0
shape_R3_0,41.899861,21.605030,226,17416.9
shape_R3_0,41.899639,21.605142,227,17443.3
shape_R3_0,41.899423,21.605224,228,17468.2
shape_R3_0,41.899237,21.605282,229,17489.5
shape_R3_0,41.898991,21.605346,230,17517.3
shape_R3_0,41.898762,21.605378,231,17542.9
shape_R3_0,41.898598,21.605380,232,17561.2
shape_R3_0,41.898436,21.605385,233,17579.2
shape_R3_0,41.898232,21.605378,234,17601.9
shape_R3_0,41.898003,21.605349,235,17627.5
shape_R3_0,41.897769,21.605298,236,17653.8
shape_R3_0,41.897454,21.605187,237,17690.0
shape_R3_0,41.897177,21.605060,238,17722.6
shape_R3_0,41.896849,21.604858,239,17762.7
shape_R3_0,41.896502,21.604592,240,17807.1
shape_R3_0,41.896221,21.604316,241,17845.8
shape_R3_0,41.895975,21.604016,242,17882.8
shape_R3_0,41.895757,21.603704,243,17918.2
shape_R3_0,41.895535,21.603315,244,17958.8
shape_R3_0,41.895380,21.602991,245,17990.6
shape_R3_0,41.895208,21.602576,246,18030.0
shape_R3_0,41.895047,21.602134,247,18070.7
shape_R3_0,41.893970,21.598965,248,18359.0
shape_R3_0,41.893859,21.598651,249,18387.8
shape_R3_0,41.893723,21.598184,250,18429.3
shape_R3_0,41.893637,21.597828,251,18460.3
shape_R3_0,41.893529,21.597247,252,18509.9
shape_R3_0,41.893449,21.596491,253,18573.1
shape_R3_0,41.893311,21.594475,254,18740.6
shape_R3_0,41.893284,21.594020,255,18778.4
shape_R3_0,41.893246,21.593561,256,18816.6
shape_R3_0,41.893163,21.592921,257,18870.4
shape_R3_0,41.893054,21.592331,258,18920.7
shape_R3_0,41.892901,21.591754,259,18971.4
shape_R3_0,41.892741,21.591293,260,19013.5
shape_R3_0,41.892525,21.590802,261,19060.7
shape_R3_0,41.892252,21.590319,262,19110.9
shape_R3_0,41.892048,21.589992,263,19146.3
shape_R3_0,41.891653,21.589504,264,19205.9
shape_R3_0,41.891363,21.589209,265,19246.4
shape_R3_0,41.891024,21.588908,266,19291.6
shape_R3_0,41.890732,21.588688,267,19328.8
shape_R3_0,41.890373,21.588487,268,19372.0
shape_R3_0,41.890141,21.588389,269,19399.1
shape_R3_0,41.889985,21.588324,270,19417.2
shape_R3_0,41.889582,21.588190,271,19463.4
shape_R3_0,41.887823,21.587782,272,19661.9
shape_R3_0,41.887587,21.587744,273,19688.3
shape_R3_0,41.887272,21.587704,274,19723.5
shape_R3_0,41.886992,21.587688,275,19754.7
shape_R3_0,41.886701,21.587701,276,19787.0
shape_R3_0,41.886376,21.587749,277,19823.4
shape_R3_0,41.886173,21.587798,278,19846.3
shape_R3_0,41.886110,21.587814,279,19853.5
shape_R3_0,41.885818,21.587932,280,19887.4
shape_R3_0,41.885529,21.588090,281,19922.1
shape_R3_0,41.885181,21.588324,282,19965.3
shape_R3_0,41.884858,21.588592,283,20007.6
shape_R3_0,41.884534,21.588940,284,20053.7
shape_R3_0,41.884271,21.589270,285,20093.7
shape_R3_0,41.884031,21.589678,286,20136.7
shape_R3_0,41.883935,21.589863,287,20155.4
shape_R3_0,41.883794,21.590172,288,20185.4
shape_R3_0,41.883652,21.590542,289,20219.9
shape_R3_0,41.882461,21.594497,290,20573.1
shape_R3_0,41.882061,21.595385,291,20659.0
shape_R3_0,41.881759,21.595914,292,20714.2
shape_R3_0,41.881383,21.596341,293,20768.9
shape_R3_0,41.881041,21.596727,294,20818.6
shape_R3_0,41.880735,21.596933,295,20856.7
shape_R3_0,41.880663,21.596981,296,20865.6
shape_R3_0,41.880176,21.597237,297,20923.7
shape_R3_0,41.879623,21.597403,298,20986.8
shape_R3_0,41.879069,21.597451,299,21048.5
shape_R3_0,41.878481,21.597411,300,21114.0
shape_R3_0,41.877891,21.597387,301,21179.6
shape_R3_0,41.877004,21.597344,302,21278.3
shape_R3_0,41.876427,21.597432,303,21342.9
shape_R3_0,41.875641,21.597798,304,21435.4
shape_R3_0,41.875103,21.598253,305,21506.1
shape_R3_0,41.874701,21.598758,306,21567.3
shape_R3_0,41.874355,21.599417,307,21634.0
shape_R3_0,41.874072,21.600205,308,21706.5
shape_R3_0,41.873929,21.600746,309,21754.0
shape_R3_0,41.873804,21.601226,310,21796.1
shape_R3_0,41.873566,21.602177,311,21879.2
shape_R3_0,41.873388,21.602716,312,21928.0
shape_R3_0,41.873222,21.603115,313,21965.8
shape_R3_0,41.873068,21.603439,314,21997.7
shape_R3_0,41.872675,21.604218,315,22075.6
shape_R3_0,41.872287,21.604978,316,22151.9
shape_R3_0,41.871334,21.606841,317,22339.0
shape_R3_0,41.871179,21.607224,318,22375.1
shape_R3_0,41.871038,21.607619,319,22411.4
shape_R3_0,41.870852,21.608367,320,22476.7
shape_R3_0,41.870742,21.609024,321,22532.4
shape_R3_0,41.870694,21.609820,322,22598.6
shape_R3_0,41.870673,21.610366,323,22643.8
shape_R3_0,41.870655,21.610819,324,22681.4
shape_R3_0,41.870624,21.611747,325,22758.3
shape_R3_0,41.870429,21.612696,326,22839.8
shape_R3_0,41.870149,21.613490,327,22912.6
shape_R3_0,41.869819,21.613961,328,22966.1
shape_R3_0,41.869541,21.614241,329,23004.8
shape_R3_0,41.869237,21.614507,330,23045.1
shape_R3_0,41.868831,21.614765,331,23095.0
shape_R3_0,41.868432,21.614903,332,23140.9
shape_R3_0,41.868052,21.614977,333,23183.6
shape_R3_0,41.867674,21.614964,334,23225.6
shape_R3_0,41.867288,21.614890,335,23269.0
shape_R3_0,41.866871,21.614772,336,23316.3
shape_R3_0,41.866388,21.614634,337,23371.3
shape_R3_0,41.865924,21.614525,338,23423.6
shape_R3_0,41.865428,21.614494,339,23478.8
shape_R3_0,41.864969,21.614580,340,23530.4
shape_R3_0,41.864543,21.614727,341,23579.3
shape_R3_0,41.864147,21.614954,342,23627.2
shape_R3_0,41.863788,21.615234,343,23673.3
shape_R3_0,41.863417,21.615636,344,23726.3
shape_R3_0,41.863132,21.616055,345,23773.3
shape_R3_0,41.862824,21.616553,346,23826.9
shape_R3_0,41.862427,21.617273,347,23901.1
shape_R3_0,41.862056,21.617888,348,23966.7
shape_R3_0,41.861696,21.618306,349,24019.6
shape_R3_0,41.861331,21.618670,350,24070.1
shape_R3_0,41.860917,21.618912,351,24120.4
shape_R3_0,41.860541,21.619087,352,24164.6
shape_R3_0,41.860109,21.619210,353,24213.7
shape_R3_0,41.859631,21.619249,354,24267.0
shape_R3_0,41.859171,21.619209,355,24318.2
shape_R3_0,41.858633,21.619120,356,24378.5
shape_R3_0,41.857968,21.619023,357,24452.9
shape_R3_0,41.857204,21.618876,358,24538.7
shape_R3_0,41.856588,21.618773,359,24607.7
shape_R3_0,41.856124,21.618734,360,24659.4
shape_R3_0,41.855589,21.618709,361,24718.9
shape_R3_0,41.855453,21.618715,362,24734.1
shape_R3_0,41.854998,21.618736,363,24784.7
shape_R3_0,41.854345,21.618876,364,24858.2
shape_R3_0,41.853694,21.619145,365,24934.0
shape_R3_0,41.853055,21.619488,366,25010.5
shape_R3_0,41.852549,21.619885,367,25075.6
shape_R3_0,41.852106,21.620313,368,25136.3
shape_R3_0,41.851604,21.620917,369,25211.3
shape_R3_0,41.850984,21.621728,370,25307.5
shape_R3_0,41.850548,21.622335,371,25377.4
shape_R3_0,41.848872,21.624244,372,25621.8
shape_R3_0,41.848220,21.625000,373,25717.6
shape_R3_0,41.847407,21.625943,374,25837.1
shape_R3_0,41.845525,21.628111,375,26112.8
shape_R3_0,41.844217,21.629638,376,26305.6
shape_R3_0,41.844051,21.629840,377,26330.5
shape_R3_0,41.843503,21.630507,378,26412.7
shape_R3_0,41.843223,21.630857,379,26455.3
shape_R3_0,41.843025,21.630989,380,26479.9
shape_R3_0,41.841972,21.631669,381,26609.8
shape_R3_0,41.841514,21.631864,382,26663.2
shape_R3_0,41.841328,21.631872,383,26683.9
shape_R3_0,41.841022,21.631773,384,26718.9
shape_R3_0,41.840329,21.631563,385,26797.9
shape_R3_0,41.839536,21.631328,386,26888.2
shape_R3_0,41.839002,21.631255,387,26947.9
shape_R3_0,41.838421,21.631378,388,27013.3
shape_R3_0,41.837556,21.631949,389,27120.5
shape_R3_0,41.836973,21.632538,390,27201.6
shape_R3_0,41.836508,21.633064,391,27269.3
shape_R3_0,41.836000,21.633790,392,27351.8
shape_R3_0,41.835613,21.634506,393,27425.1
shape_R3_0,41.835212,21.635347,394,27507.8
shape_R3_0,41.834844,21.636625,395,27621.3
shape_R3_0,41.834525,21.637367,396,27692.3
shape_R3_0,41.834095,21.638068,397,27767.5
shape_R3_0,41.833668,21.638624,398,27833.6
shape_R3_0,41.833337,21.638972,399,27880.4
shape_R3_0,41.832948,21.639333,400,27933.0
shape_R3_0,41.832742,21.639556,401,27962.4
shape_R3_0,41.832413,21.639816,402,28004.9
shape_R3_0,41.832159,21.639986,403,28036.4
shape_R3_0,41.831906,21.640128,404,28066.9
shape_R3_0,41.830391,21.640681,405,28241.5
shape_R3_0,41.829971,21.640871,406,28290.8
shape_R3_0,41.829597,21.641135,407,28337.8
shape_R3_0,41.829240,21.641464,408,28385.9
shape_R3_0,41.828847,21.641886,409,28441.9
shape_R3_0,41.828481,21.642388,410,28500.1
shape_R3_0,41.828185,21.642752,411,28544.7
shape_R3_0,41.827912,21.643199,412,28592.6
shape_R3_0,41.827506,21.643926,413,28667.9
shape_R3_0,41.826972,21.644780,414,28760.3
shape_R3_0,41.826795,21.645141,415,28796.1
shape_R3_0,41.826619,21.645573,416,28836.9
shape_R3_0,41.826489,21.646112,417,28883.8
shape_R3_0,41.826445,21.646745,418,28936.5
shape_R3_0,41.826465,21.647257,419,28979.0
shape_R3_0,41.826525,21.647743,420,29019.8
shape_R3_0,41.826661,21.648274,421,29066.3
shape_R3_0,41.826827,21.648655,422,29102.9
shape_R3_0,41.827091,21.649097,423,29149.8
shape_R3_0,41.827666,21.649915,424,29243.0
shape_R3_0,41.827920,21.650328,425,29287.4
shape_R3_0,41.828072,21.650669,426,29320.3
shape_R3_0,41.828202,21.651074,427,29356.8
shape_R3_0,41.828318,21.651554,428,29398.6
shape_R3_0,41.828386,21.652023,429,29438.2
shape_R3_0,41.828394,21.652597,430,29485.8
shape_R3_0,41.828366,21.653155,431,29532.1
shape_R3_0,41.828310,21.653641,432,29572.9
shape_R3_0,41.828244,21.654108,433,29612.3
shape_R3_0,41.828030,21.655296,434,29713.5
shape_R3_0,41.827946,21.655873,435,29762.2
shape_R3_0,41.827924,21.656353,436,29802.1
shape_R3_0,41.827954,21.656830,437,29841.7
shape_R3_0,41.828002,21.657315,438,29882.3
shape_R3_0,41.828088,21.657742,439,29918.9
shape_R3_0,41.828212,21.658123,440,29953.4
shape_R3_0,41.828414,21.658517,441,29993.0
shape_R3_0,41.828660,21.658852,442,30032.0
shape_R3_0,41.828895,21.659105,443,30065.5
shape_R3_0,41.829171,21.659335,444,30101.6
shape_R3_0,41.830256,21.660038,445,30235.6
shape_R3_0,41.830634,21.660317,446,30283.5
shape_R3_0,41.830930,21.660647,447,30326.3
shape_R3_0,41.831218,21.661063,448,30373.4
shape_R3_0,41.831392,21.661398,449,30407.2
shape_R3_0,41.831559,21.661843,450,30448.5
shape_R3_0,41.831681,21.662355,451,30493.0
shape_R3_0,41.831747,21.662860,452,30535.5
shape_R3_0,41.831757,21.663407,453,30580.8
shape_R3_0,41.831725,21.663962,454,30627.0
shape_R3_0,41.831542,21.666304,455,30822.1
shape_R3_0,41.831517,21.666886,456,30870.4
shape_R3_0,41.831550,21.667484,457,30920.1
shape_R3_0,41.831611,21.668055,458,30967.8
shape_R3_0,41.831781,21.669152,459,31060.7
shape_R3_0,41.831855,21.669793,460,31114.4
shape_R3_0,41.831953,21.670370,461,31163.5
shape_R3_0,41.832082,21.670786,462,31200.8
shape_R3_0,41.832269,21.671279,463,31246.6
shape_R3_0,41.832442,21.671699,464,31286.4
shape_R3_0,41.832608,21.672080,465,31322.9
shape_R3_0,41.832732,21.672407,466,31353.3
shape_R3_0,41.832897,21.672945,467,31401.5
shape_R3_0,41.832972,21.673375,468,31438.1
shape_R3_0,41.833002,21.673891,469,31481.0
shape_R3_0,41.832982,21.674444,470,31526.9
shape_R3_0,41.832890,21.674952,471,31570.2
shape_R3_0,41.832729,21.675500,472,31619.0
shape_R3_0,41.832551,21.675888,473,31656.8
shape_R3_0,41.832314,21.676270,474,31697.9
shape_R3_0,41.832074,21.676535,475,31732.5
shape_R3_0,41.831880,21.676720,476,31759.0
shape_R3_0,41.831652,21.676906,477,31788.6
shape_R3_0,41.831443,21.677074,478,31815.7
shape_R3_0,41.831173,21.677292,479,31850.8
shape_R3_0,41.830843,21.677560,480,31893.6
shape_R3_0,41.830599,21.677809,481,31927.7
shape_R3_0,41.830399,21.678040,482,31957.1
shape_R3_0,41.829856,21.678729,483,32040.2
shape_R3_0,41.829612,21.679046,484,32077.9
shape_R3_0,41.829248,21.679424,485,32129.1
shape_R3_0,41.828966,21.679636,486,32165.0
shape_R3_0,41.828641,21.679797,487,32203.6
shape_R3_0,41.828313,21.679893,488,32240.9
shape_R3_0,41.827991,21.679942,489,32276.9
shape_R3_0,41.827653,21.679942,490,32314.5
shape_R3_0,41.827335,21.679869,491,32350.4
shape_R3_0,41.827034,21.679762,492,32385.0
shape_R3_0,41.826736,21.679599,493,32420.8
shape_R3_0,41.826482,21.679400,494,32453.5
shape_R3_0,41.826288,21.679212,495,32480.1
shape_R3_0,41.826088,21.678960,496,32510.6
shape_R3_0,41.825938,21.678732,497,32535.8
shape_R3_0,41.825775,21.678461,498,32564.7
shape_R3_0,41.824764,21.676608,499,32755.0
shape_R3_0,41.824591,21.676292,500,32787.5
shape_R3_0,41.824325,21.675795,501,32838.2
shape_R3_0,41.824120,21.675460,502,32874.1
shape_R3_0,41.823925,21.675157,503,32907.3
shape_R3_0,41.823693,21.674869,504,32942.4
shape_R3_0,41.823507,21.674642,505,32970.4
shape_R3_0,41.823328,21.674430,506,32996.9
shape_R3_0,41.823119,21.674194,507,33027.3
shape_R3_0,41.822935,21.673998,508,33053.4
shape_R3_0,41.822769,21.673849,509,33075.6
shape_R3_0,41.822524,21.673634,510,33108.2
shape_R3_0,41.822133,21.673342,511,33157.9
shape_R3_0,41.821391,21.672680,512,33257.0
shape_R3_0,41.821309,21.672614,513,33267.6
shape_R3_0,41.821166,21.672490,514,33286.6
shape_R3_0,41.820809,21.672218,515,33332.2
shape_R3_0,41.820583,21.672016,516,33362.4
shape_R3_0,41.820305,21.671788,517,33398.6
shape_R3_0,41.819871,21.671337,518,33459.7
shape_R3_0,41.819663,21.671134,519,33488.3
shape_R3_0,41.819582,21.671059,520,33499.2
shape_R3_0,41.819052,21.670475,521,33575.5
shape_R3_0,41.818658,21.670111,522,33628.7
shape_R3_0,41.818599,21.670048,523,33637.0
shape_R3_0,41.818542,21.669987,524,33645.1
shape_R3_0,41.818236,21.669681,525,33687.6
shape_R3_0,41.818048,21.669507,526,33713.0
shape_R3_0,41.817860,21.669350,527,33737.6
shape_R3_0,41.817764,21.669279,528,33749.8
shape_R3_0,41.817586,21.669160,529,33771.9
shape_R3_0,41.817351,21.669056,530,33799.4
shape_R3_0,41.817112,21.668934,531,33827.9
shape_R3_0,41.816879,21.668843,532,33854.8
shape_R3_0,41.816659,21.668780,533,33879.8
shape_R3_0,41.816408,21.668725,534,33908.1
shape_R3_0,41.816191,21.668691,535,33932.4
shape_R3_0,41.815378,21.668583,536,34023.3
shape_R3_0,41.815131,21.668558,537,34050.8
shape_R3_0,41.814875,21.668543,538,34079.3
shape_R3_0,41.814621,21.668554,539,34107.6
shape_R3_0,41.814393,21.668585,540,34133.0
shape_R3_0,41.814179,21.668632,541,34157.2
shape_R3_0,41.814089,21.668657,542,34167.4
shape_R3_0,41.813889,21.668726,543,34190.3
shape_R3_0,41.813600,21.668852,544,34224.1
shape_R3_0,41.813245,21.669073,545,34267.6
shape_R3_0,41.810208,21.671052,546,34643.1
shape_R3_0,41.808704,21.672122,547,34832.4
shape_R3_0,41.807928,21.672953,548,34942.8
shape_R3_0,41.807507,21.673531,549,35009.7
shape_R3_0,41.807072,21.674183,550,35082.3
shape_R3_0,41.806688,21.674758,551,35146.3
shape_R3_0,41.806291,21.675213,552,35204.3
shape_R3_0,41.805811,21.675728,553,35272.7
shape_R3_0,41.805332,21.676175,554,35337.5
shape_R3_0,41.804833,21.676604,555,35403.4
shape_R3_0,41.804404,21.677050,556,35463.8
shape_R3_0,41.804078,21.677661,557,35526.1
shape_R3_0,41.803874,21.678112,558,35569.8
shape_R3_0,41.803685,21.678603,559,35615.6
shape_R3_0,41.803533,21.679184,560,35666.6
shape_R3_0,41.803369,21.679908,561,35729.4
shape_R3_0,41.803061,21.681673,562,35879.6
shape_R3_0,41.803027,21.681869,563,35896.3
shape_R3_0,41.801572,21.690206,564,36606.0
shape_R3_0,41.801432,21.690819,565,36659.2
shape_R3_0,41.801229,21.691423,566,36714.1
shape_R3_0,41.801027,21.691839,567,36755.3
shape_R3_0,41.800702,21.692334,568,36809.9
shape_R3_0,41.800334,21.692733,569,36862.6
shape_R3_0,41.799923,21.693056,570,36915.5
shape_R3_0,41.799483,21.693261,571,36967.3
shape_R3_0,41.798935,21.693427,572,37029.8
shape_R3_0,41.797856,21.693567,573,37150.3
shape_R3_0,41.797069,21.693727,574,37238.8
shape_R3_0,41.796510,21.693950,575,37303.7
shape_R3_0,41.795938,21.694278,576,37372.9
shape_R3_0,41.793911,21.695469,577,37618.9
shape_R3_0,41.793411,21.695856,578,37683.1
shape_R3_0,41.793072,21.696199,579,37730.3
shape_R3_0,41.792598,21.696817,580,37803.8
shape_R3_0,41.792023,21.697675,581,37899.5
shape_R3_0,41.791666,21.698294,582,37964.4
shape_R3_0,41.791560,21.698479,583,37983.7
shape_R3_0,41.791398,21.698759,584,38013.1
shape_R3_0,41.791224,21.699030,585,38042.7
shape_R3_0,41.791035,21.699294,586,38073.1
shape_R3_0,41.790761,21.699654,587,38115.7
shape_R3_0,41.790503,21.699983,588,38155.3
shape_R3_0,41.790283,21.700230,589,38187.2
shape_R3_0,41.789989,21.700521,590,38227.8
shape_R3_0,41.789646,21.700831,591,38273.8
shape_R3_0,41.789379,21.701037,592,38308.1
shape_R3_0,41.789181,21.701175,593,38332.9
shape_R3_0,41.788808,21.701385,594,38377.9
shape_R3_0,41.788574,21.701510,595,38405.9
shape_R3_0,41.788381,21.701607,596,38428.8
shape_R3_0,41.788312,21.701642,597,38437.0
shape_R3_0,41.788047,21.701777,598,38468.5
shape_R3_0,41.787630,21.701988,599,38518.1
shape_R3_0,41.787283,21.702156,600,38559.1
shape_R3_0,41.787025,21.702266,601,38589.2
shape_R3_0,41.786671,21.702403,602,38630.2
shape_R3_0,41.786392,21.702496,603,38662.1
shape_R3_0,41.786154,21.702574,604,38689.4
shape_R3_0,41.785806,21.702670,605,38728.9
shape_R3_0,41.785554,21.702748,606,38757.7
shape_R3_0,41.785284,21.702833,607,38788.5
shape_R3_0,41.784267,21.703133,608,38904.3
shape_R3_0,41.784031,21.703215,609,38931.4
shape_R3_0,41.783644,21.703395,610,38976.9
shape_R3_0,41.783545,21.703447,611,38988.8
shape_R3_0,41.783293,21.703601,612,39019.5
shape_R3_0,41.783060,21.703776,613,39049.2
shape_R3_0,41.782790,21.703999,614,39084.5
shape_R3_0,41.782543,21.704220,615,39117.5
shape_R3_0,41.782307,21.704468,616,39150.9
shape_R3_0,41.781839,21.705085,617,39223.8
shape_R3_0,41.781477,21.705656,618,39286.0
shape_R3_0,41.781198,21.706230,619,39342.8
shape_R3_0,41.780938,21.706871,620,39403.3
shape_R3_0,41.780846,21.707194,621,39432.0
shape_R3_0,41.780731,21.707617,622,39469.3
shape_R3_0,41.780651,21.707989,623,39501.4
shape_R3_0,41.780613,21.708321,624,39529.3
shape_R3_0,41.780607,21.708428,625,39538.1
shape_R3_0,41.780598,21.708614,626,39553.6
shape_R3_0,41.780601,21.708867,627,39574.6
shape_R3_0,41.780627,21.709286,628,39609.4
shape_R3_0,41.780698,21.709796,629,39652.5
shape_R3_0,41.780792,21.710350,630,39699.6
shape_R3_0,41.780904,21.710911,631,39747.7
shape_R3_0,41.781002,21.711429,632,39792.0
shape_R3_0,41.781058,21.711722,633,39817.1
shape_R3_0,41.781099,21.712169,634,39854.5
shape_R3_0,41.781108,21.712616,635,39891.5
shape_R3_0,41.781052,21.712936,636,39918.8
shape_R3_0,41.780943,21.713343,637,39954.7
shape_R3_0,41.780828,21.713652,638,39983.3
shape_R3_0,41.780675,21.713984,639,40015.7
shape_R3_0,41.780492,21.714280,640,40047.5
shape_R3_0,41.780300,21.714526,641,40077.1
shape_R3_0,41.780052,21.714806,642,40113.1
shape_R3_0,41.779802,21.715055,643,40147.7
shape_R3_0,41.779598,21.715281,644,40177.2
shape_R3_0,41.779321,21.715597,645,40217.6
shape_R3_0,41.779179,21.715811,646,40241.4
shape_R3_0,41.779070,21.715993,647,40260.7
shape_R3_0,41.778946,21.716242,648,40285.5
shape_R3_0,41.778737,21.716590,649,40322.6
shape_R3_0,41.778510,21.716934,650,40360.7
shape_R3_0,41.778236,21.717294,651,40403.3
shape_R3_0,41.777941,21.717586,652,40444.1
shape_R3_0,41.777543,21.717978,653,40499.0
shape_R3_0,41.776877,21.718791,654,40599.2
shape_R3_0,41.774542,21.722590,655,41007.4
shape_R3_0,41.773959,21.723116,656,41085.5
shape_R3_0,41.772724,21.723896,657,41237.3
shape_R3_0,41.771910,21.724617,658,41345.8
shape_R3_0,41.771383,21.725311,659,41427.9
shape_R3_0,41.770745,21.726327,660,41538.1
shape_R3_0,41.770242,21.727052,661,41620.2
shape_R3_0,41.769799,21.728079,662,41718.6
shape_R3_0,41.769517,21.729066,663,41806.3
shape_R3_0,41.769365,21.729989,664,41884.6
shape_R3_0,41.769359,21.730912,665,41961.2
shape_R3_0,41.769869,21.733107,666,42151.9
shape_R3_0,41.769851,21.733899,667,42217.6
shape_R3_0,41.769251,21.736461,668,42440.3
shape_R3_0,41.768843,21.737278,669,42521.8
shape_R3_0,41.768219,21.737915,670,42609.0
shape_R3_0,41.767801,21.738133,671,42658.9
shape_R3_0,41.767213,21.738299,672,42725.7
shape_R3_0,41.766428,21.738115,673,42814.3
shape_R3_0,41.765144,21.737413,674,42968.5
shape_R3_0,41.764151,21.736857,675,43088.2
shape_R3_0,41.763726,21.736760,676,43136.1
shape_R3_0,41.763217,21.736788,677,43192.8
shape_R3_0,41.762510,21.736906,678,43272.0
shape_R3_0,41.757144,21.739400,679,43903.5
shape_R3_0,41.753425,21.741703,680,44359.0
shape_R3_0,41.752572,21.742584,681,44478.8
shape_R3_0,41.752141,21.743102,682,44543.1
shape_R3_0,41.751805,21.743672,683,44603.4
shape_R3_0,41.751007,21.745010,684,44745.5
shape_R3_0,41.749185,21.748134,685,45074.4
shape_R3_0,41.748699,21.749009,686,45164.9
shape_R3_0,41.748100,21.750614,687,45313.8
shape_R3_0,41.747791,21.751410,688,45388.3
shape_R3_0,41.747353,21.752251,689,45473.4
shape_R3_0,41.747012,21.752806,690,45533.0
shape_R3_0,41.746547,21.753320,691,45600.0
shape_R3_0,41.743661,21.755654,692,45974.8
shape_R3_0,41.742316,21.756742,693,46149.5
shape_R3_0,41.740744,21.757976,694,46352.1
shape_R3_0,41.740292,21.758271,695,46408.0
shape_R3_0,41.739718,21.758526,696,46475.2
shape_R3_0,41.739118,21.758671,697,46543.0
shape_R3_0,41.738476,21.758792,698,46615.1
shape_R3_0,41.738002,21.758928,699,46669.0
shape_R3_0,41.737696,21.759078,700,46705.2
shape_R3_0,41.737244,21.759429,701,46763.3
shape_R3_0,41.736951,21.759734,702,46804.6
shape_R3_0,41.736517,21.760279,703,46870.7
shape_R3_0,41.735528,21.761450,704,47017.5
shape_R3_0,41.734852,21.762225,705,47116.4
shape_R3_0,41.732990,21.764252,706,47383.1
shape_R3_0,41.732395,21.764851,707,47465.9
shape_R3_0,41.731796,21.765349,708,47544.3
shape_R3_0,41.731293,21.765683,709,47606.7
shape_R3_0,41.730531,21.766118,710,47698.8
shape_R3_0,41.729246,21.766837,711,47853.6
shape_R3_0,41.728824,21.767079,712,47904.7
shape_R3_0,41.728466,21.767285,713,47948.0
shape_R3_0,41.728036,21.767514,714,47999.5
shape_R3_0,41.727283,21.767947,715,48090.6
shape_R3_0,41.726533,21.768364,716,48180.9
shape_R3_0,41.725719,21.768823,717,48279.1
shape_R3_0,41.724035,21.769774,718,48482.3
shape_R3_0,41.723760,21.769929,719,48515.5
shape_R3_0,41.722205,21.770806,720,48703.1
shape_R3_0,41.721554,21.771168,721,48781.4
shape_R3_0,41.721172,21.771381,722,48827.4
shape_R3_0,41.720910,21.771526,723,48859.0
shape_R3_0,41.720441,21.771778,724,48915.1
shape_R3_0,41.720308,21.771861,725,48931.5
shape_R3_0,41.720226,21.771918,726,48941.7
shape_R3_0,41.720128,21.771992,727,48954.2
shape_R3_0,41.719984,21.772111,728,48973.1
shape_R3_0,41.719854,21.772225,729,48990.3
shape_R3_0,41.719729,21.772347,730,49007.5
shape_R3_0,41.719643,21.772437,731,49019.7
shape_R3_0,41.719537,21.772557,732,49035.1
shape_R3_0,41.719436,21.772675,733,49050.0
shape_R3_0,41.719337,21.772805,734,49065.4
shape_R3_0,41.719231,21.772952,735,49082.4
shape_R3_0,41.719176,21.773036,736,49091.6
shape_R3_0,41.719103,21.773154,737,49104.4
shape_R3_0,41.719037,21.773265,738,49116.1
shape_R3_0,41.718977,21.773372,739,49127.3
shape_R3_0,41.718916,21.773487,740,49139.0
shape_R3_0,41.718856,21.773608,741,49151.0
shape_R3_0,41.718794,21.773740,742,49164.0
shape_R3_0,41.718747,21.773847,743,49174.3
shape_R3_0,41.718700,21.773969,744,49185.7
shape_R3_0,41.718640,21.774137,745,49201.1
shape_R3_0,41.718598,21.774258,746,49212.2
shape_R3_0,41.718556,21.774392,747,49224.3
shape_R3_0,41.718509,21.774554,748,49238.7
shape_R3_0,41.718465,21.774724,749,49253.6
shape_R3_0,41.718427,21.774882,750,49267.4
shape_R3_0,41.718401,21.775020,751,49279.2
shape_R3_0,41.718363,21.775245,752,49298.4
shape_R3_0,41.718341,21.775401,753,49311.5
shape_R3_0,41.718310,21.775752,754,49340.9
shape_R3_0,41.718298,21.776066,755,49367.0
shape_R3_0,41.718296,21.776297,756,49386.1
shape_R3_0,41.718300,21.776465,757,49400.1
shape_R3_0,41.718314,21.776682,758,49418.2
shape_R3_0,41.718331,21.776915,759,49437.6
shape_R3_0,41.718377,21.777322,760,49471.8
shape_R3_0,41.718644,21.779209,761,49631.2
shape_R3_0,41.718674,21.779435,762,49650.2
shape_R3_0,41.718694,21.779601,763,49664.2
shape_R3_0,41.718707,21.779723,764,49674.4
shape_R3_0,41.718716,21.779815,765,49682.1
shape_R3_0,41.718723,21.779914,766,49690.4
shape_R3_0,41.718728,21.779997,767,49697.3
shape_R3_0,41.718732,21.780097,768,49705.6
shape_R3_0,41.718736,21.780250,769,49718.3
shape_R3_0,41.718736,21.780390,770,49729.9
shape_R3_0,41.718733,21.780525,771,49741.1
shape_R3_0,41.718727,21.780665,772,49752.8
shape_R3_0,41.718719,21.780780,773,49762.3
shape_R3_0,41.718710,21.780887,774,49771.3
shape_R3_0,41.718698,21.780991,775,49780.0
shape_R3_0,41.718685,21.781091,776,49788.4
shape_R3_0,41.718669,21.781197,777,49797.4
shape_R3_0,41.718642,21.781347,778,49810.2
shape_R3_0,41.718617,21.781481,779,49821.7
shape_R3_0,41.718594,21.781591,780,49831.2
shape_R3_0,41.718566,21.781710,781,49841.5
shape_R3_0,41.718530,21.781846,782,49853.5
shape_R3_0,41.718494,21.781973,783,49864.8
shape_R3_0,41.718461,21.782081,784,49874.5
shape_R3_0,41.718427,21.782184,785,49883.8
shape_R3_0,41.718387,21.782295,786,49894.0
shape_R3_0,41.718337,21.782424,787,49906.1
shape_R3_0,41.718294,21.782523,788,49915.6
shape_R3_0,41.718248,21.782625,789,49925.5
shape_R3_0,41.718195,21.782732,790,49936.2
shape_R3_0,41.718134,21.782850,791,49948.1
shape_R3_0,41.718100,21.782915,792,49954.7
shape_R3_0,41.718053,21.782995,793,49963.1
shape_R3_0,41.718004,21.783076,794,49971.8
shape_R3_0,41.717941,21.783175,795,49982.6
shape_R3_0,41.717615,21.783599,796,50033.1
shape_R3_0,41.717283,21.783938,797,50079.5
shape_R3_0,41.717006,21.784144,798,50114.7
shape_R3_0,41.716800,21.784267,799,50139.8
shape_R3_0,41.716297,21.784483,800,50198.5
shape_R3_0,41.715960,21.784561,801,50236.6
shape_R3_0,41.715798,21.784568,802,50254.6
shape_R3_0,41.714790,21.784512,803,50366.8
shape_R3_0,41.714129,21.784435,804,50440.6
shape_R3_0,41.713122,21.784373,805,50552.6
shape_R3_0,41.712236,21.784440,806,50651.3
shape_R3_0,41.712177,21.784445,807,50657.9
shape_R3_0,41.712084,21.784453,808,50668.3
shape_R3_0,41.710023,21.784632,809,50897.9
shape_R3_0,41.709542,21.784609,810,50951.4
shape_R3_0,41.708468,21.784285,811,51073.8
shape_R3_0,41.707951,21.784185,812,51131.9
shape_R3_0,41.707639,21.784169,813,51166.6
shape_R3_0,41.707206,21.784192,814,51214.8
shape_R3_0,41.706829,21.784268,815,51257.2
shape_R3_0,41.706437,21.784443,816,51303.2
shape_R3_0,41.705992,21.784733,817,51358.2
shape_R3_0,41.705633,21.785077,818,51407.3
shape_R3_0,41.705335,21.785445,819,51452.3
shape_R3_0,41.705082,21.785802,820,51493.2
shape_R3_0,41.704866,21.786276,821,51539.3
shape_R3_0,41.704556,21.787190,822,51622.6
shape_R3_0,41.704239,21.788266,823,51718.7
shape_R3_0,41.704146,21.788623,824,51750.1
shape_R3_0,41.703964,21.789334,825,51812.5
shape_R3_0,41.703847,21.789695,826,51845.1
shape_R3_0,41.703720,21.790000,827,51874.1
shape_R3_0,41.703555,21.790317,828,51906.2
shape_R3_0,41.703355,21.790614,829,51939.4
shape_R3_0,41.703096,21.790946,830,51979.3
shape_R3_0,41.702807,21.791250,831,52020.1
shape_R3_0,41.702550,21.791444,832,52052.9
shape_R3_0,41.702280,21.791577,833,52084.9
shape_R3_0,41.701965,21.791707,834,52121.6
shape_R3_0,41.701658,21.791766,835,52156.1
shape_R3_0,41.701434,21.791794,836,52181.1
shape_R3_0,41.701065,21.791779,837,52222.1
shape_R3_0,41.700747,21.791700,838,52258.1
shape_R3_0,41.698950,21.790764,839,52472.5
shape_R3_0,41.698456,21.790601,840,52529.1
shape_R3_0,41.698000,21.790511,841,52580.3
shape_R3_0,41.697551,21.790514,842,52630.2
shape_R3_0,41.696557,21.790573,843,52740.9
shape_R3_0,41.695237,21.790462,844,52887.9
shape_R3_0,41.694661,21.790441,845,52952.0
shape_R3_0,41.693579,21.790609,846,53073.1
shape_R3_0,41.693492,21.790633,847,53083.0
shape_R3_0,41.692536,21.790903,848,53191.7
shape_R3_0,41.691799,21.791077,849,53274.9
shape_R3_0,41.691296,21.791209,850,53331.9
shape_R3_0,41.691210,21.791233,851,53341.6
shape_R3_0,41.690289,21.791470,852,53445.9
shape_R3_0,41.689819,21.791612,853,53499.5
shape_R3_0,41.689485,21.791788,854,53539.4
shape_R3_0,41.689088,21.792053,855,53588.7
shape_R3_0,41.688812,21.792310,856,53626.1
shape_R3_0,41.688518,21.792711,857,53672.8
shape_R3_0,41.688343,21.793009,858,53704.3
shape_R3_0,41.688213,21.793290,859,53731.7
shape_R3_0,41.688027,21.793733,860,53773.9
shape_R3_0,41.687894,21.794225,861,53817.4
shape_R3_0,41.687832,21.794746,862,53861.2
shape_R3_0,41.687861,21.796746,863,54027.3
shape_R3_0,41.687840,21.797325,864,54075.4
shape_R3_0,41.687583,21.799065,865,54222.7
shape_R3_0,41.687340,21.800446,866,54340.5
shape_R3_0,41.687175,21.802052,867,54475.1
shape_R3_0,41.686944,21.804298,868,54663.4
shape_R3_0,41.686933,21.804868,869,54710.7
shape_R3_0,41.687061,21.806637,870,54858.3
shape_R3_0,41.687117,21.807304,871,54914.1
shape_R3_0,41.687202,21.808083,872,54979.4
shape_R3_0,41.687304,21.808558,873,55020.5
shape_R3_0,41.687889,21.809975,874,55154.9
shape_R3_0,41.688391,21.811343,875,55281.5
shape_R3_0,41.688536,21.811986,876,55337.3
shape_R3_0,41.688634,21.812611,877,55390.3
shape_R3_0,41.688671,21.813376,878,55454.0
shape_R3_0,41.688631,21.814177,879,55520.6
shape_R3_0,41.688556,21.814908,880,55581.9
shape_R3_0,41.688454,21.815352,881,55620.5
shape_R3_0,41.688290,21.815880,882,55667.9
shape_R3_0,41.687964,21.816721,883,55746.6
shape_R3_0,41.686985,21.819040,884,55967.8
shape_R3_0,41.686130,21.821363,885,56182.9
shape_R3_0,41.685795,21.822160,886,56258.8
shape_R3_0,41.685513,21.822692,887,56313.0
shape_R3_0,41.685102,21.823334,888,56383.2
shape_R3_0,41.684757,21.823779,889,56436.5
shape_R3_0,41.684086,21.824465,890,56530.4
shape_R3_0,41.683577,21.824958,891,56600.2
shape_R3_0,41.683143,21.825460,892,56664.0
shape_R3_0,41.682680,21.826085,893,56737.1
shape_R3_0,41.682358,21.826591,894,56792.3
shape_R3_0,41.681142,21.829174,895,57045.9
shape_R3_0,41.680836,21.829653,896,57098.2
shape_R3_0,41.680430,21.830129,897,57158.2
shape_R3_0,41.679868,21.830583,898,57231.2
shape_R3_0,41.679329,21.830865,899,57295.6
shape_R3_0,41.678698,21.830945,900,57366.0
shape_R3_0,41.676913,21.830559,901,57567.1
shape_R3_0,41.675899,21.830187,902,57684.0
shape_R3_0,41.674664,21.829491,903,57833.0
shape_R3_0,41.673582,21.828934,904,57961.9
shape_R3_0,41.673232,21.828823,905,58001.9
shape_R3_0,41.672384,21.828625,906,58097.6
shape_R3_0,41.671021,21.828553,907,58249.3
shape_R3_0,41.670301,21.828516,908,58329.4
shape_R3_0,41.669844,21.828519,909,58380.2
shape_R3_0,41.669387,21.828596,910,58431.4
shape_R3_0,41.668800,21.828818,911,58499.3
shape_R3_0,41.668132,21.829169,912,58579.1
shape_R3_0,41.667267,21.829589,913,58681.4
shape_R3_0,41.666513,21.830062,914,58774.0
shape_R3_0,41.665739,21.830697,915,58874.9
shape_R3_0,41.663867,21.832667,916,59139.7
shape_R3_0,41.660075,21.836714,917,59679.0
shape_R3_0,41.659610,21.837329,918,59751.6
shape_R3_0,41.659202,21.837920,919,59818.5
shape_R3_0,41.658889,21.838418,920,59872.6
shape_R3_0,41.658473,21.839191,921,59951.7
shape_R3_0,41.657264,21.842135,922,60230.8
shape_R3_0,41.656247,21.844559,923,60461.8
shape_R3_0,41.656160,21.844764,924,60481.3
shape_R3_0,41.654358,21.849006,925,60886.7
shape_R3_0,41.654178,21.849693,926,60947.2
shape_R3_0,41.654063,21.850250,927,60995.2
shape_R3_0,41.653983,21.850780,928,61040.2
shape_R3_0,41.654025,21.851635,929,61111.3
shape_R3_0,41.654475,21.855388,930,61427.1
shape_R3_0,41.654761,21.856454,931,61521.2
shape_R3_0,41.655339,21.857595,932,61635.8
shape_R3_0,41.656295,21.859181,933,61805.1
shape_R3_0,41.656574,21.859538,934,61848.0
shape_R3_0,41.656903,21.859866,935,61893.6
shape_R3_0,41.657086,21.859993,936,61916.5
shape_R3_0,41.658050,21.860669,937,62037.5
shape_R3_0,41.658503,21.861134,938,62101.0
shape_R3_0,41.658811,21.861614,939,62153.6
shape_R3_0,41.659141,21.862434,940,62231.0
shape_R3_0,41.659270,21.863006,941,62280.6
shape_R3_0,41.659333,21.863892,942,62354.5
shape_R3_0,41.659208,21.864993,943,62447.1
shape_R3_0,41.659144,21.865559,944,62494.6
shape_R3_0,41.659129,21.865842,945,62518.2
shape_R3_0,41.659129,21.865925,946,62525.1
shape_R3_0,41.659129,21.866428,947,62566.9
shape_R3_0,41.659180,21.867087,948,62621.9
shape_R3_0,41.659283,21.867839,949,62685.4
shape_R3_0,41.659314,21.868344,950,62727.5
shape_R3_0,41.659329,21.868795,951,62765.0
shape_R3_0,41.659349,21.869039,952,62785.4
shape_R3_0,41.659352,21.869293,953,62806.5
shape_R3_0,41.659318,21.869771,954,62846.4
shape_R3_0,41.659194,21.870617,955,62918.0
shape_R3_0,41.659080,21.871052,956,62956.3
shape_R3_0,41.658257,21.873851,957,63206.2
shape_R3_0,41.658071,21.874308,958,63249.4
shape_R3_0,41.657886,21.874694,959,63287.5
shape_R3_0,41.657721,21.874963,960,63316.4
shape_R3_0,41.657500,21.875264,961,63351.5
shape_R3_0,41.657241,21.875607,962,63392.0
shape_R3_0,41.657055,21.875796,963,63418.0
shape_R3_0,41.656814,21.875989,964,63449.2
shape_R3_0,41.656503,21.876286,965,63491.7
shape_R3_0,41.656477,21.876304,966,63495.0
shape_R3_0,41.656080,21.876638,967,63547.1
shape_R3_0,41.655746,21.876869,968,63588.9
shape_R3_0,41.655435,21.877083,969,63627.8
shape_R3_0,41.655006,21.877308,970,63679.0
shape_R3_0,41.654687,21.877405,971,63715.4
shape_R3_0,41.654173,21.877527,972,63773.4
shape_R3_0,41.653703,21.877544,973,63825.7
shape_R3_0,41.653253,21.877444,974,63876.4
shape_R3_0,41.652723,21.877229,975,63938.0
shape_R3_0,41.652117,21.876904,976,64010.6
shape_R3_0,41.651527,21.876578,977,64081.6
shape_R3_0,41.650918,21.876364,978,64151.6
shape_R3_0,41.650418,21.876278,979,64207.7
shape_R3_0,41.649199,21.876003,980,64345.1
shape_R3_0,41.648641,21.875746,981,64410.7
shape_R3_0,41.648173,21.875437,982,64468.8
shape_R3_0,41.647134,21.874475,983,64609.3
shape_R3_0,41.645967,21.873703,984,64754.0
shape_R3_0,41.645415,21.873171,985,64829.6
shape_R3_0,41.645049,21.872716,986,64885.2
shape_R3_0,41.644325,21.872055,987,64982.7
shape_R3_0,41.643850,21.871643,988,65045.6
shape_R3_0,41.643465,21.871429,989,65092.0
shape_R3_0,41.642824,21.871283,990,65164.3
shape_R3_0,41.642387,21.871214,991,65213.2
shape_R3_0,41.641797,21.871128,992,65279.2
shape_R3_0,41.641284,21.871257,993,65337.2
shape_R3_0,41.640592,21.871489,994,65416.5
shape_R3_0,41.639693,21.872055,995,65527.0
shape_R3_0,41.637064,21.873978,996,65860.2
shape_R3_0,41.636679,21.874321,997,65911.6
shape_R3_0,41.636358,21.874716,998,65960.1
shape_R3_0,41.630661,21.881187,999,66791.1
shape_R3_0,41.628870,21.883167,1000,67049.4
shape_R3_0,41.628357,21.883899,1001,67132.8
shape_R3_0,41.628016,21.884566,1002,67200.0
shape_R3_0,41.627877,21.885050,1003,67243.1
shape_R3_0,41.627766,21.885560,1004,67287.2
shape_R3_0,41.627693,21.885983,1005,67323.3
shape_R3_0,41.627656,21.886750,1006,67387.2
shape_R3_0,41.627732,21.888072,1007,67497.4
shape_R3_0,41.627786,21.888842,1008,67561.7
shape_R3_0,41.627780,21.889191,1009,67590.7
shape_R3_0,41.627783,21.889378,1010,67606.2
shape_R3_0,41.627752,21.889990,1011,67657.2
shape_R3_0,41.627665,21.890680,1012,67715.4
shape_R3_0,41.627537,21.891316,1013,67770.1
shape_R3_0,41.627389,21.891942,1014,67824.7
shape_R3_0,41.625415,21.897709,1015,68351.9
shape_R3_0,41.625325,21.897974,1016,68376.1
shape_R3_0,41.625219,21.898277,1017,68403.9
shape_R3_0,41.623495,21.903272,1018,68861.2
shape_R3_0,41.622821,21.904945,1019,69019.2
shape_R3_0,41.622000,21.906705,1020,69191.6
shape_R3_0,41.620845,21.908482,1021,69387.4
shape_R3_0,41.619389,21.910335,1022,69610.8
shape_R3_0,41.617207,21.912687,1023,69922.4
shape_R3_0,41.615571,21.914404,1024,70153.6
shape_R3_0,41.615122,21.914799,1025,70213.4
shape_R3_0,41.614489,21.915166,1026,70290.1
shape_R3_0,41.614405,21.915215,1027,70300.3
shape_R3_0,41.614384,21.915228,1028,70302.9
shape_R3_0,41.613293,21.915631,1029,70428.7
shape_R3_0,41.611926,21.915846,1030,70581.8
shape_R3_0,41.610963,21.915691,1031,70689.6
shape_R3_0,41.609911,21.915288,1032,70811.3
shape_R3_0,41.608884,21.914730,1033,70934.6
shape_R3_0,41.606830,21.913528,1034,71183.9
shape_R3_0,41.604629,21.912224,1035,71451.6
shape_R3_0,41.603878,21.911898,1036,71539.4
shape_R3_0,41.602800,21.911597,1037,71661.8
shape_R3_0,41.601914,21.911383,1038,71761.9
shape_R3_0,41.601144,21.911400,1039,71847.6
shape_R3_0,41.599541,21.911728,1040,72027.9
shape_R3_0,41.598423,21.912026,1041,72154.6
shape_R3_0,41.596638,21.912481,1042,72356.7
shape_R3_0,41.595663,21.912739,1043,72467.2
shape_R3_0,41.594828,21.913099,1044,72564.8
shape_R3_0,41.593865,21.913743,1045,72684.5
shape_R3_0,41.592925,21.914437,1046,72803.9
shape_R3_0,41.591887,21.915561,1047,72952.4
shape_R3_0,41.591442,21.916169,1048,73023.2
shape_R3_0,41.591003,21.916820,1049,73096.1
shape_R3_0,41.589584,21.919201,1050,73349.3
shape_R3_0,41.587117,21.923309,1051,73787.4
shape_R3_0,41.586366,21.924618,1052,73924.6
shape_R3_0,41.584281,21.929390,1053,74384.2
shape_R3_0,41.584043,21.930051,1054,74445.3
shape_R3_0,41.583832,21.930883,1055,74518.3
shape_R3_0,41.582387,21.936634,1056,75022.9
shape_R3_0,41.581951,21.938444,1057,75181.1
shape_R3_0,41.581905,21.938634,1058,75197.7
shape_R3_0,41.581505,21.939937,1059,75314.8
shape_R3_0,41.581263,21.940634,1060,75378.8
shape_R3_0,41.581030,21.941313,1061,75440.9
shape_R3_0,41.580772,21.941967,1062,75502.4
shape_R3_0,41.580474,21.942625,1063,75566.4
shape_R3_0,41.579447,21.944900,1064,75787.4
shape_R3_0,41.578330,21.947433,1065,76032.0
shape_R3_0,41.578080,21.947944,1066,76082.8
shape_R3_0,41.577692,21.948587,1067,76151.5
shape_R3_0,41.577302,21.949131,1068,76214.1
shape_R3_0,41.576915,21.949609,1069,76272.7
shape_R3_0,41.576665,21.949917,1070,76310.5
shape_R3_0,41.576467,21.950161,1071,76340.5
shape_R3_0,41.575016,21.951988,1072,76562.1
shape_R3_0,41.574229,21.952973,1073,76682.0
shape_R3_0,41.573826,21.953410,1074,76739.7
shape_R3_0,41.573627,21.953615,1075,76767.6
shape_R3_0,41.573302,21.953937,1076,76812.6
shape_R3_0,41.572816,21.954342,1077,76876.3
shape_R3_0,41.572280,21.954715,1078,76943.5
shape_R3_0,41.571961,21.954913,1079,76982.6
shape_R3_0,41.571568,21.955139,1080,77030.2
shape_R3_0,41.570446,21.955786,1081,77166.1
shape_R3_0,41.569837,21.956122,1082,77239.3
shape_R3_0,41.568293,21.956959,1083,77424.6
shape_R3_0,41.564037,21.959348,1084,77937.9
shape_R3_0,41.561826,21.960632,1085,78205.9
shape_R3_0,41.555609,21.964083,1086,78954.5
shape_R3_0,41.555125,21.964450,1087,79016.4
shape_R3_0,41.554675,21.964840,1088,79076.0
shape_R3_0,41.554342,21.965204,1089,79123.9
shape_R3_0,41.553964,21.965833,1090,79191.0
shape_R3_0,41.553743,21.966339,1091,79239.7
shape_R3_0,41.553490,21.967002,1092,79301.7
shape_R3_0,41.553327,21.967666,1093,79359.8
shape_R3_0,41.553227,21.968351,1094,79417.9
shape_R3_0,41.553216,21.968613,1095,79439.7
shape_R3_0,41.553212,21.968755,1096,79451.5
shape_R3_0,41.553209,21.969258,1097,79493.4
shape_R3_0,41.553264,21.969943,1098,79550.7
shape_R3_0,41.553378,21.970527,1099,79600.9
shape_R3_0,41.553525,21.971090,1100,79650.6
shape_R3_0,41.553793,21.971875,1101,79722.4
shape_R3_0,41.554161,21.972813,1102,79810.5
shape_R3_0,41.554521,21.973834,1103,79904.4
shape_R3_0,41.554726,21.974851,1104,79992.0
shape_R3_0,41.554772,21.975485,1105,80045.1
shape_R3_0,41.554783,21.976098,1106,80096.1
shape_R3_0,41.554755,21.977461,1107,80209.5
shape_R3_0,41.554748,21.977806,1108,80238.2
shape_R3_0,41.554740,21.978313,1109,80280.4
shape_R3_0,41.554779,21.979622,1110,80389.5
shape_R3_0,41.554832,21.980600,1111,80471.0
shape_R3_0,41.554916,21.981790,1112,80570.5
shape_R3_0,41.555087,21.982596,1113,80640.2
shape_R3_0,41.555455,21.983623,1114,80735.0
shape_R3_0,41.555727,21.984195,1115,80791.4
shape_R3_0,41.556026,21.984831,1116,80853.9
shape_R3_0,41.556605,21.986038,1117,80973.1
shape_R3_0,41.557035,21.987326,1118,81090.5
shape_R3_0,41.557376,21.988957,1119,81231.4
shape_R3_0,41.557846,21.991554,1120,81453.7
shape_R3_0,41.558031,21.992501,1121,81535.2
shape_R3_0,41.559046,21.997660,1122,81979.0
shape_R3_0,41.559206,21.998630,1123,82061.6
shape_R3_0,41.559302,21.999599,1124,82143.0
shape_R3_0,41.559367,22.000604,1125,82226.9
shape_R3_0,41.559302,22.003307,1126,82451.9
shape_R3_0,41.559238,22.007985,1127,82841.2
shape_R3_0,41.559206,22.010303,1128,83034.1
shape_R3_0,41.559155,22.011633,1129,83144.9
shape_R3_0,41.559078,22.012508,1130,83218.2
shape_R3_0,41.559001,22.013307,1131,83285.3
shape_R3_0,41.558834,22.014191,1132,83361.1
shape_R3_0,41.558577,22.015135,1133,83444.7
shape_R3_0,41.557967,22.017023,1134,83615.8
shape_R3_0,41.557292,22.018997,1135,83796.4
shape_R3_0,41.556714,22.020671,1136,83949.8
shape_R3_0,41.556232,22.022044,1137,84076.0
shape_R3_0,41.555866,22.023117,1138,84174.1
shape_R3_0,41.555404,22.024250,1139,84281.5
shape_R3_0,41.555132,22.024714,1140,84330.5
shape_R3_0,41.554851,22.025194,1141,84381.2
shape_R3_0,41.554505,22.025709,1142,84438.8
shape_R3_0,41.553862,22.026525,1143,84537.4
shape_R3_0,41.553219,22.027385,1144,84638.6
shape_R3_0,41.553091,22.027556,1145,84658.7
shape_R3_0,41.552880,22.027838,1146,84691.9
shape_R3_0,41.552302,22.028756,1147,84791.7
shape_R3_0,41.551627,22.030215,1148,84934.4
shape_R3_0,41.551100,22.031546,1149,85059.8
shape_R3_0,41.550504,22.032942,1150,85193.5
shape_R3_0,41.548036,22.038977,1151,85765.8
shape_R3_0,41.547773,22.039614,1152,85826.3
shape_R3_0,41.547031,22.041446,1153,85999.7
shape_R3_0,41.546553,22.042661,1154,86113.9
shape_R3_0,41.546520,22.042722,1155,86120.2
shape_R3_0,41.546039,22.043631,1156,86212.8
shape_R3_0,41.545557,22.044463,1157,86300.4
shape_R3_0,41.544934,22.045322,1158,86399.9
shape_R3_0,41.544079,22.046308,1159,86525.5
shape_R3_0,41.543244,22.047210,1160,86644.9
shape_R3_0,41.542666,22.047871,1161,86729.5
shape_R3_0,41.542088,22.048557,1162,86815.5
shape_R3_0,41.541529,22.049381,1163,86908.0
shape_R3_0,41.541079,22.050257,1164,86996.5
shape_R3_0,41.540630,22.051244,1165,87092.6
shape_R3_0,41.540257,22.052248,1166,87185.9
shape_R3_0,41.539968,22.053304,1167,87279.5
shape_R3_0,41.539660,22.054789,1168,87407.7
shape_R3_0,41.539306,22.056419,1169,87549.0
shape_R3_0,41.538869,22.058539,1170,87732.0
shape_R3_0,41.538407,22.060728,1171,87921.3
shape_R3_0,41.538137,22.062016,1172,88032.6
shape_R3_0,41.538086,22.062745,1173,88093.6
shape_R3_0,41.538163,22.063629,1174,88167.6
shape_R3_0,41.538291,22.064376,1175,88231.4
shape_R3_0,41.538548,22.065105,1176,88298.5
shape_R3_0,41.538998,22.065964,1177,88385.7
shape_R3_0,41.539615,22.066668,1178,88476.0
shape_R3_0,41.539987,22.066968,1179,88524.3
shape_R3_0,41.540694,22.067380,1180,88610.0
shape_R3_0,41.541606,22.067895,1181,88720.1
shape_R3_0,41.542217,22.068564,1182,88808.0
shape_R3_0,41.542506,22.069182,1183,88868.6
shape_R3_0,41.542763,22.069998,1184,88942.3
shape_R3_0,41.542859,22.070642,1185,88997.0
shape_R3_0,41.542891,22.071689,1186,89084.2
shape_R3_0,41.542795,22.072805,1187,89177.7
shape_R3_0,41.541702,22.081954,1188,89948.7
shape_R3_0,41.541556,22.083157,1189,90050.2
shape_R3_0,41.541264,22.084775,1190,90188.7
shape_R3_0,41.540949,22.085990,1191,90295.7
shape_R3_0,41.540433,22.087636,1192,90444.2
shape_R3_0,41.539609,22.089712,1193,90639.8
shape_R3_0,41.539116,22.090963,1194,90757.5
shape_R3_0,41.536399,22.097843,1195,91404.9
shape_R3_0,41.536094,22.098897,1196,91499.0
shape_R3_0,41.535966,22.099524,1197,91553.1
shape_R3_0,41.535856,22.100725,1198,91653.8
shape_R3_0,41.535921,22.101729,1199,91737.6
shape_R3_0,41.536017,22.102553,1200,91807.1
shape_R3_0,41.536277,22.103881,1201,91921.3
shape_R3_0,41.536518,22.104704,1202,91994.9
shape_R3_0,41.536753,22.105906,1203,92098.3
shape_R3_0,41.536990,22.106883,1204,92183.7
shape_R3_0,41.537171,22.108135,1205,92289.9
shape_R3_0,41.537459,22.110255,1206,92469.2
shape_R3_0,41.537727,22.111642,1207,92588.4
shape_R3_0,41.537974,22.112601,1208,92672.9
shape_R3_0,41.538407,22.114072,1209,92804.4
shape_R3_0,41.539435,22.118149,1210,93162.5
shape_R3_0,41.539679,22.119350,1211,93266.0
shape_R3_0,41.539820,22.120338,1212,93349.8
shape_R3_0,41.539828,22.121216,1213,93422.8
shape_R3_0,41.539743,22.122329,1214,93516.0
shape_R3_0,41.539512,22.123900,1215,93649.2
shape_R3_0,41.539191,22.125187,1216,93762.1
shape_R3_0,41.538805,22.126191,1217,93856.1
shape_R3_0,41.538394,22.126946,1218,93933.8
shape_R3_0,41.537970,22.127702,1219,94012.4
shape_R3_0,41.537430,22.128388,1220,94095.2
shape_R3_0,41.536788,22.129049,1221,94185.4
shape_R3_0,41.536017,22.129693,1222,94286.5
shape_R3_0,41.535130,22.130191,1223,94393.5
shape_R3_0,41.534282,22.130568,1224,94492.8
shape_R3_0,41.533428,22.130740,1225,94588.9
shape_R3_0,41.532637,22.130826,1226,94677.1
shape_R3_0,41.531712,22.130766,1227,94780.1
shape_R3_0,41.531160,22.130594,1228,94843.1
shape_R3_0,41.530453,22.130363,1229,94924.1
shape_R3_0,41.529784,22.130053,1230,95002.8
shape_R3_0,41.529296,22.129779,1231,95061.7
shape_R3_0,41.528695,22.129245,1232,95141.9
shape_R3_0,41.528154,22.128729,1233,95215.8
shape_R3_0,41.527521,22.127957,1234,95311.1
shape_R3_0,41.527078,22.127318,1235,95383.6
shape_R3_0,41.526712,22.126719,1236,95448.0
shape_R3_0,41.526101,22.125523,1237,95568.5
shape_R3_0,41.525058,22.123481,1238,95774.3
shape_R3_0,41.524942,22.123253,1239,95797.3
shape_R3_0,41.524406,22.122191,1240,95903.9
shape_R3_0,41.523898,22.121103,1241,96010.6
shape_R3_0,41.523013,22.118999,1242,96211.6
shape_R3_0,41.522163,22.116934,1243,96407.7
shape_R3_0,41.521329,22.114910,1244,96600.1
shape_R3_0,41.521182,22.114572,1245,96632.6
shape_R3_0,41.520814,22.113729,1246,96713.9
shape_R3_0,41.520413,22.112849,1247,96799.6
shape_R3_0,41.520107,22.112312,1248,96855.8
shape_R3_0,41.519612,22.111514,1249,96942.1
shape_R3_0,41.519079,22.110879,1250,97021.5
shape_R3_0,41.517254,22.108905,1251,97282.6
shape_R3_0,41.515724,22.107188,1252,97504.8
shape_R3_0,41.514709,22.105987,1253,97655.6
shape_R3_0,41.514021,22.105231,1254,97754.7
shape_R3_0,41.513424,22.104733,1255,97833.0
shape_R3_0,41.512652,22.104047,1256,97936.1
shape_R3_0,41.511868,22.103446,1257,98036.6
shape_R3_0,41.511045,22.103068,1258,98133.4
shape_R3_0,41.510165,22.102656,1259,98237.1
shape_R3_0,41.509297,22.102330,1260,98337.3
shape_R3_0,41.508192,22.102056,1261,98462.3
shape_R3_0,41.507830,22.101988,1262,98503.0
shape_R3_0,41.507176,22.101867,1263,98576.4
shape_R3_0,41.506199,22.101798,1264,98685.2
shape_R3_0,41.505454,22.101815,1265,98768.0
shape_R3_0,41.504785,22.101927,1266,98843.0
shape_R3_0,41.503609,22.102244,1267,98976.4
shape_R3_0,41.502966,22.102356,1268,99048.5
shape_R3_0,41.502049,22.102444,1269,99150.7
shape_R3_0,41.501454,22.102506,1270,99217.1
shape_R3_0,41.500906,22.102569,1271,99278.2
shape_R3_0,41.500541,22.102638,1272,99319.2
shape_R3_0,41.500142,22.102756,1273,99364.7
shape_R3_0,41.499804,22.102884,1274,99403.7
shape_R3_0,41.499461,22.103046,1275,99444.2
shape_R3_0,41.499079,22.103262,1276,99490.3
shape_R3_0,41.498921,22.103373,1277,99510.2
shape_R3_0,41.498462,22.103731,1278,99569.3
shape_R3_0,41.498077,22.104074,1279,99620.7
shape_R3_0,41.497696,22.104484,1280,99675.2
shape_R3_0,41.497403,22.104824,1281,99718.3
shape_R3_0,41.497094,22.105221,1282,99766.0
shape_R3_0,41.496802,22.105664,1283,99815.2
shape_R3_0,41.496602,22.105980,1284,99849.6
shape_R3_0,41.496408,22.106320,1285,99885.2
shape_R3_0,41.496152,22.106862,1286,99938.6
shape_R3_0,41.495811,22.107763,1287,100022.7
shape_R3_0,41.495541,22.108819,1288,100115.6
shape_R3_0,41.495413,22.109866,1289,100203.9
shape_R3_0,41.495361,22.110879,1290,100288.5
shape_R3_0,41.495425,22.111797,1291,100365.3
shape_R3_0,41.495638,22.113145,1292,100480.0
shape_R3_0,41.496261,22.115102,1293,100657.1
shape_R3_0,41.496930,22.116758,1294,100813.8
shape_R3_0,41.497637,22.118501,1295,100978.9
shape_R3_0,41.498312,22.120320,1296,101148.0
shape_R3_0,41.498890,22.121882,1297,101293.1
shape_R3_0,41.499244,22.123367,1298,101422.9
shape_R3_0,41.499308,22.124543,1299,101521.1
shape_R3_0,41.499231,22.125625,1300,101611.6
shape_R3_0,41.499038,22.126741,1301,101707.0
shape_R3_0,41.498697,22.127856,1302,101807.3
shape_R3_0,41.498202,22.128800,1303,101903.2
shape_R3_0,41.497669,22.129590,1304,101991.8
shape_R3_0,41.497174,22.130191,1305,102066.2
shape_R3_0,41.496415,22.130723,1306,102161.5
shape_R3_0,41.494757,22.131375,1307,102353.7
shape_R3_0,41.493105,22.132079,1308,102546.5
shape_R3_0,41.491626,22.132783,1309,102721.1
shape_R3_0,41.490771,22.133264,1310,102824.3
shape_R3_0,41.489009,22.134397,1311,103041.8
shape_R3_0,41.487659,22.135238,1312,103207.4
shape_R3_0,41.486643,22.135753,1313,103328.3
shape_R3_0,41.486225,22.135924,1314,103376.9
shape_R3_0,41.485434,22.136130,1315,103466.5
shape_R3_0,41.484727,22.136285,1316,103546.2
shape_R3_0,41.483762,22.136474,1317,103654.6
shape_R3_0,41.483029,22.136645,1318,103737.3
shape_R3_0,41.482412,22.136954,1319,103810.6
shape_R3_0,41.481724,22.137332,1320,103893.4
shape_R3_0,41.481178,22.137675,1321,103960.5
shape_R3_0,41.479988,22.138345,1322,104104.1
shape_R3_0,41.479004,22.138817,1323,104220.3
shape_R3_0,41.477673,22.139392,1324,104375.9
shape_R3_0,41.476966,22.139675,1325,104458.0
shape_R3_0,41.476342,22.139847,1326,104528.8
shape_R3_0,41.475634,22.139958,1327,104608.1
shape_R3_0,41.474631,22.140147,1328,104720.7
shape_R3_0,41.473892,22.140420,1329,104806.0
shape_R3_0,41.473263,22.140689,1330,104879.4
shape_R3_0,41.472749,22.141000,1331,104942.2
shape_R3_0,41.472239,22.141332,1332,105005.3
shape_R3_0,41.471712,22.141795,1333,105075.4
shape_R3_0,41.470985,22.142654,1334,105183.4
shape_R3_0,41.470483,22.143237,1335,105257.4
shape_R3_0,41.470313,22.143517,1336,105287.4
shape_R3_0,41.470260,22.143613,1337,105297.4
shape_R3_0,41.470184,22.143749,1338,105311.5
shape_R3_0,41.469927,22.144211,1339,105359.4
shape_R3_0,41.469538,22.144971,1340,105436.1
shape_R3_0,41.469023,22.146121,1341,105547.7
shape_R3_0,41.468605,22.146938,1342,105630.2
shape_R3_0,41.468200,22.147657,1343,105705.1
shape_R3_0,41.467734,22.148345,1344,105782.4
shape_R3_0,41.467137,22.149065,1345,105871.9
shape_R3_0,41.466559,22.149626,1346,105951.3
shape_R3_0,41.466031,22.150043,1347,106019.6
shape_R3_0,41.465438,22.150423,1348,106092.7
shape_R3_0,41.464328,22.151064,1349,106227.2
shape_R3_0,41.463232,22.151679,1350,106359.4
shape_R3_0,41.460119,22.153451,1351,106735.7
shape_R3_0,41.458476,22.154383,1352,106934.2
shape_R3_0,41.457317,22.155099,1353,107076.3
shape_R3_0,41.456454,22.155655,1354,107182.8
shape_R3_0,41.455805,22.156281,1355,107271.9
shape_R3_0,41.455133,22.157041,1356,107369.8
shape_R3_0,41.454484,22.158051,1357,107480.7
shape_R3_0,41.454084,22.158797,1358,107557.1
shape_R3_0,41.453685,22.159804,1359,107652.1
shape_R3_0,41.453524,22.160317,1360,107698.4
shape_R3_0,41.453337,22.160970,1361,107756.7
shape_R3_0,41.453168,22.161794,1362,107827.9
shape_R3_0,41.452997,22.162889,1363,107921.1
shape_R3_0,41.452973,22.163052,1364,107934.9
shape_R3_0,41.452827,22.163905,1365,108007.9
shape_R3_0,41.452452,22.166475,1366,108226.1
shape_R3_0,41.452404,22.166819,1367,108255.2
shape_R3_0,41.452312,22.167338,1368,108299.7
shape_R3_0,41.451476,22.173149,1369,108792.8
shape_R3_0,41.451264,22.174377,1370,108897.8
shape_R3_0,41.451026,22.175407,1371,108987.7
shape_R3_0,41.450833,22.176179,1372,109055.5
shape_R3_0,41.450447,22.177226,1373,109152.7
shape_R3_0,41.450022,22.178102,1374,109239.7
shape_R3_0,41.449659,22.178731,1375,109305.9
shape_R3_0,41.449027,22.179613,1376,109407.6
shape_R3_0,41.448639,22.180027,1377,109462.8
shape_R3_0,41.447967,22.180654,1378,109554.0
shape_R3_0,41.447483,22.181017,1379,109615.7
shape_R3_0,41.446975,22.181319,1380,109677.6
shape_R3_0,41.446392,22.181597,1381,109746.4
shape_R3_0,41.445582,22.181898,1382,109839.9
shape_R3_0,41.444714,22.182059,1383,109937.4
shape_R3_0,41.443782,22.182136,1384,110041.2
shape_R3_0,41.442771,22.182307,1385,110154.5
shape_R3_0,41.439767,22.182702,1386,110490.2
shape_R3_0,41.436273,22.183234,1387,110881.2
shape_R3_0,41.433248,22.183663,1388,111219.5
shape_R3_0,41.432508,22.183852,1389,111303.2
shape_R3_0,41.431749,22.184092,1390,111390.0
shape_R3_0,41.431189,22.184436,1391,111458.5
shape_R3_0,41.430288,22.185165,1392,111575.7
shape_R3_0,41.428672,22.186864,1393,111804.5
shape_R3_0,41.427798,22.187783,1394,111928.3
shape_R3_0,41.425829,22.189912,1395,112210.1
shape_R3_0,41.421838,22.194135,1396,112776.6
shape_R3_0,41.420473,22.195701,1397,112976.8
shape_R3_0,41.419391,22.196823,1398,113129.3
shape_R3_0,41.418477,22.197813,1399,113260.2
shape_R3_0,41.418163,22.198196,1400,113307.5
shape_R3_0,41.417862,22.198617,1401,113356.0
shape_R3_0,41.417639,22.199003,1402,113396.6
shape_R3_0,41.417415,22.199504,1403,113445.3
shape_R3_0,41.417155,22.200334,1404,113520.3
shape_R3_0,41.417070,22.200846,1405,113564.0
shape_R3_0,41.417027,22.201227,1406,113596.1
shape_R3_0,41.417004,22.201646,1407,113631.2
shape_R3_0,41.417013,22.201975,1408,113658.6
shape_R3_0,41.417044,22.202388,1409,113693.2
shape_R3_0,41.417100,22.202770,1410,113725.7
shape_R3_0,41.417218,22.203320,1411,113773.4
shape_R3_0,41.417303,22.203601,1412,113798.7
shape_R3_0,41.417516,22.204154,1413,113850.5
shape_R3_0,41.417738,22.204651,1414,113898.7
shape_R3_0,41.418079,22.205361,1415,113969.0
shape_R3_0,41.418401,22.206134,1416,114042.8
shape_R3_0,41.418723,22.206992,1417,114122.8
shape_R3_0,41.418820,22.207470,1418,114164.1
shape_R3_0,41.418878,22.207885,1419,114199.3
shape_R3_0,41.418918,22.208442,1420,114245.9
shape_R3_0,41.418885,22.209906,1421,114368.1
shape_R3_0,41.418879,22.210861,1422,114447.7
shape_R3_0,41.418898,22.211187,1423,114475.0
shape_R3_0,41.418927,22.211491,1424,114500.5
shape_R3_0,41.419154,22.212657,1425,114601.0
shape_R3_0,41.419476,22.213618,1426,114688.7
shape_R3_0,41.419701,22.214494,1427,114765.9
shape_R3_0,41.419798,22.215206,1428,114826.3
shape_R3_0,41.419830,22.215867,1429,114881.5
shape_R3_0,41.419882,22.216579,1430,114941.2
shape_R3_0,41.420055,22.217609,1431,115029.2
shape_R3_0,41.420216,22.218665,1432,115119.0
shape_R3_0,41.420490,22.219901,1433,115226.5
shape_R3_0,41.420554,22.220485,1434,115275.7
shape_R3_0,41.420569,22.220904,1435,115310.7
shape_R3_0,41.420549,22.221400,1436,115352.1
shape_R3_0,41.420428,22.222427,1437,115438.8
shape_R3_0,41.420278,22.223578,1438,115536.2
shape_R3_0,41.420158,22.224624,1439,115624.4
shape_R3_0,41.419976,22.226103,1440,115749.4
shape_R3_0,41.419834,22.226971,1441,115823.5
shape_R3_0,41.419655,22.227832,1442,115898.0
shape_R3_0,41.419372,22.228901,1443,115992.5
shape_R3_0,41.418981,22.229883,1444,116085.2
shape_R3_0,41.418882,22.230180,1445,116112.3
shape_R3_0,41.418747,22.230643,1446,116153.7
shape_R3_0,41.418541,22.231150,1447,116201.8
shape_R3_0,41.418277,22.231587,1448,116248.6
shape_R3_0,41.417434,22.232952,1449,116396.1
shape_R3_0,41.417029,22.233613,1450,116467.2
shape_R3_0,41.416823,22.233973,1451,116505.0
shape_R3_0,41.416127,22.235175,1452,116631.6
shape_R3_0,41.415516,22.236205,1453,116741.2
shape_R3_0,41.413816,22.239252,1454,117057.8
shape_R3_0,41.413551,22.239749,1455,117108.7
shape_R3_0,41.413084,22.240628,1456,117198.5
shape_R3_0,41.412726,22.241225,1457,117262.3
shape_R3_0,41.412333,22.241786,1458,117326.3
shape_R3_0,41.412000,22.242209,1459,117377.4
shape_R3_0,41.411699,22.242539,1460,117420.8
shape_R3_0,41.411397,22.242840,1461,117462.7
shape_R3_0,41.409368,22.244890,1462,117745.8
shape_R3_0,41.408321,22.245947,1463,117891.8
shape_R3_0,41.408043,22.246228,1464,117930.6
shape_R3_0,41.406904,22.247369,1465,118089.0
shape_R3_0,41.405618,22.248646,1466,118267.3
shape_R3_0,41.405116,22.249252,1467,118342.6
shape_R3_0,41.404864,22.249658,1468,118386.5
shape_R3_0,41.404517,22.250470,1469,118464.5
shape_R3_0,41.404333,22.251175,1470,118526.7
shape_R3_0,41.404027,22.252878,1471,118672.8
shape_R3_0,41.403821,22.254050,1472,118773.2
shape_R3_0,41.403592,22.255368,1473,118886.0
shape_R3_0,41.403485,22.256057,1474,118944.7
shape_R3_0,41.403462,22.256464,1475,118978.8
shape_R3_0,41.403498,22.256990,1476,119022.8
shape_R3_0,41.403622,22.257568,1477,119073.0
shape_R3_0,41.403737,22.257948,1478,119107.1
shape_R3_0,41.404142,22.258771,1479,119189.2
shape_R3_0,41.404165,22.258814,1480,119193.6
shape_R3_0,41.404356,22.259180,1481,119230.8
shape_R3_0,41.404656,22.259880,1482,119298.1
shape_R3_0,41.404884,22.260711,1483,119371.9
shape_R3_0,41.404971,22.261448,1484,119434.1
shape_R3_0,41.404948,22.262270,1485,119502.7
shape_R3_0,41.404807,22.263320,1486,119591.6
shape_R3_0,41.404667,22.264293,1487,119674.3
shape_R3_0,41.404583,22.265148,1488,119746.2
shape_R3_0,41.404588,22.265735,1489,119795.2
shape_R3_0,41.404635,22.266278,1490,119840.7
shape_R3_0,41.404728,22.266868,1491,119891.0
shape_R3_0,41.404922,22.267562,1492,119952.8
shape_R3_0,41.405332,22.268611,1493,120051.5
shape_R3_0,41.405718,22.269551,1494,120140.8
shape_R3_0,41.406059,22.270392,1495,120220.6
shape_R3_0,41.406379,22.271461,1496,120316.6
shape_R3_0,41.406585,22.272585,1497,120413.1
shape_R3_0,41.406716,22.274078,1498,120538.4
shape_R3_0,41.406791,22.275431,1499,120651.6
shape_R3_0,41.406833,22.276204,1500,120716.2
shape_R3_0,41.406878,22.277085,1501,120789.9
shape_R3_0,41.406951,22.278587,1502,120915.4
shape_R3_0,41.406920,22.279709,1503,121009.0
shape_R3_0,41.406789,22.280919,1504,121111.0
shape_R3_0,41.406562,22.282082,1505,121211.2
shape_R3_0,41.406229,22.283553,1506,121339.4
shape_R3_0,41.405816,22.285372,1507,121497.9
shape_R3_0,41.405569,22.286180,1508,121570.6
shape_R3_0,41.405209,22.287236,1509,121667.4
shape_R3_0,41.404892,22.288154,1510,121751.7
shape_R3_0,41.404121,22.290438,1511,121960.6
shape_R3_0,41.403085,22.293411,1512,122234.0
shape_R3_0,41.402548,22.294981,1513,122377.9
shape_R3_0,41.402526,22.295036,1514,122383.1
shape_R3_0,41.401599,22.297772,1515,122633.5
shape_R3_0,41.401273,22.298659,1516,122715.9
shape_R3_0,41.400897,22.299611,1517,122805.6
shape_R3_0,41.400496,22.300485,1518,122891.1
shape_R3_0,41.399817,22.301718,1519,123018.6
shape_R3_0,41.399261,22.302611,1520,123115.4
shape_R3_0,41.398352,22.303844,1521,123259.6
shape_R3_0,41.397338,22.305156,1522,123416.8
shape_R3_0,41.397302,22.305208,1523,123422.7
shape_R3_0,41.395885,22.307066,1524,123643.7
shape_R3_0,41.395438,22.307710,1525,123716.9
shape_R3_0,41.395086,22.308365,1526,123784.1
shape_R3_0,41.394754,22.309176,1527,123861.1
shape_R3_0,41.393744,22.311955,1528,124118.7
shape_R3_0,41.392638,22.314956,1529,124397.6
shape_R3_0,41.391537,22.317963,1530,124676.8
shape_R3_0,41.390937,22.319624,1531,124830.5
shape_R3_0,41.390430,22.321046,1532,124961.9
shape_R3_0,41.389935,22.322391,1533,125086.9
shape_R3_0,41.389607,22.323336,1534,125173.7
shape_R3_0,41.389457,22.323929,1535,125225.9
shape_R3_0,41.389367,22.324579,1536,125281.1
shape_R3_0,41.389336,22.325132,1537,125327.3
shape_R3_0,41.389361,22.325657,1538,125371.2
shape_R3_0,41.389426,22.326064,1539,125405.9
shape_R3_0,41.389513,22.326555,1540,125448.0
shape_R3_0,41.389738,22.327331,1541,125517.4
shape_R3_0,41.390024,22.328378,1542,125610.4
shape_R3_0,41.390310,22.329382,1543,125700.0
shape_R3_0,41.390386,22.329636,1544,125722.8
shape_R3_0,41.390682,22.330720,1545,125819.0
shape_R3_0,41.390924,22.331616,1546,125898.4
shape_R3_0,41.391082,22.332479,1547,125972.5
shape_R3_0,41.391178,22.333237,1548,126036.7
shape_R3_0,41.391209,22.333977,1549,126098.5
shape_R3_0,41.391173,22.334898,1550,126175.4
shape_R3_0,41.391078,22.335782,1551,126249.9
shape_R3_0,41.390862,22.336827,1552,126340.4
shape_R3_0,41.390547,22.337836,1553,126431.5
shape_R3_0,41.389972,22.339347,1554,126572.9
shape_R3_0,41.389583,22.340440,1555,126673.8
shape_R3_0,41.389135,22.341621,1556,126784.2
shape_R3_0,41.388804,22.342538,1557,126869.1
shape_R3_0,41.388659,22.343035,1558,126913.6
shape_R3_0,41.388492,22.343811,1559,126980.9
shape_R3_0,41.388405,22.344379,1560,127029.3
shape_R3_0,41.388341,22.344922,1561,127075.1
shape_R3_0,41.388321,22.345480,1562,127121.7
shape_R3_0,41.388318,22.346185,1563,127180.5
shape_R3_0,41.388374,22.346911,1564,127241.4
shape_R3_0,41.388448,22.347577,1565,127297.6
shape_R3_0,41.388625,22.348344,1566,127364.5
shape_R3_0,41.388935,22.349681,1567,127481.3
shape_R3_0,41.389022,22.350193,1568,127525.1
shape_R3_0,41.389054,22.350719,1569,127569.1
shape_R3_0,41.389030,22.351206,1570,127609.8
shape_R3_0,41.388963,22.351696,1571,127651.4
shape_R3_0,41.388767,22.352376,1572,127712.1
shape_R3_0,41.388539,22.352845,1573,127758.7
shape_R3_0,41.387885,22.353847,1574,127869.5
shape_R3_0,41.387790,22.353994,1575,127885.7
shape_R3_0,41.386689,22.355603,1576,128067.4
shape_R3_0,41.386198,22.356272,1577,128145.5
shape_R3_0,41.385802,22.356777,1578,128206.4
shape_R3_0,41.384982,22.357729,1579,128327.3
shape_R3_0,41.384670,22.358089,1580,128373.2
shape_R3_0,41.384332,22.358533,1581,128426.0
shape_R3_0,41.383985,22.359187,1582,128492.8
shape_R3_0,41.383949,22.359281,1583,128501.6
shape_R3_0,41.383777,22.359723,1584,128543.2
shape_R3_0,41.383429,22.360841,1585,128644.2
shape_R3_0,41.383092,22.361984,1586,128746.6
shape_R3_0,41.382759,22.363165,1587,128851.9
shape_R3_0,41.382676,22.363661,1588,128894.3
shape_R3_0,41.382672,22.364150,1589,128935.1
shape_R3_0,41.382685,22.364575,1590,128970.6
shape_R3_0,41.382805,22.365217,1591,129025.8
shape_R3_0,41.383050,22.366300,1592,129120.1
shape_R3_0,41.383180,22.366701,1593,129156.6
shape_R3_0,41.383631,22.367704,1594,129254.1
shape_R3_0,41.383933,22.368272,1595,129312.2
shape_R3_0,41.384163,22.368744,1596,129359.2
shape_R3_0,41.384344,22.369280,1597,129408.2
shape_R3_0,41.384419,22.369704,1598,129444.5
shape_R3_0,41.384434,22.370031,1599,129471.9
shape_R3_0,41.384419,22.370420,1600,129504.4
shape_R3_0,41.384376,22.370735,1601,129531.1
shape_R3_0,41.384228,22.371319,1602,129582.5
shape_R3_0,41.384099,22.371765,1603,129622.4
shape_R3_0,41.383909,22.372238,1604,129667.2
shape_R3_0,41.383597,22.372772,1605,129723.6
shape_R3_0,41.383074,22.373328,1606,129798.0
shape_R3_0,41.382405,22.373748,1607,129880.2
shape_R3_0,41.381727,22.373927,1608,129957.1
shape_R3_0,41.381147,22.374185,1609,130025.1
shape_R3_0,41.380505,22.374555,1610,130102.9
shape_R3_0,41.380008,22.374966,1611,130167.9
shape_R3_0,41.379514,22.375398,1612,130233.6
shape_R3_0,41.378874,22.376022,1613,130321.8
shape_R3_0,41.378375,22.376576,1614,130394.0
shape_R3_0,41.378168,22.376851,1615,130426.5
shape_R3_0,41.377772,22.377370,1616,130488.3
shape_R3_0,41.377445,22.377864,1617,130543.2
shape_R3_0,41.376814,22.378981,1618,130659.9
shape_R3_0,41.376272,22.379953,1619,130760.9
shape_R3_0,41.376092,22.380326,1620,130797.9
shape_R3_0,41.375964,22.380622,1621,130826.4
shape_R3_0,41.375835,22.380984,1622,130859.9
shape_R3_0,41.375696,22.381459,1623,130902.4
shape_R3_0,41.375556,22.382153,1624,130962.4
shape_R3_0,41.375481,22.382782,1625,131015.5
shape_R3_0,41.375357,22.384170,1626,131132.1
shape_R3_0,41.375280,22.384646,1627,131172.8
shape_R3_0,41.375124,22.385371,1628,131235.7
shape_R3_0,41.374799,22.386637,1629,131347.4
shape_R3_0,41.374565,22.387672,1630,131437.5
shape_R3_0,41.374469,22.388262,1631,131487.9
shape_R3_0,41.374344,22.389355,1632,131580.2
shape_R3_0,41.374293,22.390052,1633,131638.6
shape_R3_0,41.374294,22.391868,1634,131790.1
shape_R3_0,41.374267,22.392806,1635,131868.5
shape_R3_0,41.374152,22.394510,1636,132011.2
shape_R3_0,41.374009,22.396871,1637,132208.9
shape_R3_0,41.373913,22.397596,1638,132270.3
shape_R3_0,41.373693,22.398614,1639,132358.7
shape_R3_0,41.373411,22.399418,1640,132432.8
shape_R3_0,41.372985,22.400372,1641,132525.4
shape_R3_0,41.371883,22.402355,1642,132731.3
shape_R3_0,41.371307,22.403352,1643,132836.3
shape_R3_0,41.370700,22.404274,1644,132938.6
shape_R3_0,41.369689,22.405459,1645,133088.3
shape_R3_0,41.368678,22.406582,1646,133234.7
shape_R3_0,41.368025,22.407209,1647,133324.2
shape_R3_0,41.367224,22.407877,1648,133429.3
shape_R3_0,41.366259,22.408606,1649,133552.6
shape_R3_0,41.365812,22.409014,1650,133612.9
shape_R3_0,41.365514,22.409344,1651,133656.0
shape_R3_0,41.365214,22.409666,1652,133698.8
shape_R3_0,41.364869,22.410155,1653,133754.8
shape_R3_0,41.364508,22.410736,1654,133817.7
shape_R3_0,41.364139,22.411501,1655,133893.6
shape_R3_0,41.363665,22.412485,1656,133991.2
shape_R3_0,41.362851,22.414109,1657,134154.2
shape_R3_0,41.362613,22.414530,1658,134198.2
shape_R3_0,41.362273,22.415025,1659,134254.2
shape_R3_0,41.361057,22.416513,1660,134437.8
shape_R3_0,41.360126,22.417647,1661,134578.0
shape_R3_0,41.358000,22.419877,1662,134878.9
shape_R3_0,41.357676,22.420214,1663,134924.6
shape_R3_0,41.357098,22.420745,1664,135002.7
shape_R3_0,41.356430,22.421278,1665,135089.3
shape_R3_0,41.356006,22.421572,1666,135142.4
shape_R3_0,41.355685,22.421777,1667,135182.0
shape_R3_0,41.355200,22.422044,1668,135240.3
shape_R3_0,41.353402,22.422978,1669,135454.9
shape_R3_0,41.352958,22.423192,1670,135507.4
shape_R3_0,41.352629,22.423314,1671,135545.4
shape_R3_0,41.351320,22.423819,1672,135696.9
shape_R3_0,41.350825,22.424054,1673,135755.4
shape_R3_0,41.350475,22.424285,1674,135798.8
shape_R3_0,41.350157,22.424545,1675,135840.3
shape_R3_0,41.348287,22.426390,1676,136099.1
shape_R3_0,41.347143,22.427549,1677,136258.9
shape_R3_0,41.345804,22.429009,1678,136451.3
shape_R3_0,41.345099,22.429793,1679,136553.4
shape_R3_0,41.344085,22.430902,1680,136699.3
shape_R3_0,41.343175,22.431924,1681,136831.7
shape_R3_0,41.342577,22.432489,1682,136913.2
shape_R3_0,41.342035,22.432933,1683,136983.9
shape_R3_0,41.340478,22.434114,1684,137183.2
shape_R3_0,41.339003,22.435247,1685,137372.5
shape_R3_0,41.336873,22.436860,1686,137645.0
shape_R3_0,41.334912,22.438338,1687,137895.5
shape_R3_0,41.333939,22.439014,1688,138017.5
shape_R3_0,41.333009,22.439524,1689,138129.4
shape_R3_0,41.332932,22.439575,1690,138138.9
shape_R3_0,41.331730,22.440324,1691,138286.5
shape_R3_0,41.331348,22.440558,1692,138333.3
shape_R3_0,41.329685,22.441528,1693,138535.1
shape_R3_0,41.327803,22.442515,1694,138760.0
shape_R3_0,41.327245,22.442821,1695,138827.1
shape_R3_0,41.326878,22.443012,1696,138871.0
shape_R3_0,41.324987,22.444000,1697,139096.8
shape_R3_0,41.324537,22.444236,1698,139150.6
shape_R3_0,41.323029,22.445013,1699,139330.4
shape_R3_0,41.322216,22.445426,1700,139427.2
shape_R3_0,41.321531,22.445714,1701,139507.0
shape_R3_0,41.320786,22.445987,1702,139593.0
shape_R3_0,41.320381,22.446136,1703,139639.7
shape_R3_0,41.319967,22.446292,1704,139687.5
shape_R3_0,41.319392,22.446507,1705,139753.9
shape_R3_0,41.317619,22.446979,1706,139955.0
shape_R3_0,41.313808,22.447714,1707,140383.2
shape_R3_0,41.312672,22.447946,1708,140511.0
shape_R3_0,41.307175,22.449034,1709,141128.9
shape_R3_0,41.305677,22.449319,1710,141297.2
shape_R3_0,41.304455,22.449765,1711,141438.1
shape_R3_0,41.303387,22.450541,1712,141573.4
shape_R3_0,41.302560,22.451498,1713,141695.2
shape_R3_0,41.301920,22.452600,1714,141811.6
shape_R3_0,41.301469,22.453759,1715,141920.6
shape_R3_0,41.301049,22.455519,1716,142074.9
shape_R3_0,41.300276,22.458952,1717,142374.3
shape_R3_0,41.299586,22.461952,1718,142636.4
shape_R3_0,41.299554,22.462087,1719,142648.2
shape_R3_0,41.298986,22.464488,1720,142858.5
shape_R3_0,41.298210,22.468307,1721,143189.0
shape_R3_0,41.298056,22.469081,1722,143255.8
shape_R3_0,41.297825,22.470067,1723,143342.1
shape_R3_0,41.297438,22.471097,1724,143438.3
shape_R3_0,41.297084,22.471784,1725,143507.9
shape_R3_0,41.296600,22.472470,1726,143586.5
shape_R3_0,41.295826,22.473329,1727,143698.6
shape_R3_0,41.295117,22.473972,1728,143794.0
shape_R3_0,41.294460,22.474416,1729,143875.9
shape_R3_0,41.294146,22.474593,1730,143913.9
shape_R3_0,41.293471,22.474892,1731,143993.0
shape_R3_0,41.292992,22.475123,1732,144049.6
shape_R3_0,41.292107,22.475550,1733,144154.3
shape_R3_0,41.284987,22.479334,1734,145006.8
shape_R3_0,41.284015,22.479778,1735,145121.1
shape_R3_0,41.282988,22.480094,1736,145238.3
shape_R3_0,41.282163,22.480169,1737,145330.2
shape_R3_0,41.281408,22.480171,1738,145414.2
shape_R3_0,41.279943,22.480074,1739,145577.3
shape_R3_0,41.278594,22.479890,1740,145728.1
shape_R3_0,41.278436,22.479858,1741,145745.8
shape_R3_0,41.277835,22.479733,1742,145813.5
shape_R3_0,41.276313,22.479290,1743,145986.7
shape_R3_0,41.274495,22.479108,1744,146189.4
shape_R3_0,41.270697,22.479184,1745,146611.8
shape_R3_0,41.266648,22.479159,1746,147062.0
shape_R3_0,41.265224,22.479162,1747,147220.4
shape_R3_0,41.263247,22.479178,1748,147440.2
shape_R3_0,41.261706,22.479201,1749,147611.6
shape_R3_0,41.261617,22.479202,1750,147621.5
shape_R3_0,41.261457,22.479205,1751,147639.3
shape_R3_0,41.260725,22.479218,1752,147720.7
shape_R3_0,41.260327,22.479300,1753,147765.4
shape_R3_0,41.259516,22.479560,1754,147858.2
shape_R3_0,41.258846,22.479848,1755,147936.5
shape_R3_0,41.258253,22.480231,1756,148009.8
shape_R3_0,41.257480,22.480883,1757,148111.6
shape_R3_0,41.256433,22.481783,1758,148250.2
shape_R3_0,41.255407,22.482461,1759,148377.6
shape_R3_0,41.254647,22.482720,1760,148464.8
shape_R3_0,41.252768,22.482742,1761,148673.8
shape_R3_0,41.251032,22.482618,1762,148867.1
shape_R3_0,41.250032,22.482757,1763,148978.9
shape_R3_0,41.249294,22.483010,1764,149063.6
shape_R3_0,41.248447,22.483539,1765,149167.7
shape_R3_0,41.245316,22.486603,1766,149599.9
shape_R3_0,41.243862,22.488044,1767,149801.5
shape_R3_0,41.242805,22.489088,1768,149947.9
shape_R3_0,41.242220,22.489666,1769,150029.0
shape_R3_0,41.240491,22.491399,1770,150269.7
shape_R3_0,41.239252,22.492485,1771,150434.7
shape_R3_0,41.237887,22.493262,1772,150599.8
shape_R3_0,41.237183,22.493480,1773,150680.2
shape_R3_0,41.236336,22.493581,1774,150774.8
shape_R3_0,41.235890,22.493603,1775,150824.4
shape_R3_0,41.235144,22.493621,1776,150907.3
shape_R3_0,41.232529,22.493556,1777,151198.2
shape_R3_0,41.230286,22.493806,1778,151448.5
shape_R3_0,41.227767,22.494511,1779,151734.7
shape_R3_0,41.227392,22.494638,1780,151777.7
shape_R3_0,41.226795,22.494840,1781,151846.2
shape_R3_0,41.225783,22.495181,1782,151962.3
shape_R3_0,41.224451,22.495596,1783,152114.4
shape_R3_0,41.222771,22.496130,1784,152306.5
shape_R3_0,41.221658,22.496537,1785,152434.9
shape_R3_0,41.220837,22.496956,1786,152532.6
shape_R3_0,41.219741,22.497861,1787,152676.1
shape_R3_0,41.218317,22.499121,1788,152866.3
shape_R3_0,41.216388,22.500929,1789,153128.8
shape_R3_0,41.215772,22.501494,1790,153212.0
shape_R3_0,41.215348,22.501904,1791,153270.3
shape_R3_0,41.214526,22.502683,1792,153382.5
shape_R3_0,41.212976,22.504108,1793,153592.1
shape_R3_0,41.212523,22.504527,1794,153653.5
shape_R3_0,41.211927,22.504946,1795,153728.4
shape_R3_0,41.211415,22.505254,1796,153790.9
shape_R3_0,41.210895,22.505505,1797,153852.4
shape_R3_0,41.210119,22.505792,1798,153942.0
shape_R3_0,41.209741,22.505915,1799,153985.3
shape_R3_0,41.209601,22.505942,1800,154001.0
shape_R3_0,41.208938,22.506025,1801,154075.0
shape_R3_0,41.208872,22.506034,1802,154082.4
shape_R3_0,41.208300,22.506046,1803,154146.0
shape_R3_0,41.207456,22.506003,1804,154239.9
shape_R3_0,41.206138,22.505835,1805,154387.2
shape_R3_0,41.205242,22.505690,1806,154487.5
shape_R3_0,41.202245,22.505264,1807,154822.7
shape_R3_0,41.192912,22.503445,1808,155871.6
shape_R3_0,41.191189,22.503146,1809,156064.8
shape_R3_0,41.190270,22.503004,1810,156167.7
shape_R3_0,41.189233,22.502994,1811,156283.0
shape_R3_0,41.188043,22.503096,1812,156415.6
shape_R3_0,41.186784,22.503386,1813,156557.7
shape_R3_0,41.186411,22.503446,1814,156599.4
shape_R3_0,41.182226,22.504698,1815,157076.4
shape_R3_0,41.177720,22.505954,1816,157588.4
shape_R3_0,41.172079,22.507693,1817,158232.3
shape_R3_0,41.171384,22.507897,1818,158311.4
shape_R3_0,41.171255,22.507942,1819,158326.3
shape_R3_0,41.170632,22.508118,1820,158397.1
shape_R3_0,41.168048,22.508902,1821,158691.8
shape_R3_0,41.166210,22.509317,1822,158899.1
shape_R3_0,41.165473,22.509344,1823,158981.1
shape_R3_0,41.164528,22.509265,1824,159086.4
shape_R3_0,41.161392,22.508713,1825,159438.2
shape_R3_0,41.158282,22.508166,1826,159787.0
shape_R3_0,41.157872,22.508114,1827,159832.8
shape_R3_0,41.157293,22.508027,1828,159897.6
shape_R3_0,41.156831,22.507982,1829,159949.1
shape_R3_0,41.156593,22.507953,1830,159975.7
shape_R3_0,41.156385,22.507942,1831,159998.8
shape_R3_0,41.156147,22.507935,1832,160025.3
shape_R3_0,41.155416,22.507996,1833,160106.7
shape_R3_0,41.154510,22.508142,1834,160208.2
shape_R3_0,41.153952,22.508307,1835,160271.8
shape_R3_0,41.153413,22.508516,1836,160334.2
shape_R3_0,41.153188,22.508609,1837,160360.4
shape_R3_0,41.150786,22.509616,1838,160640.5
shape_R3_0,41.148466,22.510550,1839,160910.1
shape_R3_0,41.148391,22.510579,1840,160918.8
shape_R3_0,41.147782,22.510828,1841,160989.6
shape_R3_0,41.147141,22.511093,1842,161064.3
shape_R3_0,41.143545,22.512600,1843,161483.6
shape_R3_1,41.143545,22.512600,1,0.0
shape_R3_1,41.147141,22.511093,2,419.3
shape_R3_1,41.147782,22.510828,3,493.9
shape_R3_1,41.148391,22.510579,4,564.8
shape_R3_1,41.148466,22.510550,5,573.5
shape_R3_1,41.150786,22.509616,6,843.1
shape_R3_1,41.153188,22.508609,7,1123.1
shape_R3_1,41.153413,22.508516,8,1149.3
shape_R3_1,41.153952,22.508307,9,1211.8
shape_R3_1,41.154510,22.508142,10,1275.3
shape_R3_1,41.155416,22.507996,11,1376.8
shape_R3_1,41.156147,22.507935,12,1458.3
shape_R3_1,41.156385,22.507942,13,1484.7
shape_R3_1,41.156593,22.507953,14,1507.9
shape_R3_1,41.156831,22.507982,15,1534.5
shape_R3_1,41.157293,22.508027,16,1586.0
shape_R3_1,41.157872,22.508114,17,1650.8
shape_R3_1,41.158282,22.508166,18,1696.6
shape_R3_1,41.161392,22.508713,19,2045.4
shape_R3_1,41.164528,22.509265,20,2397.1
shape_R3_1,41.165473,22.509344,21,2502.4
shape_R3_1,41.166210,22.509317,22,2584.4
shape_R3_1,41.168048,22.508902,23,2791.7
shape_R3_1,41.170632,22.508118,24,3086.4
shape_R3_1,41.171255,22.507942,25,3157.3
shape_R3_1,41.171384,22.507897,26,3172.1
shape_R3_1,41.172079,22.507693,27,3251.2
shape_R3_1,41.177720,22.505954,28,3895.2
shape_R3_1,41.182226,22.504698,29,4407.1
shape_R3_1,41.186411,22.503446,30,4884.1
shape_R3_1,41.186784,22.503386,31,4925.9
shape_R3_1,41.188043,22.503096,32,5068.0
shape_R3_1,41.189233,22.502994,33,5200.6
shape_R3_1,41.190270,22.503004,34,5315.9
shape_R3_1,41.191189,22.503146,35,5418.8
shape_R3_1,41.192912,22.503445,36,5612.0
shape_R3_1,41.202245,22.505264,37,6660.9
shape_R3_1,41.205242,22.505690,38,6996.0
shape_R3_1,41.206138,22.505835,39,7096.4
shape_R3_1,41.207456,22.506003,40,7243.6
shape_R3_1,41.208300,22.506046,41,7337.5
shape_R3_1,41.208872,22.506034,42,7401.1
shape_R3_1,41.208938,22.506025,43,7408.5
shape_R3_1,41.209601,22.505942,44,7482.6
shape_R3_1,41.209741,22.505915,45,7498.3
shape_R3_1,41.210119,22.505792,46,7541.6
shape_R3_1,41.210895,22.505505,47,7631.1
shape_R3_1,41.211415,22.505254,48,7692.6
shape_R3_1,41.211927,22.504946,49,7755.1
shape_R3_1,41.212523,22.504527,50,7830.1
shape_R3_1,41.212976,22.504108,51,7891.5
shape_R3_1,41.214526,22.502683,52,8101.0
shape_R3_1,41.215348,22.501904,53,8213.3
shape_R3_1,41.215772,22.501494,54,8271.6
shape_R3_1,41.216388,22.500929,55,8354.8
shape_R3_1,41.218317,22.499121,56,8617.2
shape_R3_1,41.219741,22.497861,57,8807.4
shape_R3_1,41.220837,22.496956,58,8950.9
shape_R3_1,41.221658,22.496537,59,9048.7
shape_R3_1,41.222771,22.496130,60,9177.0
shape_R3_1,41.224451,22.495596,61,9369.1
shape_R3_1,41.225783,22.495181,62,9521.2
shape_R3_1,41.226795,22.494840,63,9637.3
shape_R3_1,41.227392,22.494638,64,9705.8
shape_R3_1,41.227767,22.494511,65,9748.9
shape_R3_1,41.230286,22.493806,66,10035.1
shape_R3_1,41.232529,22.493556,67,10285.4
shape_R3_1,41.235144,22.493621,68,10576.2
shape_R3_1,41.235890,22.493603,69,10659.2
shape_R3_1,41.236336,22.493581,70,10708.8
shape_R3_1,41.237183,22.493480,71,10803.4
shape_R3_1,41.237887,22.493262,72,10883.7
shape_R3_1,41.239252,22.492485,73,11048.8
shape_R3_1,41.240491,22.491399,74,11213.8
shape_R3_1,41.242220,22.489666,75,11454.6
shape_R3_1,41.242805,22.489088,76,11535.6
shape_R3_1,41.243862,22.488044,77,11682.0
shape_R3_1,41.245316,22.486603,78,11883.7
shape_R3_1,41.248447,22.483539,79,12315.9
shape_R3_1,41.249294,22.483010,80,12419.9
shape_R3_1,41.250032,22.482757,81,12504.7
shape_R3_1,41.251032,22.482618,82,12616.5
shape_R3_1,41.252768,22.482742,83,12809.8
shape_R3_1,41.254647,22.482720,84,13018.7
shape_R3_1,41.255407,22.482461,85,13106.0
shape_R3_1,41.256433,22.481783,86,13233.4
shape_R3_1,41.257480,22.480883,87,13372.0
shape_R3_1,41.258253,22.480231,88,13473.8
shape_R3_1,41.258846,22.479848,89,13547.1
shape_R3_1,41.259516,22.479560,90,13625.3
shape_R3_1,41.260327,22.479300,91,13718.1
shape_R3_1,41.260725,22.479218,92,13762.9
shape_R3_1,41.261457,22.479205,93,13844.3
shape_R3_1,41.261617,22.479202,94,13862.1
shape_R3_1,41.261706,22.479201,95,13872.0
shape_R3_1,41.263247,22.479178,96,14043.3
shape_R3_1,41.265224,22.479162,97,14263.2
shape_R3_1,41.266648,22.479159,98,14421.5
shape_R3_1,41.270697,22.479184,99,14871.8
shape_R3_1,41.274495,22.479108,100,15294.1
shape_R3_1,41.276313,22.479290,101,15496.8
shape_R3_1,41.277835,22.479733,102,15670.1
shape_R3_1,41.278436,22.479858,103,15737.7
shape_R3_1,41.278594,22.479890,104,15755.5
shape_R3_1,41.279943,22.480074,105,15906.3
shape_R3_1,41.281408,22.480171,106,16069.4
shape_R3_1,41.282163,22.480169,107,16153.3
shape_R3_1,41.282988,22.480094,108,16245.3
shape_R3_1,41.284015,22.479778,109,16362.5
shape_R3_1,41.284987,22.479334,110,16476.8
shape_R3_1,41.292107,22.475550,111,17329.3
shape_R3_1,41.292992,22.475123,112,17433.9
shape_R3_1,41.293471,22.474892,113,17490.6
shape_R3_1,41.294146,22.474593,114,17569.7
shape_R3_1,41.294460,22.474416,115,17607.6
shape_R3_1,41.295117,22.473972,116,17689.6
shape_R3_1,41.295826,22.473329,117,17785.0
shape_R3_1,41.296600,22.472470,118,17897.0
shape_R3_1,41.297084,22.471784,119,17975.6
shape_R3_1,41.297438,22.471097,120,18045.2
shape_R3_1,41.297825,22.470067,121,18141.4
shape_R3_1,41.298056,22.469081,122,18227.7
shape_R3_1,41.298210,22.468307,123,18294.6
shape_R3_1,41.298986,22.464488,124,18625.1
shape_R3_1,41.299554,22.462087,125,18835.4
shape_R3_1,41.299586,22.461952,126,18847.2
shape_R3_1,41.300276,22.458952,127,19109.3
shape_R3_1,41.301049,22.455519,128,19408.7
shape_R3_1,41.301469,22.453759,129,19562.9
shape_R3_1,41.301920,22.452600,130,19672.0
shape_R3_1,41.302560,22.451498,131,19788.3
shape_R3_1,41.303387,22.450541,132,19910.2
shape_R3_1,41.304455,22.449765,133,20045.5
shape_R3_1,41.305677,22.449319,134,20186.4
shape_R3_1,41.307175,22.449034,135,20354.6
shape_R3_1,41.312672,22.447946,136,20972.6
shape_R3_1,41.313808,22.447714,137,21100.4
shape_R3_1,41.317619,22.446979,138,21528.6
shape_R3_1,41.319392,22.446507,139,21729.6
shape_R3_1,41.319967,22.446292,140,21796.0
shape_R3_1,41.320381,22.446136,141,21843.9
shape_R3_1,41.320786,22.445987,142,21890.6
shape_R3_1,41.321531,22.445714,143,21976.5
shape_R3_1,41.322216,22.445426,144,22056.4
shape_R3_1,41.323029,22.445013,145,22153.1
shape_R3_1,41.324537,22.444236,146,22332.9
shape_R3_1,41.324987,22.444000,147,22386.7
shape_R3_1,41.326878,22.443012,148,22612.6
shape_R3_1,41.327245,22.442821,149,22656.4
shape_R3_1,41.327803,22.442515,150,22723.5
shape_R3_1,41.329685,22.441528,151,22948.4
shape_R3_1,41.331348,22.440558,152,23150.3
shape_R3_1,41.331730,22.440324,153,23197.1
shape_R3_1,41.332932,22.439575,154,23344.6
shape_R3_1,41.333009,22.439524,155,23354.2
shape_R3_1,41.333939,22.439014,156,23466.0
shape_R3_1,41.334912,22.438338,157,23588.0
shape_R3_1,41.336873,22.436860,158,23838.6
shape_R3_1,41.339003,22.435247,159,24111.0
shape_R3_1,41.340478,22.434114,160,24300.4
shape_R3_1,41.342035,22.432933,161,24499.6
shape_R3_1,41.342577,22.432489,162,24570.4
shape_R3_1,41.343175,22.431924,163,24651.9
shape_R3_1,41.344085,22.430902,164,24784.3
shape_R3_1,41.345099,22.429793,165,24930.1
shape_R3_1,41.345804,22.429009,166,25032.3
shape_R3_1,41.347143,22.427549,167,25224.7
shape_R3_1,41.348287,22.426390,168,25384.5
shape_R3_1,41.350157,22.424545,169,25643.2
shape_R3_1,41.350475,22.424285,170,25684.7
shape_R3_1,41.350825,22.424054,171,25728.2
shape_R3_1,41.351320,22.423819,172,25786.6
shape_R3_1,41.352629,22.423314,173,25938.1
shape_R3_1,41.352958,22.423192,174,25976.1
shape_R3_1,41.353402,22.422978,175,26028.6
shape_R3_1,41.355200,22.422044,176,26243.2
shape_R3_1,41.355685,22.421777,177,26301.6
shape_R3_1,41.356006,22.421572,178,26341.1
shape_R3_1,41.356430,22.421278,179,26394.3
shape_R3_1,41.357098,22.420745,180,26480.9
shape_R3_1,41.357676,22.420214,181,26558.9
shape_R3_1,41.358000,22.419877,182,26604.6
shape_R3_1,41.360126,22.417647,183,26905.5
shape_R3_1,41.361057,22.416513,184,27045.8
shape_R3_1,41.362273,22.415025,185,27229.4
shape_R3_1,41.362613,22.414530,186,27285.4
shape_R3_1,41.362851,22.414109,187,27329.4
shape_R3_1,41.363665,22.412485,188,27492.3
shape_R3_1,41.364139,22.411501,189,27589.9
shape_R3_1,41.364508,22.410736,190,27665.8
shape_R3_1,41.364869,22.410155,191,27728.8
shape_R3_1,41.365214,22.409666,192,27784.8
shape_R3_1,41.365514,22.409344,193,27827.6
shape_R3_1,41.365812,22.409014,194,27870.7
shape_R3_1,41.366259,22.408606,195,27930.9
shape_R3_1,41.367224,22.407877,196,28054.3
shape_R3_1,41.368025,22.407209,197,28159.4
shape_R3_1,41.368678,22.406582,198,28248.9
shape_R3_1,41.369689,22.405459,199,28395.2
shape_R3_1,41.370700,22.404274,200,28544.9
shape_R3_1,41.371307,22.403352,201,28647.3
shape_R3_1,41.371883,22.402355,202,28752.3
shape_R3_1,41.372985,22.400372,203,28958.2
shape_R3_1,41.373411,22.399418,204,29050.8
shape_R3_1,41.373693,22.398614,205,29124.9
shape_R3_1,41.373913,22.397596,206,29213.3
shape_R3_1,41.374009,22.396871,207,29274.7
shape_R3_1,41.374152,22.394510,208,29472.3
shape_R3_1,41.374267,22.392806,209,29615.1
shape_R3_1,41.374294,22.391868,210,29693.4
shape_R3_1,41.374293,22.390052,211,29844.9
shape_R3_1,41.374344,22.389355,212,29903.4
shape_R3_1,41.374469,22.388262,213,29995.6
shape_R3_1,41.374565,22.387672,214,30046.0
shape_R3_1,41.374799,22.386637,215,30136.2
shape_R3_1,41.375124,22.385371,216,30247.8
shape_R3_1,41.375280,22.384646,217,30310.8
shape_R3_1,41.375357,22.384170,218,30351.4
shape_R3_1,41.375481,22.382782,219,30468.0
shape_R3_1,41.375556,22.382153,220,30521.2
shape_R3_1,41.375696,22.381459,221,30581.1
shape_R3_1,41.375835,22.380984,222,30623.7
shape_R3_1,41.375964,22.380622,223,30657.1
shape_R3_1,41.376092,22.380326,224,30685.6
shape_R3_1,41.376272,22.379953,225,30722.6
shape_R3_1,41.376814,22.378981,226,30823.7
shape_R3_1,41.377445,22.377864,227,30940.3
shape_R3_1,41.377772,22.377370,228,30995.3
shape_R3_1,41.378168,22.376851,229,31057.1
shape_R3_1,41.378375,22.376576,230,31089.6
shape_R3_1,41.378874,22.376022,231,31161.8
shape_R3_1,41.379514,22.375398,232,31250.0
shape_R3_1,41.380008,22.374966,233,31315.7
shape_R3_1,41.380505,22.374555,234,31380.7
shape_R3_1,41.381147,22.374185,235,31458.5
shape_R3_1,41.381727,22.373927,236,31526.5
shape_R3_1,41.382405,22.373748,237,31603.3
shape_R3_1,41.383074,22.373328,238,31685.5
shape_R3_1,41.383597,22.372772,239,31759.9
shape_R3_1,41.383909,22.372238,240,31816.4
shape_R3_1,41.384099,22.371765,241,31861.2
shape_R3_1,41.384228,22.371319,242,31901.0
shape_R3_1,41.384376,22.370735,243,31952.5
shape_R3_1,41.384419,22.370420,244,31979.2
shape_R3_1,41.384434,22.370031,245,32011.7
shape_R3_1,41.384419,22.369704,246,32039.0
shape_R3_1,41.384344,22.369280,247,32075.3
shape_R3_1,41.384163,22.368744,248,32124.4
shape_R3_1,41.383933,22.368272,249,32171.3
shape_R3_1,41.383631,22.367704,250,32229.4
shape_R3_1,41.383180,22.366701,251,32327.0
shape_R3_1,41.383050,22.366300,252,32363.4
shape_R3_1,41.382805,22.365217,253,32457.8
shape_R3_1,41.382685,22.364575,254,32513.0
shape_R3_1,41.382672,22.364150,255,32548.5
shape_R3_1,41.382676,22.363661,256,32589.3
shape_R3_1,41.382759,22.363165,257,32631.7
shape_R3_1,41.383092,22.361984,258,32736.9
shape_R3_1,41.383429,22.360841,259,32839.4
shape_R3_1,41.383777,22.359723,260,32940.4
shape_R3_1,41.383949,22.359281,261,32981.9
shape_R3_1,41.383985,22.359187,262,32990.7
shape_R3_1,41.384332,22.358533,263,33057.6
shape_R3_1,41.384670,22.358089,264,33110.3
shape_R3_1,41.384982,22.357729,265,33156.2
shape_R3_1,41.385802,22.356777,266,33277.1
shape_R3_1,41.386198,22.356272,267,33338.1
shape_R3_1,41.386689,22.355603,268,33416.1
shape_R3_1,41.387790,22.353994,269,33597.8
shape_R3_1,41.387885,22.353847,270,33614.0
shape_R3_1,41.388539,22.352845,271,33724.8
shape_R3_1,41.388767,22.352376,272,33771.4
shape_R3_1,41.388963,22.351696,273,33832.2
shape_R3_1,41.389030,22.351206,274,33873.7
shape_R3_1,41.389054,22.350719,275,33914.5
shape_R3_1,41.389022,22.350193,276,33958.5
shape_R3_1,41.388935,22.349681,277,34002.3
shape_R3_1,41.388625,22.348344,278,34119.0
shape_R3_1,41.388448,22.347577,279,34186.0
shape_R3_1,41.388374,22.346911,280,34242.1
shape_R3_1,41.388318,22.346185,281,34303.0
shape_R3_1,41.388321,22.345480,282,34361.8
shape_R3_1,41.388341,22.344922,283,34408.4
shape_R3_1,41.388405,22.344379,284,34454.3
shape_R3_1,41.388492,22.343811,285,34502.7
shape_R3_1,41.388659,22.343035,286,34570.0
shape_R3_1,41.388804,22.342538,287,34614.5
shape_R3_1,41.389135,22.341621,288,34699.4
shape_R3_1,41.389583,22.340440,289,34809.8
shape_R3_1,41.389972,22.339347,290,34910.7
shape_R3_1,41.390547,22.337836,291,35052.0
shape_R3_1,41.390862,22.336827,292,35143.2
shape_R3_1,41.391078,22.335782,293,35233.6
shape_R3_1,41.391173,22.334898,294,35308.1
shape_R3_1,41.391209,22.333977,295,35385.1
shape_R3_1,41.391178,22.333237,296,35446.9
shape_R3_1,41.391082,22.332479,297,35511.0
shape_R3_1,41.390924,22.331616,298,35585.1
shape_R3_1,41.390682,22.330720,299,35664.6
shape_R3_1,41.390386,22.329636,300,35760.8
shape_R3_1,41.390310,22.329382,301,35783.6
shape_R3_1,41.390024,22.328378,302,35873.2
shape_R3_1,41.389738,22.327331,303,35966.1
shape_R3_1,41.389513,22.326555,304,36035.5
shape_R3_1,41.389426,22.326064,305,36077.6
shape_R3_1,41.389361,22.325657,306,36112.3
shape_R3_1,41.389336,22.325132,307,36156.2
shape_R3_1,41.389367,22.324579,308,36202.5
shape_R3_1,41.389457,22.323929,309,36257.6
shape_R3_1,41.389607,22.323336,310,36309.8
shape_R3_1,41.389935,22.322391,311,36396.7
shape_R3_1,41.390430,22.321046,312,36521.7
shape_R3_1,41.390937,22.319624,313,36653.0
shape_R3_1,41.391537,22.317963,314,36806.8
shape_R3_1,41.392638,22.314956,315,37085.9
shape_R3_1,41.393744,22.311955,316,37364.8
shape_R3_1,41.394754,22.309176,317,37622.4
shape_R3_1,41.395086,22.308365,318,37699.5
shape_R3_1,41.395438,22.307710,319,37766.7
shape_R3_1,41.395885,22.307066,320,37839.9
shape_R3_1,41.397302,22.305208,321,38060.9
shape_R3_1,41.397338,22.305156,322,38066.8
shape_R3_1,41.398352,22.303844,323,38223.9
shape_R3_1,41.399261,22.302611,324,38368.1
shape_R3_1,41.399817,22.301718,325,38464.9
shape_R3_1,41.400496,22.300485,326,38592.5
shape_R3_1,41.400897,22.299611,327,38677.9
shape_R3_1,41.401273,22.298659,328,38767.7
shape_R3_1,41.401599,22.297772,329,38850.1
shape_R3_1,41.402526,22.295036,330,39100.5
shape_R3_1,41.402548,22.294981,331,39105.7
shape_R3_1,41.403085,22.293411,332,39249.6
shape_R3_1,41.404121,22.290438,333,39523.0
shape_R3_1,41.404892,22.288154,334,39731.9
shape_R3_1,41.405209,22.287236,335,39816.2
shape_R3_1,41.405569,22.286180,336,39912.9
shape_R3_1,41.405816,22.285372,337,39985.7
shape_R3_1,41.406229,22.283553,338,40144.2
shape_R3_1,41.406562,22.282082,339,40272.3
shape_R3_1,41.406789,22.280919,340,40372.6
shape_R3_1,41.406920,22.279709,341,40474.5
shape_R3_1,41.406951,22.278587,342,40568.2
shape_R3_1,41.406878,22.277085,343,40693.7
shape_R3_1,41.406833,22.276204,344,40767.3
shape_R3_1,41.406791,22.275431,345,40832.0
shape_R3_1,41.406716,22.274078,346,40945.1
shape_R3_1,41.406585,22.272585,347,41070.5
shape_R3_1,41.406379,22.271461,348,41167.0
shape_R3_1,41.406059,22.270392,349,41263.0
shape_R3_1,41.405718,22.269551,350,41342.7
shape_R3_1,41.405332,22.268611,351,41432.1
shape_R3_1,41.404922,22.267562,352,41530.8
shape_R3_1,41.404728,22.266868,353,41592.5
shape_R3_1,41.404635,22.266278,354,41642.8
shape_R3_1,41.404588,22.265735,355,41688.4
shape_R3_1,41.404583,22.265148,356,41737.4
shape_R3_1,41.404667,22.264293,357,41809.3
shape_R3_1,41.404807,22.263320,358,41891.9
shape_R3_1,41.404948,22.262270,359,41980.9
shape_R3_1,41.404971,22.261448,360,42049.5
shape_R3_1,41.404884,22.260711,361,42111.7
shape_R3_1,41.404656,22.259880,362,42185.5
shape_R3_1,41.404356,22.259180,363,42252.7
shape_R3_1,41.404165,22.258814,364,42289.9
shape_R3_1,41.404142,22.258771,365,42294.3
shape_R3_1,41.403737,22.257948,366,42376.4
shape_R3_1,41.403622,22.257568,367,42410.6
shape_R3_1,41.403498,22.256990,368,42460.7
shape_R3_1,41.403462,22.256464,369,42504.8
shape_R3_1,41.403485,22.256057,370,42538.8
shape_R3_1,41.403592,22.255368,371,42597.5
shape_R3_1,41.403821,22.254050,372,42710.4
shape_R3_1,41.404027,22.252878,373,42810.8
shape_R3_1,41.404333,22.251175,374,42956.8
shape_R3_1,41.404517,22.250470,375,43019.1
shape_R3_1,41.404864,22.249658,376,43097.0
shape_R3_1,41.405116,22.249252,377,43141.0
shape_R3_1,41.405618,22.248646,378,43216.3
shape_R3_1,41.406904,22.247369,379,43394.6
shape_R3_1,41.408043,22.246228,380,43553.0
shape_R3_1,41.408321,22.245947,381,43591.8
shape_R3_1,41.409368,22.244890,382,43737.8
shape_R3_1,41.411397,22.242840,383,44020.9
shape_R3_1,41.411699,22.242539,384,44062.8
shape_R3_1,41.412000,22.242209,385,44106.1
shape_R3_1,41.412333,22.241786,386,44157.3
shape_R3_1,41.412726,22.241225,387,44221.3
shape_R3_1,41.413084,22.240628,388,44285.0
shape_R3_1,41.413551,22.239749,389,44374.9
shape_R3_1,41.413816,22.239252,390,44425.7
shape_R3_1,41.415516,22.236205,391,44742.4
shape_R3_1,41.416127,22.235175,392,44851.9
shape_R3_1,41.416823,22.233973,393,44978.5
shape_R3_1,41.417029,22.233613,394,45016.3
shape_R3_1,41.417434,22.232952,395,45087.5
shape_R3_1,41.418277,22.231587,396,45234.9
shape_R3_1,41.418541,22.231150,397,45281.7
shape_R3_1,41.418747,22.230643,398,45329.8
shape_R3_1,41.418882,22.230180,399,45371.2
shape_R3_1,41.418981,22.229883,400,45398.3
shape_R3_1,41.419372,22.228901,401,45491.0
shape_R3_1,41.419655,22.227832,402,45585.6
shape_R3_1,41.419834,22.226971,403,45660.1
shape_R3_1,41.419976,22.226103,404,45734.2
shape_R3_1,41.420158,22.224624,405,45859.1
shape_R3_1,41.420278,22.223578,406,45947.4
shape_R3_1,41.420428,22.222427,407,46044.8
shape_R3_1,41.420549,22.221400,408,46131.5
shape_R3_1,41.420569,22.220904,409,46172.9
shape_R3_1,41.420554,22.220485,410,46207.8
shape_R3_1,41.420490,22.219901,411,46257.1
shape_R3_1,41.420216,22.218665,412,46364.5
shape_R3_1,41.420055,22.217609,413,46454.4
shape_R3_1,41.419882,22.216579,414,46542.4
shape_R3_1,41.419830,22.215867,415,46602.0
shape_R3_1,41.419798,22.215206,416,46657.3
shape_R3_1,41.419701,22.214494,417,46717.6
shape_R3_1,41.419476,22.213618,418,46794.8
shape_R3_1,41.419154,22.212657,419,46882.6
shape_R3_1,41.418927,22.211491,420,46983.0
shape_R3_1,41.418898,22.211187,421,47008.6
shape_R3_1,41.418879,22.210861,422,47035.9
shape_R3_1,41.418885,22.209906,423,47115.5
shape_R3_1,41.418918,22.208442,424,47237.6
shape_R3_1,41.418878,22.207885,425,47284.3
shape_R3_1,41.418820,22.207470,426,47319.5
shape_R3_1,41.418723,22.206992,427,47360.8
shape_R3_1,41.418401,22.206134,428,47440.8
shape_R3_1,41.418079,22.205361,429,47514.5
shape_R3_1,41.417738,22.204651,430,47584.8
shape_R3_1,41.417516,22.204154,431,47633.1
shape_R3_1,41.417303,22.203601,432,47684.9
shape_R3_1,41.417218,22.203320,433,47710.2
shape_R3_1,41.417100,22.202770,434,47757.9
shape_R3_1,41.417044,22.202388,435,47790.3
shape_R3_1,41.417013,22.201975,436,47824.9
shape_R3_1,41.417004,22.201646,437,47852.4
shape_R3_1,41.417027,22.201227,438,47887.4
shape_R3_1,41.417070,22.200846,439,47919.5
shape_R3_1,41.417155,22.200334,440,47963.3
shape_R3_1,41.417415,22.199504,441,48038.3
shape_R3_1,41.417639,22.199003,442,48086.9
shape_R3_1,41.417862,22.198617,443,48127.5
shape_R3_1,41.418163,22.198196,444,48176.0
shape_R3_1,41.418477,22.197813,445,48223.4
shape_R3_1,41.419391,22.196823,446,48354.3
shape_R3_1,41.420473,22.195701,447,48506.7
shape_R3_1,41.421838,22.194135,448,48706.9
shape_R3_1,41.425829,22.189912,449,49273.4
shape_R3_1,41.427798,22.187783,450,49555.3
shape_R3_1,41.428672,22.186864,451,49679.0
shape_R3_1,41.430288,22.185165,452,49907.8
shape_R3_1,41.431189,22.184436,453,50025.0
shape_R3_1,41.431749,22.184092,454,50093.6
shape_R3_1,41.432508,22.183852,455,50180.3
shape_R3_1,41.433248,22.183663,456,50264.1
shape_R3_1,41.436273,22.183234,457,50602.4
shape_R3_1,41.439767,22.182702,458,50993.4
shape_R3_1,41.442771,22.182307,459,51329.0
shape_R3_1,41.443782,22.182136,460,51442.4
shape_R3_1,41.444714,22.182059,461,51546.2
shape_R3_1,41.445582,22.181898,462,51643.6
shape_R3_1,41.446392,22.181597,463,51737.1
shape_R3_1,41.446975,22.181319,464,51806.0
shape_R3_1,41.447483,22.181017,465,51867.8
shape_R3_1,41.447967,22.180654,466,51929.6
shape_R3_1,41.448639,22.180027,467,52020.7
shape_R3_1,41.449027,22.179613,468,52076.0
shape_R3_1,41.449659,22.178731,469,52177.7
shape_R3_1,41.450022,22.178102,470,52243.8
shape_R3_1,41.450447,22.177226,471,52330.8
shape_R3_1,41.450833,22.176179,472,52428.1
shape_R3_1,41.451026,22.175407,473,52495.9
shape_R3_1,41.451264,22.174377,474,52585.7
shape_R3_1,41.451476,22.173149,475,52690.7
shape_R3_1,41.452312,22.167338,476,53183.9
shape_R3_1,41.452404,22.166819,477,53228.3
shape_R3_1,41.452452,22.166475,478,53257.5
shape_R3_1,41.452827,22.163905,479,53475.7
shape_R3_1,41.452973,22.163052,480,53548.6
shape_R3_1,41.452997,22.162889,481,53562.5
shape_R3_1,41.453168,22.161794,482,53655.7
shape_R3_1,41.453337,22.160970,483,53726.9
shape_R3_1,41.453524,22.160317,484,53785.1
shape_R3_1,41.453685,22.159804,485,53831.5
shape_R3_1,41.454084,22.158797,486,53926.4
shape_R3_1,41.454484,22.158051,487,54002.9
shape_R3_1,41.455133,22.157041,488,54113.7
shape_R3_1,41.455805,22.156281,489,54211.7
shape_R3_1,41.456454,22.155655,490,54300.7
shape_R3_1,41.457317,22.155099,491,54407.3
shape_R3_1,41.458476,22.154383,492,54549.3
shape_R3_1,41.460119,22.153451,493,54747.8
shape_R3_1,41.463232,22.151679,494,55124.2
shape_R3_1,41.464328,22.151064,495,55256.4
shape_R3_1,41.465438,22.150423,496,55390.8
shape_R3_1,41.466031,22.150043,497,55464.0
shape_R3_1,41.466559,22.149626,498,55532.2
shape_R3_1,41.467137,22.149065,499,55611.7
shape_R3_1,41.467734,22.148345,500,55701.2
shape_R3_1,41.468200,22.147657,501,55778.4
shape_R3_1,41.468605,22.146938,502,55853.4
shape_R3_1,41.469023,22.146121,503,55935.8
shape_R3_1,41.469538,22.144971,504,56047.4
shape_R3_1,41.469927,22.144211,505,56124.1
shape_R3_1,41.470184,22.143749,506,56172.1
shape_R3_1,41.470260,22.143613,507,56186.2
shape_R3_1,41.470313,22.143517,508,56196.1
shape_R3_1,41.470483,22.143237,509,56226.2
shape_R3_1,41.470985,22.142654,510,56300.2
shape_R3_1,41.471712,22.141795,511,56408.1
shape_R3_1,41.472239,22.141332,512,56478.3
shape_R3_1,41.472749,22.141000,513,56541.4
shape_R3_1,41.473263,22.140689,514,56604.1
shape_R3_1,41.473892,22.140420,515,56677.6
shape_R3_1,41.474631,22.140147,516,56762.8
shape_R3_1,41.475634,22.139958,517,56875.5
shape_R3_1,41.476342,22.139847,518,56954.7
shape_R3_1,41.476966,22.139675,519,57025.6
shape_R3_1,41.477673,22.139392,520,57107.7
shape_R3_1,41.479004,22.138817,521,57263.2
shape_R3_1,41.479988,22.138345,522,57379.5
shape_R3_1,41.481178,22.137675,523,57523.1
shape_R3_1,41.481724,22.137332,524,57590.2
shape_R3_1,41.482412,22.136954,525,57672.9
shape_R3_1,41.483029,22.136645,526,57746.2
shape_R3_1,41.483762,22.136474,527,57828.9
shape_R3_1,41.484727,22.136285,528,57937.4
shape_R3_1,41.485434,22.136130,529,58017.1
shape_R3_1,41.486225,22.135924,530,58106.7
shape_R3_1,41.486643,22.135753,531,58155.3
shape_R3_1,41.487659,22.135238,532,58276.1
shape_R3_1,41.489009,22.134397,533,58441.8
shape_R3_1,41.490771,22.133264,534,58659.3
shape_R3_1,41.491626,22.132783,535,58762.4
shape_R3_1,41.493105,22.132079,536,58937.0
shape_R3_1,41.494757,22.131375,537,59129.9
shape_R3_1,41.496415,22.130723,538,59322.0
shape_R3_1,41.497174,22.130191,539,59417.4
shape_R3_1,41.497669,22.129590,540,59491.8
shape_R3_1,41.498202,22.128800,541,59580.3
shape_R3_1,41.498697,22.127856,542,59676.3
shape_R3_1,41.499038,22.126741,543,59776.6
shape_R3_1,41.499231,22.125625,544,59872.0
shape_R3_1,41.499308,22.124543,545,59962.5
shape_R3_1,41.499244,22.123367,546,60060.7
shape_R3_1,41.498890,22.121882,547,60190.5
shape_R3_1,41.498312,22.120320,548,60335.6
shape_R3_1,41.497637,22.118501,549,60504.6
shape_R3_1,41.496930,22.116758,550,60669.7
shape_R3_1,41.496261,22.115102,551,60826.4
shape_R3_1,41.495638,22.113145,552,61003.5
shape_R3_1,41.495425,22.111797,553,61118.3
shape_R3_1,41.495361,22.110879,554,61195.0
shape_R3_1,41.495413,22.109866,555,61279.6
shape_R3_1,41.495541,22.108819,556,61368.0
shape_R3_1,41.495811,22.107763,557,61460.9
shape_R3_1,41.496152,22.106862,558,61545.0
shape_R3_1,41.496408,22.106320,559,61598.3
shape_R3_1,41.496602,22.105980,560,61633.9
shape_R3_1,41.496802,22.105664,561,61668.4
shape_R3_1,41.497094,22.105221,562,61717.5
shape_R3_1,41.497403,22.104824,563,61765.2
shape_R3_1,41.497696,22.104484,564,61808.4
shape_R3_1,41.498077,22.104074,565,61862.8
shape_R3_1,41.498462,22.103731,566,61914.3
shape_R3_1,41.498921,22.103373,567,61973.4
shape_R3_1,41.499079,22.103262,568,61993.2
shape_R3_1,41.499461,22.103046,569,62039.4
shape_R3_1,41.499804,22.102884,570,62079.8
shape_R3_1,41.500142,22.102756,571,62118.9
shape_R3_1,41.500541,22.102638,572,62164.3
shape_R3_1,41.500906,22.102569,573,62205.3
shape_R3_1,41.501454,22.102506,574,62266.5
shape_R3_1,41.502049,22.102444,575,62332.8
shape_R3_1,41.502966,22.102356,576,62435.1
shape_R3_1,41.503609,22.102244,577,62507.2
shape_R3_1,41.504785,22.101927,578,62640.6
shape_R3_1,41.505454,22.101815,579,62715.5
shape_R3_1,41.506199,22.101798,580,62798.4
shape_R3_1,41.507176,22.101867,581,62907.2
shape_R3_1,41.507830,22.101988,582,62980.6
shape_R3_1,41.508192,22.102056,583,63021.3
shape_R3_1,41.509297,22.102330,584,63146.2
shape_R3_1,41.510165,22.102656,585,63246.5
shape_R3_1,41.511045,22.103068,586,63350.2
shape_R3_1,41.511868,22.103446,587,63446.9
shape_R3_1,41.512652,22.104047,588,63547.5
shape_R3_1,41.513424,22.104733,589,63650.6
shape_R3_1,41.514021,22.105231,590,63728.8
shape_R3_1,41.514709,22.105987,591,63827.9
shape_R3_1,41.515724,22.107188,592,63978.7
shape_R3_1,41.517254,22.108905,593,64200.9
shape_R3_1,41.519079,22.110879,594,64462.1
shape_R3_1,41.519612,22.111514,595,64541.5
shape_R3_1,41.520107,22.112312,596,64627.8
shape_R3_1,41.520413,22.112849,597,64683.9
shape_R3_1,41.520814,22.113729,598,64769.7
shape_R3_1,41.521182,22.114572,599,64850.9
shape_R3_1,41.521329,22.114910,600,64883.5
shape_R3_1,41.522163,22.116934,601,65075.8
shape_R3_1,41.523013,22.118999,602,65272.0
shape_R3_1,41.523898,22.121103,603,65472.9
shape_R3_1,41.524406,22.122191,604,65579.7
shape_R3_1,41.524942,22.123253,605,65686.3
shape_R3_1,41.525058,22.123481,606,65709.2
shape_R3_1,41.526101,22.125523,607,65915.0
shape_R3_1,41.526712,22.126719,608,66035.5
shape_R3_1,41.527078,22.127318,609,66099.9
shape_R3_1,41.527521,22.127957,610,66172.4
shape_R3_1,41.528154,22.128729,611,66267.7
shape_R3_1,41.528695,22.129245,612,66341.6
shape_R3_1,41.529296,22.129779,613,66421.9
shape_R3_1,41.529784,22.130053,614,66480.8
shape_R3_1,41.530453,22.130363,615,66559.5
shape_R3_1,41.531160,22.130594,616,66640.4
shape_R3_1,41.531712,22.130766,617,66703.5
shape_R3_1,41.532637,22.130826,618,66806.4
shape_R3_1,41.533428,22.130740,619,66894.7
shape_R3_1,41.534282,22.130568,620,66990.7
shape_R3_1,41.535130,22.130191,621,67090.1
shape_R3_1,41.536017,22.129693,622,67197.1
shape_R3_1,41.536788,22.129049,623,67298.2
shape_R3_1,41.537430,22.128388,624,67388.3
shape_R3_1,41.537970,22.127702,625,67471.2
shape_R3_1,41.538394,22.126946,626,67549.8
shape_R3_1,41.538805,22.126191,627,67627.5
shape_R3_1,41.539191,22.125187,628,67721.4
shape_R3_1,41.539512,22.123900,629,67834.3
shape_R3_1,41.539743,22.122329,630,67967.6
shape_R3_1,41.539828,22.121216,631,68060.7
shape_R3_1,41.539820,22.120338,632,68133.8
shape_R3_1,41.539679,22.119350,633,68217.5
shape_R3_1,41.539435,22.118149,634,68321.1
shape_R3_1,41.538407,22.114072,635,68679.1
shape_R3_1,41.537974,22.112601,636,68810.7
shape_R3_1,41.537727,22.111642,637,68895.1
shape_R3_1,41.537459,22.110255,638,69014.3
shape_R3_1,41.537171,22.108135,639,69193.7
shape_R3_1,41.536990,22.106883,640,69299.8
shape_R3_1,41.536753,22.105906,641,69385.3
shape_R3_1,41.536518,22.104704,642,69488.7
shape_R3_1,41.536277,22.103881,643,69562.2
shape_R3_1,41.536017,22.102553,644,69676.5
shape_R3_1,41.535921,22.101729,645,69745.9
shape_R3_1,41.535856,22.100725,646,69829.8
shape_R3_1,41.535966,22.099524,647,69930.5
shape_R3_1,41.536094,22.098897,648,69984.6
shape_R3_1,41.536399,22.097843,649,70078.6
shape_R3_1,41.539116,22.090963,650,70726.1
shape_R3_1,41.539609,22.089712,651,70843.8
shape_R3_1,41.540433,22.087636,652,71039.3
shape_R3_1,41.540949,22.085990,653,71187.9
shape_R3_1,41.541264,22.084775,654,71294.9
shape_R3_1,41.541556,22.083157,655,71433.4
shape_R3_1,41.541702,22.081954,656,71534.8
shape_R3_1,41.542795,22.072805,657,72305.9
shape_R3_1,41.542891,22.071689,658,72399.4
shape_R3_1,41.542859,22.070642,659,72486.6
shape_R3_1,41.542763,22.069998,660,72541.2
shape_R3_1,41.542506,22.069182,661,72614.9
shape_R3_1,41.542217,22.068564,662,72675.6
shape_R3_1,41.541606,22.067895,663,72763.4
shape_R3_1,41.540694,22.067380,664,72873.5
shape_R3_1,41.539987,22.066968,665,72959.3
shape_R3_1,41.539615,22.066668,666,73007.6
shape_R3_1,41.538998,22.065964,667,73097.8
shape_R3_1,41.538548,22.065105,668,73185.1
shape_R3_1,41.538291,22.064376,669,73252.1
shape_R3_1,41.538163,22.063629,670,73315.9
shape_R3_1,41.538086,22.062745,671,73390.0
shape_R3_1,41.538137,22.062016,672,73450.9
shape_R3_1,41.538407,22.060728,673,73562.3
shape_R3_1,41.538869,22.058539,674,73751.6
shape_R3_1,41.539306,22.056419,675,73934.6
shape_R3_1,41.539660,22.054789,676,74075.8
shape_R3_1,41.539968,22.053304,677,74204.1
shape_R3_1,41.540257,22.052248,678,74297.7
shape_R3_1,41.540630,22.051244,679,74391.0
shape_R3_1,41.541079,22.050257,680,74487.1
shape_R3_1,41.541529,22.049381,681,74575.5
shape_R3_1,41.542088,22.048557,682,74668.1
shape_R3_1,41.542666,22.047871,683,74754.0
shape_R3_1,41.543244,22.047210,684,74838.6
shape_R3_1,41.544079,22.046308,685,74958.0
shape_R3_1,41.544934,22.045322,686,75083.6
shape_R3_1,41.545557,22.044463,687,75183.2
shape_R3_1,41.546039,22.043631,688,75270.7
shape_R3_1,41.546520,22.042722,689,75363.4
shape_R3_1,41.546553,22.042661,690,75369.6
shape_R3_1,41.547031,22.041446,691,75483.9
shape_R3_1,41.547773,22.039614,692,75657.2
shape_R3_1,41.548036,22.038977,693,75717.8
shape_R3_1,41.550504,22.032942,694,76290.1
shape_R3_1,41.551100,22.031546,695,76423.8
shape_R3_1,41.551627,22.030215,696,76549.1
shape_R3_1,41.552302,22.028756,697,76691.8
shape_R3_1,41.552880,22.027838,698,76791.7
shape_R3_1,41.553091,22.027556,699,76824.9
shape_R3_1,41.553219,22.027385,700,76845.0
shape_R3_1,41.553862,22.026525,701,76946.1
shape_R3_1,41.554505,22.025709,702,77044.7
shape_R3_1,41.554851,22.025194,703,77102.3
shape_R3_1,41.555132,22.024714,704,77153.0
shape_R3_1,41.555404,22.024250,705,77202.1
shape_R3_1,41.555866,22.023117,706,77309.4
shape_R3_1,41.556232,22.022044,707,77407.6
shape_R3_1,41.556714,22.020671,708,77533.8
shape_R3_1,41.557292,22.018997,709,77687.2
shape_R3_1,41.557967,22.017023,710,77867.7
shape_R3_1,41.558577,22.015135,711,78038.9
shape_R3_1,41.558834,22.014191,712,78122.4
shape_R3_1,41.559001,22.013307,713,78198.3
shape_R3_1,41.559078,22.012508,714,78265.3
shape_R3_1,41.559155,22.011633,715,78338.6
shape_R3_1,41.559206,22.010303,716,78449.4
shape_R3_1,41.559238,22.007985,717,78642.3
shape_R3_1,41.559302,22.003307,718,79031.6
shape_R3_1,41.559367,22.000604,719,79256.6
shape_R3_1,41.559302,21.999599,720,79340.6
shape_R3_1,41.559206,21.998630,721,79421.9
shape_R3_1,41.559046,21.997660,722,79504.6
shape_R3_1,41.558031,21.992501,723,79948.4
shape_R3_1,41.557846,21.991554,724,80029.8
shape_R3_1,41.557376,21.988957,725,80252.1
shape_R3_1,41.557035,21.987326,726,80393.1
shape_R3_1,41.556605,21.986038,727,80510.4
shape_R3_1,41.556026,21.984831,728,80629.7
shape_R3_1,41.555727,21.984195,729,80692.2
shape_R3_1,41.555455,21.983623,730,80748.6
shape_R3_1,41.555087,21.982596,731,80843.3
shape_R3_1,41.554916,21.981790,732,80913.0
shape_R3_1,41.554832,21.980600,733,81012.5
shape_R3_1,41.554779,21.979622,734,81094.1
shape_R3_1,41.554740,21.978313,735,81203.1
shape_R3_1,41.554748,21.977806,736,81245.3
shape_R3_1,41.554755,21.977461,737,81274.0
shape_R3_1,41.554783,21.976098,738,81387.5
shape_R3_1,41.554772,21.975485,739,81438.5
shape_R3_1,41.554726,21.974851,740,81491.5
shape_R3_1,41.554521,21.973834,741,81579.1
shape_R3_1,41.554161,21.972813,742,81673.1
shape_R3_1,41.553793,21.971875,743,81761.2
shape_R3_1,41.553525,21.971090,744,81833.0
shape_R3_1,41.553378,21.970527,745,81882.6
shape_R3_1,41.553264,21.969943,746,81932.8
shape_R3_1,41.553209,21.969258,747,81990.2
shape_R3_1,41.553212,21.968755,748,82032.0
shape_R3_1,41.553216,21.968613,749,82043.8
shape_R3_1,41.553227,21.968351,750,82065.7
shape_R3_1,41.553327,21.967666,751,82123.7
shape_R3_1,41.553490,21.967002,752,82181.9
shape_R3_1,41.553743,21.966339,753,82243.8
shape_R3_1,41.553964,21.965833,754,82292.6
shape_R3_1,41.554342,21.965204,755,82359.7
shape_R3_1,41.554675,21.964840,756,82407.5
shape_R3_1,41.555125,21.964450,757,82467.2
shape_R3_1,41.555609,21.964083,758,82529.1
shape_R3_1,41.561826,21.960632,759,83277.6
shape_R3_1,41.564037,21.959348,760,83545.7
shape_R3_1,41.568293,21.956959,761,84059.0
shape_R3_1,41.569837,21.956122,762,84244.2
shape_R3_1,41.570446,21.955786,763,84317.5
shape_R3_1,41.571568,21.955139,764,84453.4
shape_R3_1,41.571961,21.954913,765,84500.9
shape_R3_1,41.572280,21.954715,766,84540.0
shape_R3_1,41.572816,21.954342,767,84607.2
shape_R3_1,41.573302,21.953937,768,84670.9
shape_R3_1,41.573627,21.953615,769,84715.9
shape_R3_1,41.573826,21.953410,770,84743.8
shape_R3_1,41.574229,21.952973,771,84801.5
shape_R3_1,41.575016,21.951988,772,84921.4
shape_R3_1,41.576467,21.950161,773,85143.1
shape_R3_1,41.576665,21.949917,774,85173.0
shape_R3_1,41.576915,21.949609,775,85210.8
shape_R3_1,41.577302,21.949131,776,85269.4
shape_R3_1,41.577692,21.948587,777,85332.1
shape_R3_1,41.578080,21.947944,778,85400.8
shape_R3_1,41.578330,21.947433,779,85451.6
shape_R3_1,41.579447,21.944900,780,85696.2
shape_R3_1,41.580474,21.942625,781,85917.2
shape_R3_1,41.580772,21.941967,782,85981.2
shape_R3_1,41.581030,21.941313,783,86042.7
shape_R3_1,41.581263,21.940634,784,86104.8
shape_R3_1,41.581505,21.939937,785,86168.7
shape_R3_1,41.581905,21.938634,786,86285.9
shape_R3_1,41.581951,21.938444,787,86302.5
shape_R3_1,41.582387,21.936634,788,86460.6
shape_R3_1,41.583832,21.930883,789,86965.2
shape_R3_1,41.584043,21.930051,790,87038.3
shape_R3_1,41.584281,21.929390,791,87099.3
shape_R3_1,41.586366,21.924618,792,87558.9
shape_R3_1,41.587117,21.923309,793,87696.2
shape_R3_1,41.589584,21.919201,794,88134.3
shape_R3_1,41.591003,21.916820,795,88387.5
shape_R3_1,41.591442,21.916169,796,88460.4
shape_R3_1,41.591887,21.915561,797,88531.1
shape_R3_1,41.592925,21.914437,798,88679.7
shape_R3_1,41.593865,21.913743,799,88799.1
shape_R3_1,41.594828,21.913099,800,88918.8
shape_R3_1,41.595663,21.912739,801,89016.3
shape_R3_1,41.596638,21.912481,802,89126.9
shape_R3_1,41.598423,21.912026,803,89328.9
shape_R3_1,41.599541,21.911728,804,89455.7
shape_R3_1,41.601144,21.911400,805,89636.0
shape_R3_1,41.601914,21.911383,806,89721.6
shape_R3_1,41.602800,21.911597,807,89821.7
shape_R3_1,41.603878,21.911898,808,89944.2
shape_R3_1,41.604629,21.912224,809,90032.0
shape_R3_1,41.606830,21.913528,810,90299.7
shape_R3_1,41.608884,21.914730,811,90549.0
shape_R3_1,41.609911,21.915288,812,90672.2
shape_R3_1,41.610963,21.915691,813,90793.9
shape_R3_1,41.611926,21.915846,814,90901.8
shape_R3_1,41.613293,21.915631,815,91054.8
shape_R3_1,41.614384,21.915228,816,91180.7
shape_R3_1,41.614405,21.915215,817,91183.2
shape_R3_1,41.614489,21.915166,818,91193.4
shape_R3_1,41.615122,21.914799,819,91270.1
shape_R3_1,41.615571,21.914404,820,91329.9
shape_R3_1,41.617207,21.912687,821,91561.1
shape_R3_1,41.619389,21.910335,822,91872.7
shape_R3_1,41.620845,21.908482,823,92096.2
shape_R3_1,41.622000,21.906705,824,92291.9
shape_R3_1,41.622821,21.904945,825,92464.4
shape_R3_1,41.623495,21.903272,826,92622.3
shape_R3_1,41.625219,21.898277,827,93079.7
shape_R3_1,41.625325,21.897974,828,93107.5
shape_R3_1,41.625415,21.897709,829,93131.7
shape_R3_1,41.627389,21.891942,830,93658.9
shape_R3_1,41.627537,21.891316,831,93713.4
shape_R3_1,41.627665,21.890680,832,93768.2
shape_R3_1,41.627752,21.889990,833,93826.3
shape_R3_1,41.627783,21.889378,834,93877.3
shape_R3_1,41.627780,21.889191,835,93892.9
shape_R3_1,41.627786,21.888842,836,93921.9
shape_R3_1,41.627732,21.888072,837,93986.2
shape_R3_1,41.627656,21.886750,838,94096.4
shape_R3_1,41.627693,21.885983,839,94160.2
shape_R3_1,41.627766,21.885560,840,94196.3
shape_R3_1,41.627877,21.885050,841,94240.5
shape_R3_1,41.628016,21.884566,842,94283.6
shape_R3_1,41.628357,21.883899,843,94350.7
shape_R3_1,41.628870,21.883167,844,94434.1
shape_R3_1,41.630661,21.881187,845,94692.5
shape_R3_1,41.636358,21.874716,846,95523.4
shape_R3_1,41.636679,21.874321,847,95571.9
shape_R3_1,41.637064,21.873978,848,95623.4
shape_R3_1,41.639693,21.872055,849,95956.5
shape_R3_1,41.640592,21.871489,850,96067.0
shape_R3_1,41.641284,21.871257,851,96146.3
shape_R3_1,41.641797,21.871128,852,96204.4
shape_R3_1,41.642387,21.871214,853,96270.4
shape_R3_1,41.642824,21.871283,854,96319.3
shape_R3_1,41.643465,21.871429,855,96391.6
shape_R3_1,41.643850,21.871643,856,96438.0
shape_R3_1,41.644325,21.872055,857,96500.9
shape_R3_1,41.645049,21.872716,858,96598.4
shape_R3_1,41.645415,21.873171,859,96653.9
shape_R3_1,41.645967,21.873703,860,96729.5
shape_R3_1,41.647134,21.874475,861,96874.3
shape_R3_1,41.648173,21.875437,862,97014.8
shape_R3_1,41.648641,21.875746,863,97072.8
shape_R3_1,41.649199,21.876003,864,97138.4
shape_R3_1,41.650418,21.876278,865,97275.9
shape_R3_1,41.650918,21.876364,866,97331.9
shape_R3_1,41.651527,21.876578,867,97402.0
shape_R3_1,41.652117,21.876904,868,97472.9
shape_R3_1,41.652723,21.877229,869,97545.5
shape_R3_1,41.653253,21.877444,870,97607.1
shape_R3_1,41.653703,21.877544,871,97657.8
shape_R3_1,41.654173,21.877527,872,97710.1
shape_R3_1,41.654687,21.877405,873,97768.2
shape_R3_1,41.655006,21.877308,874,97804.5
shape_R3_1,41.655435,21.877083,875,97855.8
shape_R3_1,41.655746,21.876869,876,97894.7
shape_R3_1,41.656080,21.876638,877,97936.5
shape_R3_1,41.656477,21.876304,878,97988.6
shape_R3_1,41.656503,21.876286,879,97991.9
shape_R3_1,41.656814,21.875989,880,98034.3
shape_R3_1,41.657055,21.875796,881,98065.6
shape_R3_1,41.657241,21.875607,882,98091.5
shape_R3_1,41.657500,21.875264,883,98132.0
shape_R3_1,41.657721,21.874963,884,98167.1
shape_R3_1,41.657886,21.874694,885,98196.0
shape_R3_1,41.658071,21.874308,886,98234.1
shape_R3_1,41.658257,21.873851,887,98277.4
shape_R3_1,41.659080,21.871052,888,98527.2
shape_R3_1,41.659194,21.870617,889,98565.5
shape_R3_1,41.659318,21.869771,890,98637.2
shape_R3_1,41.659352,21.869293,891,98677.0
shape_R3_1,41.659349,21.869039,892,98698.2
shape_R3_1,41.659329,21.868795,893,98718.5
shape_R3_1,41.659314,21.868344,894,98756.0
shape_R3_1,41.659283,21.867839,895,98798.1
shape_R3_1,41.659180,21.867087,896,98861.7
shape_R3_1,41.659129,21.866428,897,98916.7
shape_R3_1,41.659129,21.865925,898,98958.5
shape_R3_1,41.659129,21.865842,899,98965.4
shape_R3_1,41.659144,21.865559,900,98988.9
shape_R3_1,41.659208,21.864993,901,99036.5
shape_R3_1,41.659333,21.863892,902,99129.0
shape_R3_1,41.659270,21.863006,903,99203.0
shape_R3_1,41.659141,21.862434,904,99252.6
shape_R3_1,41.658811,21.861614,905,99330.0
shape_R3_1,41.658503,21.861134,906,99382.5
shape_R3_1,41.658050,21.860669,907,99446.0
shape_R3_1,41.657086,21.859993,908,99567.0
shape_R3_1,41.656903,21.859866,909,99589.9
shape_R3_1,41.656574,21.859538,910,99635.6
shape_R3_1,41.656295,21.859181,911,99678.5
shape_R3_1,41.655339,21.857595,912,99847.8
shape_R3_1,41.654761,21.856454,913,99962.3
shape_R3_1,41.654475,21.855388,914,100056.4
shape_R3_1,41.654025,21.851635,915,100372.2
shape_R3_1,41.653983,21.850780,916,100443.4
shape_R3_1,41.654063,21.850250,917,100488.3
shape_R3_1,41.654178,21.849693,918,100536.3
shape_R3_1,41.654358,21.849006,919,100596.8
shape_R3_1,41.656160,21.844764,920,101002.2
shape_R3_1,41.656247,21.844559,921,101021.8
shape_R3_1,41.657264,21.842135,922,101252.8
shape_R3_1,41.658473,21.839191,923,101531.9
shape_R3_1,41.658889,21.838418,924,101611.0
shape_R3_1,41.659202,21.837920,925,101665.1
shape_R3_1,41.659610,21.837329,926,101731.9
shape_R3_1,41.660075,21.836714,927,101804.6
shape_R3_1,41.663867,21.832667,928,102343.9
shape_R3_1,41.665739,21.830697,929,102608.6
shape_R3_1,41.666513,21.830062,930,102709.6
shape_R3_1,41.667267,21.829589,931,102802.2
shape_R3_1,41.668132,21.829169,932,102904.5
shape_R3_1,41.668800,21.828818,933,102984.3
shape_R3_1,41.669387,21.828596,934,103052.1
shape_R3_1,41.669844,21.828519,935,103103.3
shape_R3_1,41.670301,21.828516,936,103154.2
shape_R3_1,41.671021,21.828553,937,103234.3
shape_R3_1,41.672384,21.828625,938,103385.9
shape_R3_1,41.673232,21.828823,939,103481.7
shape_R3_1,41.673582,21.828934,940,103521.7
shape_R3_1,41.674664,21.829491,941,103650.6
shape_R3_1,41.675899,21.830187,942,103799.6
shape_R3_1,41.676913,21.830559,943,103916.5
shape_R3_1,41.678698,21.830945,944,104117.5
shape_R3_1,41.679329,21.830865,945,104188.0
shape_R3_1,41.679868,21.830583,946,104252.3
shape_R3_1,41.680430,21.830129,947,104325.3
shape_R3_1,41.680836,21.829653,948,104385.3
shape_R3_1,41.681142,21.829174,949,104437.7
shape_R3_1,41.682358,21.826591,950,104691.2
shape_R3_1,41.682680,21.826085,951,104746.5
shape_R3_1,41.683143,21.825460,952,104819.6
shape_R3_1,41.683577,21.824958,953,104883.3
shape_R3_1,41.684086,21.824465,954,104953.2
shape_R3_1,41.684757,21.823779,955,105047.1
shape_R3_1,41.685102,21.823334,956,105100.3
shape_R3_1,41.685513,21.822692,957,105170.5
shape_R3_1,41.685795,21.822160,958,105224.7
shape_R3_1,41.686130,21.821363,959,105300.7
shape_R3_1,41.686985,21.819040,960,105515.7
shape_R3_1,41.687964,21.816721,961,105736.9
shape_R3_1,41.688290,21.815880,962,105815.6
shape_R3_1,41.688454,21.815352,963,105863.1
shape_R3_1,41.688556,21.814908,964,105901.7
shape_R3_1,41.688631,21.814177,965,105962.9
shape_R3_1,41.688671,21.813376,966,106029.6
shape_R3_1,41.688634,21.812611,967,106093.3
shape_R3_1,41.688536,21.811986,968,106146.3
shape_R3_1,41.688391,21.811343,969,106202.1
shape_R3_1,41.687889,21.809975,970,106328.6
shape_R3_1,41.687304,21.808558,971,106463.1
shape_R3_1,41.687202,21.808083,972,106504.1
shape_R3_1,41.687117,21.807304,973,106569.5
shape_R3_1,41.687061,21.806637,974,106625.2
shape_R3_1,41.686933,21.804868,975,106772.8
shape_R3_1,41.686944,21.804298,976,106820.2
shape_R3_1,41.687175,21.802052,977,107008.4
shape_R3_1,41.687340,21.800446,978,107143.0
shape_R3_1,41.687583,21.799065,979,107260.9
shape_R3_1,41.687840,21.797325,980,107408.1
shape_R3_1,41.687861,21.796746,981,107456.3
shape_R3_1,41.687832,21.794746,982,107622.4
shape_R3_1,41.687894,21.794225,983,107666.2
shape_R3_1,41.688027,21.793733,984,107709.6
shape_R3_1,41.688213,21.793290,985,107751.9
shape_R3_1,41.688343,21.793009,986,107779.3
shape_R3_1,41.688518,21.792711,987,107810.8
shape_R3_1,41.688812,21.792310,988,107857.4
shape_R3_1,41.689088,21.792053,989,107894.8
shape_R3_1,41.689485,21.791788,990,107944.1
shape_R3_1,41.689819,21.791612,991,107984.1
shape_R3_1,41.690289,21.791470,992,108037.6
shape_R3_1,41.691210,21.791233,993,108141.9
shape_R3_1,41.691296,21.791209,994,108151.7
shape_R3_1,41.691799,21.791077,995,108208.7
shape_R3_1,41.692536,21.790903,996,108291.9
shape_R3_1,41.693492,21.790633,997,108400.5
shape_R3_1,41.693579,21.790609,998,108410.4
shape_R3_1,41.694661,21.790441,999,108531.5
shape_R3_1,41.695237,21.790462,1000,108595.6
shape_R3_1,41.696557,21.790573,1001,108742.7
shape_R3_1,41.697551,21.790514,1002,108853.3
shape_R3_1,41.698000,21.790511,1003,108903.2
shape_R3_1,41.698456,21.790601,1004,108954.5
shape_R3_1,41.698950,21.790764,1005,109011.1
shape_R3_1,41.700747,21.791700,1006,109225.5
shape_R3_1,41.701065,21.791779,1007,109261.4
shape_R3_1,41.701434,21.791794,1008,109302.5
shape_R3_1,41.701658,21.791766,1009,109327.5
shape_R3_1,41.701965,21.791707,1010,109362.0
shape_R3_1,41.702280,21.791577,1011,109398.6
shape_R3_1,41.702550,21.791444,1012,109430.6
shape_R3_1,41.702807,21.791250,1013,109463.4
shape_R3_1,41.703096,21.790946,1014,109504.3
shape_R3_1,41.703355,21.790614,1015,109544.1
shape_R3_1,41.703555,21.790317,1016,109577.3
shape_R3_1,41.703720,21.790000,1017,109609.4
shape_R3_1,41.703847,21.789695,1018,109638.4
shape_R3_1,41.703964,21.789334,1019,109671.1
shape_R3_1,41.704146,21.788623,1020,109733.5
shape_R3_1,41.704239,21.788266,1021,109764.9
shape_R3_1,41.704556,21.787190,1022,109860.9
shape_R3_1,41.704866,21.786276,1023,109944.2
shape_R3_1,41.705082,21.785802,1024,109990.3
shape_R3_1,41.705335,21.785445,1025,110031.2
shape_R3_1,41.705633,21.785077,1026,110076.3
shape_R3_1,41.705992,21.784733,1027,110125.4
shape_R3_1,41.706437,21.784443,1028,110180.4
shape_R3_1,41.706829,21.784268,1029,110226.3
shape_R3_1,41.707206,21.784192,1030,110268.7
shape_R3_1,41.707639,21.784169,1031,110316.9
shape_R3_1,41.707951,21.784185,1032,110351.6
shape_R3_1,41.708468,21.784285,1033,110409.7
shape_R3_1,41.709542,21.784609,1034,110532.1
shape_R3_1,41.710023,21.784632,1035,110585.6
shape_R3_1,41.712084,21.784453,1036,110815.3
shape_R3_1,41.712177,21.784445,1037,110825.7
shape_R3_1,41.712236,21.784440,1038,110832.2
shape_R3_1,41.713122,21.784373,1039,110930.9
shape_R3_1,41.714129,21.784435,1040,111043.0
shape_R3_1,41.714790,21.784512,1041,111116.8
shape_R3_1,41.715798,21.784568,1042,111229.0
shape_R3_1,41.715960,21.784561,1043,111247.0
shape_R3_1,41.716297,21.784483,1044,111285.0
shape_R3_1,41.716800,21.784267,1045,111343.7
shape_R3_1,41.717006,21.784144,1046,111368.8
shape_R3_1,41.717283,21.783938,1047,111404.1
shape_R3_1,41.717615,21.783599,1048,111450.5
shape_R3_1,41.717941,21.783175,1049,111501.0
shape_R3_1,41.718004,21.783076,1050,111511.8
shape_R3_1,41.718053,21.782995,1051,111520.4
shape_R3_1,41.718100,21.782915,1052,111528.9
shape_R3_1,41.718134,21.782850,1053,111535.5
shape_R3_1,41.718195,21.782732,1054,111547.4
shape_R3_1,41.718248,21.782625,1055,111558.1
shape_R3_1,41.718294,21.782523,1056,111567.9
shape_R3_1,41.718337,21.782424,1057,111577.4
shape_R3_1,41.718387,21.782295,1058,111589.5
shape_R3_1,41.718427,21.782184,1059,111599.7
shape_R3_1,41.718461,21.782081,1060,111609.1
shape_R3_1,41.718494,21.781973,1061,111618.8
shape_R3_1,41.718530,21.781846,1062,111630.1
shape_R3_1,41.718566,21.781710,1063,111642.0
shape_R3_1,41.718594,21.781591,1064,111652.4
shape_R3_1,41.718617,21.781481,1065,111661.9
shape_R3_1,41.718642,21.781347,1066,111673.3
shape_R3_1,41.718669,21.781197,1067,111686.1
shape_R3_1,41.718685,21.781091,1068,111695.1
shape_R3_1,41.718698,21.780991,1069,111703.5
shape_R3_1,41.718710,21.780887,1070,111712.3
shape_R3_1,41.718719,21.780780,1071,111721.2
shape_R3_1,41.718727,21.780665,1072,111730.8
shape_R3_1,41.718733,21.780525,1073,111742.4
shape_R3_1,41.718736,21.780390,1074,111753.6
shape_R3_1,41.718736,21.780250,1075,111765.3
shape_R3_1,41.718732,21.780097,1076,111778.0
shape_R3_1,41.718728,21.779997,1077,111786.3
shape_R3_1,41.718723,21.779914,1078,111793.2
shape_R3_1,41.718716,21.779815,1079,111801.4
shape_R3_1,41.718707,21.779723,1080,111809.1
shape_R3_1,41.718694,21.779601,1081,111819.4
shape_R3_1,41.718674,21.779435,1082,111833.3
shape_R3_1,41.718644,21.779209,1083,111852.4
shape_R3_1,41.718377,21.777322,1084,112011.8
shape_R3_1,41.718331,21.776915,1085,112046.0
shape_R3_1,41.718314,21.776682,1086,112065.4
shape_R3_1,41.718300,21.776465,1087,112083.5
shape_R3_1,41.718296,21.776297,1088,112097.4
shape_R3_1,41.718298,21.776066,1089,112116.6
shape_R3_1,41.718310,21.775752,1090,112142.7
shape_R3_1,41.718341,21.775401,1091,112172.0
shape_R3_1,41.718363,21.775245,1092,112185.2
shape_R3_1,41.718401,21.775020,1093,112204.3
shape_R3_1,41.718427,21.774882,1094,112216.2
shape_R3_1,41.718465,21.774724,1095,112229.9
shape_R3_1,41.718509,21.774554,1096,112244.9
shape_R3_1,41.718556,21.774392,1097,112259.3
shape_R3_1,41.718598,21.774258,1098,112271.4
shape_R3_1,41.718640,21.774137,1099,112282.4
shape_R3_1,41.718700,21.773969,1100,112297.9
shape_R3_1,41.718747,21.773847,1101,112309.3
shape_R3_1,41.718794,21.773740,1102,112319.6
shape_R3_1,41.718856,21.773608,1103,112332.5
shape_R3_1,41.718916,21.773487,1104,112344.6
shape_R3_1,41.718977,21.773372,1105,112356.3
shape_R3_1,41.719037,21.773265,1106,112367.4
shape_R3_1,41.719103,21.773154,1107,112379.2
shape_R3_1,41.719176,21.773036,1108,112391.9
shape_R3_1,41.719231,21.772952,1109,112401.2
shape_R3_1,41.719337,21.772805,1110,112418.1
shape_R3_1,41.719436,21.772675,1111,112433.6
shape_R3_1,41.719537,21.772557,1112,112448.5
shape_R3_1,41.719643,21.772437,1113,112463.9
shape_R3_1,41.719729,21.772347,1114,112476.0
shape_R3_1,41.719854,21.772225,1115,112493.2
shape_R3_1,41.719984,21.772111,1116,112510.5
shape_R3_1,41.720128,21.771992,1117,112529.3
shape_R3_1,41.720226,21.771918,1118,112541.8
shape_R3_1,41.720308,21.771861,1119,112552.1
shape_R3_1,41.720441,21.771778,1120,112568.4
shape_R3_1,41.720910,21.771526,1121,112624.6
shape_R3_1,41.721172,21.771381,1122,112656.1
shape_R3_1,41.721554,21.771168,1123,112702.1
shape_R3_1,41.722205,21.770806,1124,112780.5
shape_R3_1,41.723760,21.769929,1125,112968.1
shape_R3_1,41.724035,21.769774,1126,113001.3
shape_R3_1,41.725719,21.768823,1127,113204.5
shape_R3_1,41.726533,21.768364,1128,113302.7
shape_R3_1,41.727283,21.767947,1129,113393.0
shape_R3_1,41.728036,21.767514,1130,113484.1
shape_R3_1,41.728466,21.767285,1131,113535.5
shape_R3_1,41.728824,21.767079,1132,113578.9
shape_R3_1,41.729246,21.766837,1133,113629.9
shape_R3_1,41.730531,21.766118,1134,113784.7
shape_R3_1,41.731293,21.765683,1135,113876.8
shape_R3_1,41.731796,21.765349,1136,113939.3
shape_R3_1,41.732395,21.764851,1137,114017.7
shape_R3_1,41.732990,21.764252,1138,114100.4
shape_R3_1,41.734852,21.762225,1139,114367.2
shape_R3_1,41.735528,21.761450,1140,114466.1
shape_R3_1,41.736517,21.760279,1141,114612.8
shape_R3_1,41.736951,21.759734,1142,114679.0
shape_R3_1,41.737244,21.759429,1143,114720.2
shape_R3_1,41.737696,21.759078,1144,114778.3
shape_R3_1,41.738002,21.758928,1145,114814.5
shape_R3_1,41.738476,21.758792,1146,114868.4
shape_R3_1,41.739118,21.758671,1147,114940.5
shape_R3_1,41.739718,21.758526,1148,115008.3
shape_R3_1,41.740292,21.758271,1149,115075.6
shape_R3_1,41.740744,21.757976,1150,115131.5
shape_R3_1,41.742316,21.756742,1151,115334.0
shape_R3_1,41.743661,21.755654,1152,115508.7
shape_R3_1,41.746547,21.753320,1153,115883.5
shape_R3_1,41.747012,21.752806,1154,115950.6
shape_R3_1,41.747353,21.752251,1155,116010.2
shape_R3_1,41.747791,21.751410,1156,116095.3
shape_R3_1,41.748100,21.750614,1157,116169.7
shape_R3_1,41.748699,21.749009,1158,116318.6
shape_R3_1,41.749185,21.748134,1159,116409.1
shape_R3_1,41.751007,21.745010,1160,116738.1
shape_R3_1,41.751805,21.743672,1161,116880.2
shape_R3_1,41.752141,21.743102,1162,116940.4
shape_R3_1,41.752572,21.742584,1163,117004.8
shape_R3_1,41.753425,21.741703,1164,117124.5
shape_R3_1,41.757144,21.739400,1165,117580.1
shape_R3_1,41.762510,21.736906,1166,118211.6
shape_R3_1,41.763217,21.736788,1167,118290.8
shape_R3_1,41.763726,21.736760,1168,118347.4
shape_R3_1,41.764151,21.736857,1169,118395.4
shape_R3_1,41.765144,21.737413,1170,118515.0
shape_R3_1,41.766428,21.738115,1171,118669.2
shape_R3_1,41.767213,21.738299,1172,118757.8
shape_R3_1,41.767801,21.738133,1173,118824.7
shape_R3_1,41.768219,21.737915,1174,118874.5
shape_R3_1,41.768843,21.737278,1175,118961.7
shape_R3_1,41.769251,21.736461,1176,119043.3
shape_R3_1,41.769851,21.733899,1177,119266.0
shape_R3_1,41.769869,21.733107,1178,119331.7
shape_R3_1,41.769359,21.730912,1179,119522.4
shape_R3_1,41.769365,21.729989,1180,119598.9
shape_R3_1,41.769517,21.729066,1181,119677.3
shape_R3_1,41.769799,21.728079,1182,119765.0
shape_R3_1,41.770242,21.727052,1183,119863.3
shape_R3_1,41.770745,21.726327,1184,119945.5
shape_R3_1,41.771383,21.725311,1185,120055.6
shape_R3_1,41.771910,21.724617,1186,120137.7
shape_R3_1,41.772724,21.723896,1187,120246.2
shape_R3_1,41.773959,21.723116,1188,120398.0
shape_R3_1,41.774542,21.722590,1189,120476.2
shape_R3_1,41.776877,21.718791,1190,120884.4
shape_R3_1,41.777543,21.717978,1191,120984.5
shape_R3_1,41.777941,21.717586,1192,121039.4
shape_R3_1,41.778236,21.717294,1193,121080.2
shape_R3_1,41.778510,21.716934,1194,121122.9
shape_R3_1,41.778737,21.716590,1195,121161.0
shape_R3_1,41.778946,21.716242,1196,121198.0
shape_R3_1,41.779070,21.715993,1197,121222.8
shape_R3_1,41.779179,21.715811,1198,121242.2
shape_R3_1,41.779321,21.715597,1199,121265.9
shape_R3_1,41.779598,21.715281,1200,121306.4
shape_R3_1,41.779802,21.715055,1201,121335.8
shape_R3_1,41.780052,21.714806,1202,121370.4
shape_R3_1,41.780300,21.714526,1203,121406.5
shape_R3_1,41.780492,21.714280,1204,121436.0
shape_R3_1,41.780675,21.713984,1205,121467.9
shape_R3_1,41.780828,21.713652,1206,121500.3
shape_R3_1,41.780943,21.713343,1207,121528.9
shape_R3_1,41.781052,21.712936,1208,121564.8
shape_R3_1,41.781108,21.712616,1209,121592.0
shape_R3_1,41.781099,21.712169,1210,121629.1
shape_R3_1,41.781058,21.711722,1211,121666.4
shape_R3_1,41.781002,21.711429,1212,121691.5
shape_R3_1,41.780904,21.710911,1213,121735.8
shape_R3_1,41.780792,21.710350,1214,121784.0
shape_R3_1,41.780698,21.709796,1215,121831.1
shape_R3_1,41.780627,21.709286,1216,121874.1
shape_R3_1,41.780601,21.708867,1217,121909.0
shape_R3_1,41.780598,21.708614,1218,121929.9
shape_R3_1,41.780607,21.708428,1219,121945.4
shape_R3_1,41.780613,21.708321,1220,121954.3
shape_R3_1,41.780651,21.707989,1221,121982.2
shape_R3_1,41.780731,21.707617,1222,122014.3
shape_R3_1,41.780846,21.707194,1223,122051.6
shape_R3_1,41.780938,21.706871,1224,122080.3
shape_R3_1,41.781198,21.706230,1225,122140.8
shape_R3_1,41.781477,21.705656,1226,122197.6
shape_R3_1,41.781839,21.705085,1227,122259.7
shape_R3_1,41.782307,21.704468,1228,122332.7
shape_R3_1,41.782543,21.704220,1229,122366.0
shape_R3_1,41.782790,21.703999,1230,122399.0
shape_R3_1,41.783060,21.703776,1231,122434.3
shape_R3_1,41.783293,21.703601,1232,122464.0
shape_R3_1,41.783545,21.703447,1233,122494.8
shape_R3_1,41.783644,21.703395,1234,122506.6
shape_R3_1,41.784031,21.703215,1235,122552.2
shape_R3_1,41.784267,21.703133,1236,122579.3
shape_R3_1,41.785284,21.702833,1237,122695.1
shape_R3_1,41.785554,21.702748,1238,122725.9
shape_R3_1,41.785806,21.702670,1239,122754.7
shape_R3_1,41.786154,21.702574,1240,122794.2
shape_R3_1,41.786392,21.702496,1241,122821.4
shape_R3_1,41.786671,21.702403,1242,122853.4
shape_R3_1,41.787025,21.702266,1243,122894.3
shape_R3_1,41.787283,21.702156,1244,122924.4
shape_R3_1,41.787630,21.701988,1245,122965.5
shape_R3_1,41.788047,21.701777,1246,123015.0
shape_R3_1,41.788312,21.701642,1247,123046.5
shape_R3_1,41.788381,21.701607,1248,123054.8
shape_R3_1,41.788574,21.701510,1249,123077.7
shape_R3_1,41.788808,21.701385,1250,123105.7
shape_R3_1,41.789181,21.701175,1251,123150.7
shape_R3_1,41.789379,21.701037,1252,123175.5
shape_R3_1,41.789646,21.700831,1253,123209.7
shape_R3_1,41.789989,21.700521,1254,123255.7
shape_R3_1,41.790283,21.700230,1255,123296.3
shape_R3_1,41.790503,21.699983,1256,123328.2
shape_R3_1,41.790761,21.699654,1257,123367.8
shape_R3_1,41.791035,21.699294,1258,123410.5
shape_R3_1,41.791224,21.699030,1259,123440.8
shape_R3_1,41.791398,21.698759,1260,123470.5
shape_R3_1,41.791560,21.698479,1261,123499.9
shape_R3_1,41.791666,21.698294,1262,123519.2
shape_R3_1,41.792023,21.697675,1263,123584.1
shape_R3_1,41.792598,21.696817,1264,123679.7
shape_R3_1,41.793072,21.696199,1265,123753.2
shape_R3_1,41.793411,21.695856,1266,123800.4
shape_R3_1,41.793911,21.695469,1267,123864.6
shape_R3_1,41.795938,21.694278,1268,124110.7
shape_R3_1,41.796510,21.693950,1269,124179.9
shape_R3_1,41.797069,21.693727,1270,124244.7
shape_R3_1,41.797856,21.693567,1271,124333.2
shape_R3_1,41.798935,21.693427,1272,124453.8
shape_R3_1,41.799483,21.693261,1273,124516.2
shape_R3_1,41.799923,21.693056,1274,124568.0
shape_R3_1,41.800334,21.692733,1275,124621.0
shape_R3_1,41.800702,21.692334,1276,124673.6
shape_R3_1,41.801027,21.691839,1277,124728.3
shape_R3_1,41.801229,21.691423,1278,124769.4
shape_R3_1,41.801432,21.690819,1279,124824.4
shape_R3_1,41.801572,21.690206,1280,124877.5
shape_R3_1,41.803027,21.681869,1281,125587.2
shape_R3_1,41.803061,21.681673,1282,125603.9
shape_R3_1,41.803369,21.679908,1283,125754.2
shape_R3_1,41.803533,21.679184,1284,125816.9
shape_R3_1,41.803685,21.678603,1285,125867.9
shape_R3_1,41.803874,21.678112,1286,125913.7
shape_R3_1,41.804078,21.677661,1287,125957.5
shape_R3_1,41.804404,21.677050,1288,126019.8
shape_R3_1,41.804833,21.676604,1289,126080.1
shape_R3_1,41.805332,21.676175,1290,126146.0
shape_R3_1,41.805811,21.675728,1291,126210.9
shape_R3_1,41.806291,21.675213,1292,126279.2
shape_R3_1,41.806688,21.674758,1293,126337.3
shape_R3_1,41.807072,21.674183,1294,126401.3
shape_R3_1,41.807507,21.673531,1295,126473.8
shape_R3_1,41.807928,21.672953,1296,126540.8
shape_R3_1,41.808704,21.672122,1297,126651.2
shape_R3_1,41.810208,21.671052,1298,126840.5
shape_R3_1,41.813245,21.669073,1299,127215.9
shape_R3_1,41.813600,21.668852,1300,127259.4
shape_R3_1,41.813889,21.668726,1301,127293.2
shape_R3_1,41.814089,21.668657,1302,127316.2
shape_R3_1,41.814179,21.668632,1303,127326.4
shape_R3_1,41.814393,21.668585,1304,127350.5
shape_R3_1,41.814621,21.668554,1305,127376.0
shape_R3_1,41.814875,21.668543,1306,127404.3
shape_R3_1,41.815131,21.668558,1307,127432.7
shape_R3_1,41.815378,21.668583,1308,127460.3
shape_R3_1,41.816191,21.668691,1309,127551.1
shape_R3_1,41.816408,21.668725,1310,127575.4
shape_R3_1,41.816659,21.668780,1311,127603.7
shape_R3_1,41.816879,21.668843,1312,127628.7
shape_R3_1,41.817112,21.668934,1313,127655.7
shape_R3_1,41.817351,21.669056,1314,127684.1
shape_R3_1,41.817586,21.669160,1315,127711.6
shape_R3_1,41.817764,21.669279,1316,127733.8
shape_R3_1,41.817860,21.669350,1317,127746.0
shape_R3_1,41.818048,21.669507,1318,127770.6
shape_R3_1,41.818236,21.669681,1319,127796.0
shape_R3_1,41.818542,21.669987,1320,127838.4
shape_R3_1,41.818599,21.670048,1321,127846.5
shape_R3_1,41.818658,21.670111,1322,127854.9
shape_R3_1,41.819052,21.670475,1323,127908.1
shape_R3_1,41.819582,21.671059,1324,127984.3
shape_R3_1,41.819663,21.671134,1325,127995.3
shape_R3_1,41.819871,21.671337,1326,128023.9
shape_R3_1,41.820305,21.671788,1327,128084.9
shape_R3_1,41.820583,21.672016,1328,128121.2
shape_R3_1,41.820809,21.672218,1329,128151.3
shape_R3_1,41.821166,21.672490,1330,128197.0
shape_R3_1,41.821309,21.672614,1331,128215.9
shape_R3_1,41.821391,21.672680,1332,128226.6
shape_R3_1,41.822133,21.673342,1333,128325.6
shape_R3_1,41.822524,21.673634,1334,128375.4
shape_R3_1,41.822769,21.673849,1335,128407.9
shape_R3_1,41.822935,21.673998,1336,128430.2
shape_R3_1,41.823119,21.674194,1337,128456.3
shape_R3_1,41.823328,21.674430,1338,128486.7
shape_R3_1,41.823507,21.674642,1339,128513.2
shape_R3_1,41.823693,21.674869,1340,128541.2
shape_R3_1,41.823925,21.675157,1341,128576.3
shape_R3_1,41.824120,21.675460,1342,128609.5
shape_R3_1,41.824325,21.675795,1343,128645.4
shape_R3_1,41.824591,21.676292,1344,128696.1
shape_R3_1,41.824764,21.676608,1345,128728.6
shape_R3_1,41.825775,21.678461,1346,128918.9
shape_R3_1,41.825938,21.678732,1347,128947.7
shape_R3_1,41.826088,21.678960,1348,128972.9
shape_R3_1,41.826288,21.679212,1349,129003.4
shape_R3_1,41.826482,21.679400,1350,129030.1
shape_R3_1,41.826736,21.679599,1351,129062.8
shape_R3_1,41.827034,21.679762,1352,129098.5
shape_R3_1,41.827335,21.679869,1353,129133.2
shape_R3_1,41.827653,21.679942,1354,129169.0
shape_R3_1,41.827991,21.679942,1355,129206.6
shape_R3_1,41.828313,21.679893,1356,129242.7
shape_R3_1,41.828641,21.679797,1357,129280.0
shape_R3_1,41.828966,21.679636,1358,129318.5
shape_R3_1,41.829248,21.679424,1359,129354.4
shape_R3_1,41.829612,21.679046,1360,129405.6
shape_R3_1,41.829856,21.678729,1361,129443.4
shape_R3_1,41.830399,21.678040,1362,129526.5
shape_R3_1,41.830599,21.677809,1363,129555.8
shape_R3_1,41.830843,21.677560,1364,129589.9
shape_R3_1,41.831173,21.677292,1365,129632.8
shape_R3_1,41.831443,21.677074,1366,129667.8
shape_R3_1,41.831652,21.676906,1367,129694.9
shape_R3_1,41.831880,21.676720,1368,129724.6
shape_R3_1,41.832074,21.676535,1369,129751.1
shape_R3_1,41.832314,21.676270,1370,129785.6
shape_R3_1,41.832551,21.675888,1371,129826.8
shape_R3_1,41.832729,21.675500,1372,129864.5
shape_R3_1,41.832890,21.674952,1373,129913.4
shape_R3_1,41.832982,21.674444,1374,129956.7
shape_R3_1,41.833002,21.673891,1375,130002.5
shape_R3_1,41.832972,21.673375,1376,130045.4
shape_R3_1,41.832897,21.672945,1377,130082.0
shape_R3_1,41.832732,21.672407,1378,130130.2
shape_R3_1,41.832608,21.672080,1379,130160.6
shape_R3_1,41.832442,21.671699,1380,130197.2
shape_R3_1,41.832269,21.671279,1381,130236.9
shape_R3_1,41.832082,21.670786,1382,130282.8
shape_R3_1,41.831953,21.670370,1383,130320.1
shape_R3_1,41.831855,21.669793,1384,130369.1
shape_R3_1,41.831781,21.669152,1385,130422.9
shape_R3_1,41.831611,21.668055,1386,130515.7
shape_R3_1,41.831550,21.667484,1387,130563.5
shape_R3_1,41.831517,21.666886,1388,130613.2
shape_R3_1,41.831542,21.666304,1389,130661.5
shape_R3_1,41.831725,21.663962,1390,130856.6
shape_R3_1,41.831757,21.663407,1391,130902.7
shape_R3_1,41.831747,21.662860,1392,130948.0
shape_R3_1,41.831681,21.662355,1393,130990.5
shape_R3_1,41.831559,21.661843,1394,131035.1
shape_R3_1,41.831392,21.661398,1395,131076.3
shape_R3_1,41.831218,21.661063,1396,131110.2
shape_R3_1,41.830930,21.660647,1397,131157.2
shape_R3_1,41.830634,21.660317,1398,131200.0
shape_R3_1,41.830256,21.660038,1399,131248.0
shape_R3_1,41.829171,21.659335,1400,131381.9
shape_R3_1,41.828895,21.659105,1401,131418.1
shape_R3_1,41.828660,21.658852,1402,131451.6
shape_R3_1,41.828414,21.658517,1403,131490.5
shape_R3_1,41.828212,21.658123,1404,131530.2
shape_R3_1,41.828088,21.657742,1405,131564.6
shape_R3_1,41.828002,21.657315,1406,131601.3
shape_R3_1,41.827954,21.656830,1407,131641.8
shape_R3_1,41.827924,21.656353,1408,131681.5
shape_R3_1,41.827946,21.655873,1409,131721.3
shape_R3_1,41.828030,21.655296,1410,131770.0
shape_R3_1,41.828244,21.654108,1411,131871.3
shape_R3_1,41.828310,21.653641,1412,131910.7
shape_R3_1,41.828366,21.653155,1413,131951.4
shape_R3_1,41.828394,21.652597,1414,131997.8
shape_R3_1,41.828386,21.652023,1415,132045.3
shape_R3_1,41.828318,21.651554,1416,132084.9
shape_R3_1,41.828202,21.651074,1417,132126.7
shape_R3_1,41.828072,21.650669,1418,132163.3
shape_R3_1,41.827920,21.650328,1419,132196.2
shape_R3_1,41.827666,21.649915,1420,132240.6
shape_R3_1,41.827091,21.649097,1421,132333.7
shape_R3_1,41.826827,21.648655,1422,132380.7
shape_R3_1,41.826661,21.648274,1423,132417.2
shape_R3_1,41.826525,21.647743,1424,132463.8
shape_R3_1,41.826465,21.647257,1425,132504.6
shape_R3_1,41.826445,21.646745,1426,132547.1
shape_R3_1,41.826489,21.646112,1427,132599.7
shape_R3_1,41.826619,21.645573,1428,132646.7
shape_R3_1,41.826795,21.645141,1429,132687.5
shape_R3_1,41.826972,21.644780,1430,132723.3
shape_R3_1,41.827506,21.643926,1431,132815.7
shape_R3_1,41.827912,21.643199,1432,132890.9
shape_R3_1,41.828185,21.642752,1433,132938.8
shape_R3_1,41.828481,21.642388,1434,132983.5
shape_R3_1,41.828847,21.641886,1435,133041.7
shape_R3_1,41.829240,21.641464,1436,133097.6
shape_R3_1,41.829597,21.641135,1437,133145.8
shape_R3_1,41.829971,21.640871,1438,133192.8
shape_R3_1,41.830391,21.640681,1439,133242.1
shape_R3_1,41.831906,21.640128,1440,133416.6
shape_R3_1,41.832159,21.639986,1441,133447.1
shape_R3_1,41.832413,21.639816,1442,133478.7
shape_R3_1,41.832742,21.639556,1443,133521.1
shape_R3_1,41.832948,21.639333,1444,133550.6
shape_R3_1,41.833337,21.638972,1445,133603.2
shape_R3_1,41.833668,21.638624,1446,133649.9
shape_R3_1,41.834095,21.638068,1447,133716.1
shape_R3_1,41.834525,21.637367,1448,133791.3
shape_R3_1,41.834844,21.636625,1449,133862.3
shape_R3_1,41.835212,21.635347,1450,133975.8
shape_R3_1,41.835613,21.634506,1451,134058.5
shape_R3_1,41.836000,21.633790,1452,134131.8
shape_R3_1,41.836508,21.633064,1453,134214.3
shape_R3_1,41.836973,21.632538,1454,134281.9
shape_R3_1,41.837556,21.631949,1455,134363.1
shape_R3_1,41.838421,21.631378,1456,134470.2
shape_R3_1,41.839002,21.631255,1457,134535.6
shape_R3_1,41.839536,21.631328,1458,134595.3
shape_R3_1,41.840329,21.631563,1459,134685.6
shape_R3_1,41.841022,21.631773,1460,134764.6
shape_R3_1,41.841328,21.631872,1461,134799.6
shape_R3_1,41.841514,21.631864,1462,134820.3
shape_R3_1,41.841972,21.631669,1463,134873.7
shape_R3_1,41.843025,21.630989,1464,135003.7
shape_R3_1,41.843223,21.630857,1465,135028.3
shape_R3_1,41.843503,21.630507,1466,135070.8
shape_R3_1,41.844051,21.629840,1467,135153.1
shape_R3_1,41.844217,21.629638,1468,135178.0
shape_R3_1,41.845525,21.628111,1469,135370.7
shape_R3_1,41.847407,21.625943,1470,135646.5
shape_R3_1,41.848220,21.625000,1471,135766.0
shape_R3_1,41.848872,21.624244,1472,135861.8
shape_R3_1,41.850548,21.622335,1473,136106.2
shape_R3_1,41.850984,21.621728,1474,136176.0
shape_R3_1,41.851604,21.620917,1475,136272.3
shape_R3_1,41.852106,21.620313,1476,136347.2
shape_R3_1,41.852549,21.619885,1477,136407.9
shape_R3_1,41.853055,21.619488,1478,136473.1
shape_R3_1,41.853694,21.619145,1479,136549.6
shape_R3_1,41.854345,21.618876,1480,136625.3
shape_R3_1,41.854998,21.618736,1481,136698.9
shape_R3_1,41.855453,21.618715,1482,136749.5
shape_R3_1,41.855589,21.618709,1483,136764.6
shape_R3_1,41.856124,21.618734,1484,136824.1
shape_R3_1,41.856588,21.618773,1485,136875.8
shape_R3_1,41.857204,21.618876,1486,136944.9
shape_R3_1,41.857968,21.619023,1487,137030.7
shape_R3_1,41.858633,21.619120,1488,137105.1
shape_R3_1,41.859171,21.619209,1489,137165.3
shape_R3_1,41.859631,21.619249,1490,137216.6
shape_R3_1,41.860109,21.619210,1491,137269.8
shape_R3_1,41.860541,21.619087,1492,137319.0
shape_R3_1,41.860917,21.618912,1493,137363.2
shape_R3_1,41.861331,21.618670,1494,137413.4
shape_R3_1,41.861696,21.618306,1495,137464.0
shape_R3_1,41.862056,21.617888,1496,137516.9
shape_R3_1,41.862427,21.617273,1497,137582.4
shape_R3_1,41.862824,21.616553,1498,137656.6
shape_R3_1,41.863132,21.616055,1499,137710.2
shape_R3_1,41.863417,21.615636,1500,137757.2
shape_R3_1,41.863788,21.615234,1501,137810.2
shape_R3_1,41.864147,21.614954,1502,137856.4
shape_R3_1,41.864543,21.614727,1503,137904.3
shape_R3_1,41.864969,21.614580,1504,137953.2
shape_R3_1,41.865428,21.614494,1505,138004.7
shape_R3_1,41.865924,21.614525,1506,138059.9
shape_R3_1,41.866388,21.614634,1507,138112.3
shape_R3_1,41.866871,21.614772,1508,138167.2
shape_R3_1,41.867288,21.614890,1509,138214.6
shape_R3_1,41.867674,21.614964,1510,138258.0
shape_R3_1,41.868052,21.614977,1511,138300.0
shape_R3_1,41.868432,21.614903,1512,138342.7
shape_R3_1,41.868831,21.614765,1513,138388.5
shape_R3_1,41.869237,21.614507,1514,138438.5
shape_R3_1,41.869541,21.614241,1515,138478.8
shape_R3_1,41.869819,21.613961,1516,138517.4
shape_R3_1,41.870149,21.613490,1517,138571.0
shape_R3_1,41.870429,21.612696,1518,138643.7
shape_R3_1,41.870624,21.611747,1519,138725.2
shape_R3_1,41.870655,21.610819,1520,138802.2
shape_R3_1,41.870673,21.610366,1521,138839.7
shape_R3_1,41.870694,21.609820,1522,138885.0
shape_R3_1,41.870742,21.609024,1523,138951.1
shape_R3_1,41.870852,21.608367,1524,139006.9
shape_R3_1,41.871038,21.607619,1525,139072.2
shape_R3_1,41.871179,21.607224,1526,139108.4
shape_R3_1,41.871334,21.606841,1527,139144.5
shape_R3_1,41.872287,21.604978,1528,139331.7
shape_R3_1,41.872675,21.604218,1529,139408.0
shape_R3_1,41.873068,21.603439,1530,139485.9
shape_R3_1,41.873222,21.603115,1531,139517.7
shape_R3_1,41.873388,21.602716,1532,139555.6
shape_R3_1,41.873566,21.602177,1533,139604.4
shape_R3_1,41.873804,21.601226,1534,139687.5
shape_R3_1,41.873929,21.600746,1535,139729.6
shape_R3_1,41.874072,21.600205,1536,139777.1
shape_R3_1,41.874355,21.599417,1537,139849.5
shape_R3_1,41.874701,21.598758,1538,139916.3
shape_R3_1,41.875103,21.598253,1539,139977.5
shape_R3_1,41.875641,21.597798,1540,140048.2
shape_R3_1,41.876427,21.597432,1541,140140.7
shape_R3_1,41.877004,21.597344,1542,140205.3
shape_R3_1,41.877891,21.597387,1543,140304.0
shape_R3_1,41.878481,21.597411,1544,140369.6
shape_R3_1,41.879069,21.597451,1545,140435.1
shape_R3_1,41.879623,21.597403,1546,140496.8
shape_R3_1,41.880176,21.597237,1547,140559.8
shape_R3_1,41.880663,21.596981,1548,140618.0
shape_R3_1,41.880735,21.596933,1549,140626.9
shape_R3_1,41.881041,21.596727,1550,140665.0
shape_R3_1,41.881383,21.596341,1551,140714.6
shape_R3_1,41.881759,21.595914,1552,140769.4
shape_R3_1,41.882061,21.595385,1553,140824.6
shape_R3_1,41.882461,21.594497,1554,140910.5
shape_R3_1,41.883652,21.590542,1555,141263.7
shape_R3_1,41.883794,21.590172,1556,141298.1
shape_R3_1,41.883935,21.589863,1557,141328.1
shape_R3_1,41.884031,21.589678,1558,141346.8
shape_R3_1,41.884271,21.589270,1559,141389.9
shape_R3_1,41.884534,21.588940,1560,141429.9
shape_R3_1,41.884858,21.588592,1561,141476.0
shape_R3_1,41.885181,21.588324,1562,141518.2
shape_R3_1,41.885529,21.588090,1563,141561.5
shape_R3_1,41.885818,21.587932,1564,141596.2
shape_R3_1,41.886110,21.587814,1565,141630.1
shape_R3_1,41.886173,21.587798,1566,141637.2
shape_R3_1,41.886376,21.587749,1567,141660.2
shape_R3_1,41.886701,21.587701,1568,141696.5
shape_R3_1,41.886992,21.587688,1569,141728.9
shape_R3_1,41.887272,21.587704,1570,141760.0
shape_R3_1,41.887587,21.587744,1571,141795.2
shape_R3_1,41.887823,21.587782,1572,141821.7
shape_R3_1,41.889582,21.588190,1573,142020.1
shape_R3_1,41.889985,21.588324,1574,142066.3
shape_R3_1,41.890141,21.588389,1575,142084.5
shape_R3_1,41.890373,21.588487,1576,142111.5
shape_R3_1,41.890732,21.588688,1577,142154.8
shape_R3_1,41.891024,21.588908,1578,142192.0
shape_R3_1,41.891363,21.589209,1579,142237.2
shape_R3_1,41.891653,21.589504,1580,142277.6
shape_R3_1,41.892048,21.589992,1581,142337.3
shape_R3_1,41.892252,21.590319,1582,142372.6
shape_R3_1,41.892525,21.590802,1583,142422.8
shape_R3_1,41.892741,21.591293,1584,142470.0
shape_R3_1,41.892901,21.591754,1585,142512.1
shape_R3_1,41.893054,21.592331,1586,142562.8
shape_R3_1,41.893163,21.592921,1587,142613.1
shape_R3_1,41.893246,21.593561,1588,142666.9
shape_R3_1,41.893284,21.594020,1589,142705.1
shape_R3_1,41.893311,21.594475,1590,142742.9
shape_R3_1,41.893449,21.596491,1591,142910.5
shape_R3_1,41.893529,21.597247,1592,142973.7
shape_R3_1,41.893637,21.597828,1593,143023.3
shape_R3_1,41.893723,21.598184,1594,143054.2
shape_R3_1,41.893859,21.598651,1595,143095.8
shape_R3_1,41.893970,21.598965,1596,143124.5
shape_R3_1,41.895047,21.602134,1597,143412.9
shape_R3_1,41.895208,21.602576,1598,143453.6
shape_R3_1,41.895380,21.602991,1599,143492.9
shape_R3_1,41.895535,21.603315,1600,143524.8
shape_R3_1,41.895757,21.603704,1601,143565.4
shape_R3_1,41.895975,21.604016,1602,143600.8
shape_R3_1,41.896221,21.604316,1603,143637.7
shape_R3_1,41.896502,21.604592,1604,143676.4
shape_R3_1,41.896849,21.604858,1605,143720.9
shape_R3_1,41.897177,21.605060,1606,143761.0
shape_R3_1,41.897454,21.605187,1607,143793.5
shape_R3_1,41.897769,21.605298,1608,143829.7
shape_R3_1,41.898003,21.605349,1609,143856.1
shape_R3_1,41.898232,21.605378,1610,143881.7
shape_R3_1,41.898436,21.605385,1611,143904.4
shape_R3_1,41.898598,21.605380,1612,143922.4
shape_R3_1,41.898762,21.605378,1613,143940.6
shape_R3_1,41.898991,21.605346,1614,143966.2
shape_R3_1,41.899237,21.605282,1615,143994.1
shape_R3_1,41.899423,21.605224,1616,144015.3
shape_R3_1,41.899639,21.605142,1617,144040.3
shape_R3_1,41.899861,21.605030,1618,144066.6
shape_R3_1,41.900009,21.604943,1619,144084.6
shape_R3_1,41.900134,21.604857,1620,144100.2
shape_R3_1,41.900392,21.604662,1621,144133.1
shape_R3_1,41.900654,21.604417,1622,144168.6
shape_R3_1,41.900962,21.604070,1623,144213.3
shape_R3_1,41.901219,21.603736,1624,144253.1
shape_R3_1,41.901435,21.603431,1625,144287.9
shape_R3_1,41.903779,21.600178,1626,144662.6
shape_R3_1,41.903904,21.599981,1627,144684.1
shape_R3_1,41.904137,21.599624,1628,144723.4
shape_R3_1,41.904330,21.599314,1629,144756.8
shape_R3_1,41.904469,21.599057,1630,144783.1
shape_R3_1,41.904635,21.598748,1631,144814.6
shape_R3_1,41.904824,21.598383,1632,144851.4
shape_R3_1,41.905162,21.597766,1633,144914.8
shape_R3_1,41.905427,21.597198,1634,144970.3
shape_R3_1,41.905530,21.596958,1635,144993.2
shape_R3_1,41.906060,21.595905,1636,145098.4
shape_R3_1,41.906423,21.595241,1637,145166.6
shape_R3_1,41.906752,21.594703,1638,145224.2
shape_R3_1,41.907089,21.594175,1639,145281.8
shape_R3_1,41.907366,21.593748,1640,145328.7
shape_R3_1,41.907873,21.592967,1641,145414.4
shape_R3_1,41.908419,21.592073,1642,145510.2
shape_R3_1,41.909034,21.591128,1643,145614.0
shape_R3_1,41.909484,21.590364,1644,145694.7
shape_R3_1,41.909931,21.589574,1645,145776.8
shape_R3_1,41.910031,21.589388,1646,145795.8
shape_R3_1,41.910718,21.588124,1647,145925.3
shape_R3_1,41.911216,21.587215,1648,146018.7
shape_R3_1,41.911600,21.586528,1649,146089.8
shape_R3_1,41.912079,21.585670,1650,146178.6
shape_R3_1,41.912494,21.584863,1651,146259.7
shape_R3_1,41.912781,21.584176,1652,146324.9
shape_R3_1,41.913069,21.583421,1653,146395.1
shape_R3_1,41.913516,21.582090,1654,146516.0
shape_R3_1,41.913886,21.580975,1655,146617.0
shape_R3_1,41.914122,21.580159,1656,146689.4
shape_R3_1,41.914346,21.579515,1657,146748.2
shape_R3_1,41.914665,21.578872,1658,146812.2
shape_R3_1,41.914998,21.578357,1659,146868.6
shape_R3_1,41.915400,21.577713,1660,146938.2
shape_R3_1,41.915828,21.576915,1661,147019.6
shape_R3_1,41.916071,21.576383,1662,147071.2
shape_R3_1,41.916326,21.575696,1663,147134.8
shape_R3_1,41.916518,21.575009,1664,147195.5
shape_R3_1,41.917223,21.572005,1665,147456.1
shape_R3_1,41.917304,21.571664,1666,147485.7
shape_R3_1,41.917403,21.571274,1667,147519.8
shape_R3_1,41.917487,21.570981,1668,147545.8
shape_R3_1,41.917631,21.570519,1669,147587.2
shape_R3_1,41.917761,21.570140,1670,147621.8
shape_R3_1,41.917878,21.569841,1671,147649.7
shape_R3_1,41.918005,21.569557,1672,147677.1
shape_R3_1,41.918107,21.569355,1673,147697.3
shape_R3_1,41.918229,21.569107,1674,147721.9
shape_R3_1,41.918383,21.568852,1675,147749.1
shape_R3_1,41.918536,21.568588,1676,147776.8
shape_R3_1,41.918725,21.568312,1677,147807.8
shape_R3_1,41.918897,21.568055,1678,147836.4
shape_R3_1,41.919105,21.567787,1679,147868.5
shape_R3_1,41.919307,21.567545,1680,147898.6
shape_R3_1,41.919541,21.567280,1681,147932.6
shape_R3_1,41.920864,21.565883,1682,148119.7
shape_R3_1,41.920953,21.565789,1683,148132.3
shape_R3_1,41.922074,21.564605,1684,148290.8
shape_R3_1,41.922370,21.564262,1685,148334.3
shape_R3_1,41.922613,21.563978,1686,148370.1
shape_R3_1,41.922883,21.563616,1687,148412.5
shape_R3_1,41.923144,21.563241,1688,148454.9
shape_R3_1,41.923372,21.562889,1689,148493.6
shape_R3_1,41.923552,21.562580,1690,148526.0
shape_R3_1,41.923722,21.562289,1691,148556.6
shape_R3_1,41.925871,21.558297,1692,148964.3
shape_R3_1,41.930153,21.550357,1693,149775.6
shape_R3_1,41.930482,21.549775,1694,149836.0
shape_R3_1,41.930501,21.549742,1695,149839.5
shape_R3_1,41.930554,21.549644,1696,149849.5
shape_R3_1,41.930779,21.549270,1697,149889.3
shape_R3_1,41.931031,21.548878,1698,149932.1
shape_R3_1,41.936706,21.540059,1699,150896.7
shape_R3_1,41.937063,21.539504,1700,150957.4
shape_R3_1,41.937101,21.539439,1701,150964.2
shape_R3_1,41.937141,21.539377,1702,150971.0
shape_R3_1,41.937174,21.539325,1703,150976.7
shape_R3_1,41.937237,21.539227,1704,150987.4
shape_R3_1,41.937576,21.538698,1705,151045.1
shape_R3_1,41.937950,21.538118,1706,151108.6
shape_R3_1,41.939527,21.535663,1707,151376.9
shape_R3_1,41.939577,21.535584,1708,151385.5
shape_R3_1,41.939892,21.535094,1709,151439.1
shape_R3_1,41.940119,21.534741,1710,151477.7
shape_R3_1,41.942271,21.531390,1711,151843.8
shape_R3_1,41.942437,21.531139,1712,151871.6
shape_R3_1,41.942777,21.530609,1713,151929.5
shape_R3_1,41.942791,21.530586,1714,151932.0
shape_R3_1,41.942825,21.530530,1715,151937.9
shape_R3_1,41.942863,21.530469,1716,151944.5
shape_R3_1,41.943519,21.529439,1717,152056.7
shape_R3_1,41.943715,21.529134,1718,152090.0
shape_R3_1,41.943880,21.528865,1719,152118.9
shape_R3_1,41.944018,21.528618,1720,152144.4
shape_R3_1,41.944157,21.528353,1721,152171.2
shape_R3_1,41.944290,21.528106,1722,152196.4
shape_R3_1,41.944390,21.527912,1723,152216.0
shape_R3_1,41.944502,21.527681,1724,152238.8
shape_R3_1,41.946583,21.523198,1725,152675.8
shape_R3_1,41.949496,21.516962,1726,153284.8
shape_R3_1,41.951832,21.511959,1727,153773.3
shape_R3_1,41.956262,21.502474,1728,154699.5
shape_R3_1,41.959281,21.496009,1729,155330.8
shape_R3_1,41.959437,21.495673,1730,155363.5
shape_R3_1,41.959532,21.495469,1731,155383.4
shape_R3_1,41.963780,21.486332,1732,156274.4
shape_R3_1,41.964646,21.484476,1733,156455.6
shape_R3_1,41.964742,21.484275,1734,156475.4
shape_R3_1,41.964805,21.484137,1735,156488.7
shape_R3_1,41.965390,21.482882,1736,156611.2
shape_R3_1,41.967257,21.478881,1737,157001.8
shape_R3_1,41.968147,21.476947,1738,157189.8
shape_R3_1,41.968691,21.475754,1739,157305.5
shape_R3_1,41.968971,21.475139,1740,157365.1
shape_R3_1,41.969781,21.473399,1741,157534.8
shape_R3_1,41.969829,21.473301,1742,157544.5
shape_R3_1,41.969943,21.473059,1743,157568.2
shape_R3_1,41.970374,21.472132,1744,157658.6
shape_R3_1,41.970625,21.471580,1745,157712.1
shape_R3_1,41.971254,21.470236,1746,157843.4
shape_R3_1,41.971711,21.469245,1747,157939.8
shape_R3_1,41.973213,21.466032,1748,158253.6
shape_R3_1,41.973392,21.465649,1749,158291.0
shape_R3_1,41.973600,21.465184,1750,158335.8
shape_R3_1,41.973795,21.464731,1751,158379.1
shape_R3_1,41.973921,21.464432,1752,158407.5
shape_R3_1,41.974085,21.464013,1753,158446.7
shape_R3_1,41.974178,21.463769,1754,158469.3
shape_R3_1,41.974300,21.463439,1755,158499.8
shape_R3_1,41.974443,21.463053,1756,158535.4
shape_R3_1,41.974593,21.462630,1757,158574.2
shape_R3_1,41.974724,21.462273,1758,158607.1
shape_R3_1,41.974794,21.462083,1759,158624.6
shape_R3_1,41.975058,21.461368,1760,158690.6
shape_R3_1,41.975338,21.460576,1761,158763.1
shape_R3_1,41.975890,21.459075,1762,158901.6
shape_R3_1,41.976113,21.458475,1763,158957.0
shape_R3_1,41.976201,21.458241,1764,158978.7
shape_R3_1,41.976347,21.457875,1765,159013.0
shape_R3_1,41.976530,21.457424,1766,159055.5
shape_R3_1,41.976779,21.456850,1767,159110.4
shape_R3_1,41.976987,21.456400,1768,159154.2
shape_R3_1,41.977250,21.455833,1769,159209.5
shape_R3_1,41.977648,21.454968,1770,159293.6
shape_R3_1,41.978222,21.453736,1771,159413.8
shape_R3_1,41.978636,21.452851,1772,159500.2
shape_R3_1,41.978835,21.452412,1773,159542.7
shape_R3_1,41.978972,21.452129,1774,159570.6
shape_R3_1,41.979246,21.451528,1775,159628.9
shape_R3_1,41.979423,21.451152,1776,159665.7
shape_R3_1,41.979703,21.450555,1777,159724.0
shape_R3_1,41.980046,21.449824,1778,159795.5
shape_R3_1,41.980340,21.449183,1779,159857.7
shape_R3_1,41.981078,21.447593,1780,160012.7
shape_R3_1,41.981528,21.446630,1781,160106.7
shape_R3_1,41.981653,21.446357,1782,160133.2
shape_R3_1,41.981920,21.445774,1783,160189.8
shape_R3_1,41.982311,21.444933,1784,160271.8
shape_R3_1,41.982563,21.444343,1785,160328.0
shape_R3_1,41.982666,21.444133,1786,160348.8
shape_R3_1,41.982733,21.444001,1787,160362.1
shape_R3_1,41.982853,21.443778,1788,160384.8
shape_R3_1,41.982944,21.443623,1789,160401.1
shape_R3_1,41.982994,21.443542,1790,160409.8
shape_R3_1,41.983094,21.443393,1791,160426.4
shape_R3_1,41.983217,21.443227,1792,160445.8
shape_R3_1,41.983401,21.442984,1793,160474.5
shape_R3_1,41.983574,21.442780,1794,160500.1
shape_R3_1,41.983786,21.442536,1795,160531.1
shape_R3_1,41.984246,21.442035,1796,160596.9
shape_R3_1,41.984371,21.441918,1797,160613.8
shape_R3_1,41.984488,21.441823,1798,160629.0
shape_R3_1,41.984594,21.441740,1799,160642.7
shape_R3_1,41.984766,21.441624,1800,160664.0
shape_R3_1,41.984930,21.441529,1801,160683.9
shape_R3_1,41.985036,21.441481,1802,160696.3
shape_R3_1,41.985195,21.441421,1803,160714.7
shape_R3_1,41.985361,21.441369,1804,160733.7
shape_R3_1,41.985512,21.441333,1805,160750.7
shape_R3_1,41.985622,21.441316,1806,160763.0
shape_R3_1,41.985773,21.441303,1807,160779.8
shape_R3_1,41.985911,21.441298,1808,160795.2
shape_R3_1,41.986025,21.441305,1809,160807.9
shape_R3_1,41.986137,21.441315,1810,160820.4
shape_R3_1,41.986259,21.441332,1811,160834.0
shape_R3_1,41.986395,21.441365,1812,160849.4
shape_R3_1,41.986537,21.441411,1813,160865.6
shape_R3_1,41.986671,21.441456,1814,160881.0
shape_R3_1,41.986819,21.441524,1815,160898.4
shape_R3_1,41.986926,21.441582,1816,160911.2
shape_R3_1,41.987063,21.441662,1817,160927.8
shape_R3_1,41.987149,21.441719,1818,160938.5
shape_R3_1,41.987225,21.441775,1819,160948.1
shape_R3_1,41.987307,21.441840,1820,160958.7
shape_R3_1,41.987356,21.441880,1821,160965.0
shape_R3_1,41.987435,21.441952,1822,160975.7
shape_R3_1,41.987503,21.442015,1823,160984.8
shape_R3_1,41.987591,21.442107,1824,160997.2
shape_R3_1,41.987690,21.442219,1825,161011.6
shape_R3_1,41.987998,21.442564,1826,161056.2
shape_R3_1,41.988060,21.442640,1827,161065.5
shape_R3_1,41.988090,21.442680,1828,161070.2
shape_R3_1,41.988119,21.442720,1829,161074.8
shape_R3_1,41.988195,21.442826,1830,161087.0
shape_R3_1,41.988264,21.442922,1831,161098.0
shape_R3_1,41.988297,21.442968,1832,161103.3
shape_R3_1,41.988332,21.443012,1833,161108.6
shape_R3_1,41.988403,21.443097,1834,161119.2
shape_R3_1,41.988572,21.443281,1835,161143.4
shape_R3_1,41.988854,21.443586,1836,161183.6
shape_R3_1,41.989118,21.443869,1837,161221.1
shape_R3_1,41.989275,21.444032,1838,161243.2
shape_R3_1,41.989433,21.444195,1839,161265.3
shape_R3_1,41.989525,21.444290,1840,161278.2
shape_R3_1,41.989623,21.444390,1841,161291.9
shape_R3_1,41.989697,21.444469,1842,161302.4
shape_R3_1,41.990965,21.445845,1843,161483.6
shape_R4_0_bitola,41.990965,21.445845,1,0.0
shape_R4_0_bitola,41.989697,21.444469,2,181.1
shape_R4_0_bitola,41.989623,21.444390,3,191.6
shape_R4_0_bitola,41.989525,21.444290,4,205.3
shape_R4_0_bitola,41.989433,21.444195,5,218.2
shape_R4_0_bitola,41.989275,21.444032,6,240.4
shape_R4_0_bitola,41.989118,21.443869,7,262.4
shape_R4_0_bitola,41.988854,21.443586,8,299.9
shape_R4_0_bitola,41.988572,21.443281,9,340.2
shape_R4_0_bitola,41.988403,21.443097,10,364.3
shape_R4_0_bitola,41.988332,21.443012,11,374.9
shape_R4_0_bitola,41.988297,21.442968,12,380.2
shape_R4_0_bitola,41.988264,21.442922,13,385.5
shape_R4_0_bitola,41.988195,21.442826,14,396.6
shape_R4_0_bitola,41.988119,21.442720,15,408.7
shape_R4_0_bitola,41.988090,21.442680,16,413.4
shape_R4_0_bitola,41.988060,21.442640,17,418.1
shape_R4_0_bitola,41.987998,21.442564,18,427.4
shape_R4_0_bitola,41.987690,21.442219,19,471.9
shape_R4_0_bitola,41.987591,21.442107,20,486.3
shape_R4_0_bitola,41.987503,21.442015,21,498.7
shape_R4_0_bitola,41.987435,21.441952,22,507.9
shape_R4_0_bitola,41.987356,21.441880,23,518.5
shape_R4_0_bitola,41.987307,21.441840,24,524.9
shape_R4_0_bitola,41.987225,21.441775,25,535.5
shape_R4_0_bitola,41.987149,21.441719,26,545.1
shape_R4_0_bitola,41.987063,21.441662,27,555.8
shape_R4_0_bitola,41.986926,21.441582,28,572.4
shape_R4_0_bitola,41.986819,21.441524,29,585.2
shape_R4_0_bitola,41.986671,21.441456,30,602.6
shape_R4_0_bitola,41.986537,21.441411,31,617.9
shape_R4_0_bitola,41.986395,21.441365,32,634.2
shape_R4_0_bitola,41.986259,21.441332,33,649.6
shape_R4_0_bitola,41.986137,21.441315,34,663.2
shape_R4_0_bitola,41.986025,21.441305,35,675.7
shape_R4_0_bitola,41.985911,21.441298,36,688.4
shape_R4_0_bitola,41.985773,21.441303,37,703.7
shape_R4_0_bitola,41.985622,21.441316,38,720.5
shape_R4_0_bitola,41.985512,21.441333,39,732.8
shape_R4_0_bitola,41.985361,21.441369,40,749.9
shape_R4_0_bitola,41.985195,21.441421,41,768.9
shape_R4_0_bitola,41.985036,21.441481,42,787.2
shape_R4_0_bitola,41.984930,21.441529,43,799.6
shape_R4_0_bitola,41.984766,21.441624,44,819.5
shape_R4_0_bitola,41.984594,21.441740,45,840.9
shape_R4_0_bitola,41.984488,21.441823,46,854.5
shape_R4_0_bitola,41.984371,21.441918,47,869.7
shape_R4_0_bitola,41.984246,21.442035,48,886.7
shape_R4_0_bitola,41.983786,21.442536,49,952.5
shape_R4_0_bitola,41.983574,21.442780,50,983.5
shape_R4_0_bitola,41.983401,21.442984,51,1009.1
shape_R4_0_bitola,41.983217,21.443227,52,1037.7
shape_R4_0_bitola,41.983094,21.443393,53,1057.1
shape_R4_0_bitola,41.982994,21.443542,54,1073.7
shape_R4_0_bitola,41.982944,21.443623,55,1082.4
shape_R4_0_bitola,41.982853,21.443778,56,1098.7
shape_R4_0_bitola,41.982733,21.444001,57,1121.5
shape_R4_0_bitola,41.982666,21.444133,58,1134.7
shape_R4_0_bitola,41.982563,21.444343,59,1155.5
shape_R4_0_bitola,41.982311,21.444933,60,1211.8
shape_R4_0_bitola,41.981920,21.445774,61,1293.7
shape_R4_0_bitola,41.981653,21.446357,62,1350.3
shape_R4_0_bitola,41.981528,21.446630,63,1376.8
shape_R4_0_bitola,41.981078,21.447593,64,1470.9
shape_R4_0_bitola,41.980340,21.449183,65,1625.8
shape_R4_0_bitola,41.980046,21.449824,66,1688.1
shape_R4_0_bitola,41.979703,21.450555,67,1759.5
shape_R4_0_bitola,41.979423,21.451152,68,1817.9
shape_R4_0_bitola,41.979246,21.451528,69,1854.7
shape_R4_0_bitola,41.978972,21.452129,70,1912.9
shape_R4_0_bitola,41.978835,21.452412,71,1940.9
shape_R4_0_bitola,41.978636,21.452851,72,1983.4
shape_R4_0_bitola,41.978222,21.453736,73,2069.8
shape_R4_0_bitola,41.977648,21.454968,74,2190.0
shape_R4_0_bitola,41.977250,21.455833,75,2274.1
shape_R4_0_bitola,41.976987,21.456400,76,2329.3
shape_R4_0_bitola,41.976779,21.456850,77,2373.1
shape_R4_0_bitola,41.976530,21.457424,78,2428.1
shape_R4_0_bitola,41.976347,21.457875,79,2470.5
shape_R4_0_bitola,41.976201,21.458241,80,2504.9
shape_R4_0_bitola,41.976113,21.458475,81,2526.5
shape_R4_0_bitola,41.975890,21.459075,82,2582.0
shape_R4_0_bitola,41.975338,21.460576,83,2720.4
shape_R4_0_bitola,41.975058,21.461368,84,2792.9
shape_R4_0_bitola,41.974794,21.462083,85,2858.9
shape_R4_0_bitola,41.974724,21.462273,86,2876.4
shape_R4_0_bitola,41.974593,21.462630,87,2909.4
shape_R4_0_bitola,41.974443,21.463053,88,2948.1
shape_R4_0_bitola,41.974300,21.463439,89,2983.8
shape_R4_0_bitola,41.974178,21.463769,90,3014.2
shape_R4_0_bitola,41.974085,21.464013,91,3036.9
shape_R4_0_bitola,41.973921,21.464432,92,3076.0
shape_R4_0_bitola,41.973795,21.464731,93,3104.4
shape_R4_0_bitola,41.973600,21.465184,94,3147.7
shape_R4_0_bitola,41.973392,21.465649,95,3192.6
shape_R4_0_bitola,41.973213,21.466032,96,3230.0
shape_R4_0_bitola,41.971711,21.469245,97,3543.7
shape_R4_0_bitola,41.971254,21.470236,98,3640.1
shape_R4_0_bitola,41.970625,21.471580,99,3771.4
shape_R4_0_bitola,41.970374,21.472132,100,3824.9
shape_R4_0_bitola,41.969943,21.473059,101,3915.3
shape_R4_0_bitola,41.969829,21.473301,102,3939.0
shape_R4_0_bitola,41.969781,21.473399,103,3948.7
shape_R4_0_bitola,41.968971,21.475139,104,4118.4
shape_R4_0_bitola,41.968691,21.475754,105,4178.1
shape_R4_0_bitola,41.968147,21.476947,106,4293.8
shape_R4_0_bitola,41.967257,21.478881,107,4481.8
shape_R4_0_bitola,41.965390,21.482882,108,4872.3
shape_R4_0_bitola,41.964805,21.484137,109,4994.8
shape_R4_0_bitola,41.964742,21.484275,110,5008.2
shape_R4_0_bitola,41.964646,21.484476,111,5027.9
shape_R4_0_bitola,41.963780,21.486332,112,5209.1
shape_R4_0_bitola,41.959532,21.495469,113,6100.1
shape_R4_0_bitola,41.959437,21.495673,114,6120.0
shape_R4_0_bitola,41.959281,21.496009,115,6152.8
shape_R4_0_bitola,41.956262,21.502474,116,6784.0
shape_R4_0_bitola,41.951832,21.511959,117,7710.2
shape_R4_0_bitola,41.949496,21.516962,118,8198.7
shape_R4_0_bitola,41.946583,21.523198,119,8807.7
shape_R4_0_bitola,41.944502,21.527681,120,9244.8
shape_R4_0_bitola,41.944390,21.527912,121,9267.6
shape_R4_0_bitola,41.944290,21.528106,122,9287.1
shape_R4_0_bitola,41.944157,21.528353,123,9312.3
shape_R4_0_bitola,41.944018,21.528618,124,9339.2
shape_R4_0_bitola,41.943880,21.528865,125,9364.7
shape_R4_0_bitola,41.943715,21.529134,126,9393.5
shape_R4_0_bitola,41.943519,21.529439,127,9426.9
shape_R4_0_bitola,41.942863,21.530469,128,9539.0
shape_R4_0_bitola,41.942825,21.530530,129,9545.6
shape_R4_0_bitola,41.942791,21.530586,130,9551.6
shape_R4_0_bitola,41.942777,21.530609,131,9554.0
shape_R4_0_bitola,41.942437,21.531139,132,9611.9
shape_R4_0_bitola,41.942271,21.531390,133,9639.7
shape_R4_0_bitola,41.940119,21.534741,134,10005.9
shape_R4_0_bitola,41.939892,21.535094,135,10044.5
shape_R4_0_bitola,41.939577,21.535584,136,10098.0
shape_R4_0_bitola,41.939527,21.535663,137,10106.6
shape_R4_0_bitola,41.937950,21.538118,138,10374.9
shape_R4_0_bitola,41.937576,21.538698,139,10438.4
shape_R4_0_bitola,41.937237,21.539227,140,10496.2
shape_R4_0_bitola,41.937174,21.539325,141,10506.9
shape_R4_0_bitola,41.937141,21.539377,142,10512.5
shape_R4_0_bitola,41.937101,21.539439,143,10519.3
shape_R4_0_bitola,41.937063,21.539504,144,10526.2
shape_R4_0_bitola,41.936706,21.540059,145,10586.8
shape_R4_0_bitola,41.931031,21.548878,146,11551.4
shape_R4_0_bitola,41.930779,21.549270,147,11594.3
shape_R4_0_bitola,41.930554,21.549644,148,11634.1
shape_R4_0_bitola,41.930501,21.549742,149,11644.1
shape_R4_0_bitola,41.930482,21.549775,150,11647.5
shape_R4_0_bitola,41.930153,21.550357,151,11708.0
shape_R4_0_bitola,41.925871,21.558297,152,12519.3
shape_R4_0_bitola,41.923722,21.562289,153,12926.9
shape_R4_0_bitola,41.923552,21.562580,154,12957.5
shape_R4_0_bitola,41.923372,21.562889,155,12990.0
shape_R4_0_bitola,41.923144,21.563241,156,13028.6
shape_R4_0_bitola,41.922883,21.563616,157,13071.1
shape_R4_0_bitola,41.922613,21.563978,158,13113.5
shape_R4_0_bitola,41.922370,21.564262,159,13149.3
shape_R4_0_bitola,41.922074,21.564605,160,13192.8
shape_R4_0_bitola,41.920953,21.565789,161,13351.3
shape_R4_0_bitola,41.920864,21.565883,162,13363.9
shape_R4_0_bitola,41.919541,21.567280,163,13551.0
shape_R4_0_bitola,41.919307,21.567545,164,13585.0
shape_R4_0_bitola,41.919105,21.567787,165,13615.1
shape_R4_0_bitola,41.918897,21.568055,166,13647.1
shape_R4_0_bitola,41.918725,21.568312,167,13675.7
shape_R4_0_bitola,41.918536,21.568588,168,13706.8
shape_R4_0_bitola,41.918383,21.568852,169,13734.4
shape_R4_0_bitola,41.918229,21.569107,170,13761.6
shape_R4_0_bitola,41.918107,21.569355,171,13786.2
shape_R4_0_bitola,41.918005,21.569557,172,13806.4
shape_R4_0_bitola,41.917878,21.569841,173,13833.8
shape_R4_0_bitola,41.917761,21.570140,174,13861.8
shape_R4_0_bitola,41.917631,21.570519,175,13896.3
shape_R4_0_bitola,41.917487,21.570981,176,13937.8
shape_R4_0_bitola,41.917403,21.571274,177,13963.7
shape_R4_0_bitola,41.917304,21.571664,178,13997.8
shape_R4_0_bitola,41.917223,21.572005,179,14027.5
shape_R4_0_bitola,41.916518,21.575009,180,14288.1
shape_R4_0_bitola,41.916326,21.575696,181,14348.8
shape_R4_0_bitola,41.916071,21.576383,182,14412.3
shape_R4_0_bitola,41.915828,21.576915,183,14464.0
shape_R4_0_bitola,41.915400,21.577713,184,14545.4
shape_R4_0_bitola,41.914998,21.578357,185,14614.9
shape_R4_0_bitola,41.914665,21.578872,186,14671.4
shape_R4_0_bitola,41.914346,21.579515,187,14735.3
shape_R4_0_bitola,41.914122,21.580159,188,14794.1
shape_R4_0_bitola,41.913886,21.580975,189,14866.6
shape_R4_0_bitola,41.913516,21.582090,190,14967.6
shape_R4_0_bitola,41.913069,21.583421,191,15088.4
shape_R4_0_bitola,41.912781,21.584176,192,15158.6
shape_R4_0_bitola,41.912494,21.584863,193,15223.8
shape_R4_0_bitola,41.912079,21.585670,194,15305.0
shape_R4_0_bitola,41.911600,21.586528,195,15393.8
shape_R4_0_bitola,41.911216,21.587215,196,15464.9
shape_R4_0_bitola,41.910718,21.588124,197,15558.3
shape_R4_0_bitola,41.910031,21.589388,198,15687.8
shape_R4_0_bitola,41.909931,21.589574,199,15706.8
shape_R4_0_bitola,41.909484,21.590364,200,15788.9
shape_R4_0_bitola,41.909034,21.591128,201,15869.5
shape_R4_0_bitola,41.908419,21.592073,202,15973.4
shape_R4_0_bitola,41.907873,21.592967,203,16069.1
shape_R4_0_bitola,41.907366,21.593748,204,16154.9
shape_R4_0_bitola,41.907089,21.594175,205,16201.7
shape_R4_0_bitola,41.906752,21.594703,206,16259.3
shape_R4_0_bitola,41.906423,21.595241,207,16316.9
shape_R4_0_bitola,41.906060,21.595905,208,16385.1
shape_R4_0_bitola,41.905530,21.596958,209,16490.3
shape_R4_0_bitola,41.905427,21.597198,210,16513.2
shape_R4_0_bitola,41.905162,21.597766,211,16568.7
shape_R4_0_bitola,41.904824,21.598383,212,16632.1
shape_R4_0_bitola,41.904635,21.598748,213,16668.9
shape_R4_0_bitola,41.904469,21.599057,214,16700.5
shape_R4_0_bitola,41.904330,21.599314,215,16726.7
shape_R4_0_bitola,41.904137,21.599624,216,16760.2
shape_R4_0_bitola,41.903904,21.599981,217,16799.5
shape_R4_0_bitola,41.903779,21.600178,218,16820.9
shape_R4_0_bitola,41.901435,21.603431,219,17195.6
shape_R4_0_bitola,41.901219,21.603736,220,17230.5
shape_R4_0_bitola,41.900962,21.604070,221,17270.2
shape_R4_0_bitola,41.900654,21.604417,222,17314.9
shape_R4_0_bitola,41.900392,21.604662,223,17350.4
shape_R4_0_bitola,41.900134,21.604857,224,17383.3
shape_R4_0_bitola,41.900009,21.604943,225,17399.0
shape_R4_0_bitola,41.899861,21.605030,226,17416.9
shape_R4_0_bitola,41.899639,21.605142,227,17443.3
shape_R4_0_bitola,41.899423,21.605224,228,17468.2
shape_R4_0_bitola,41.899237,21.605282,229,17489.5
shape_R4_0_bitola,41.898991,21.605346,230,17517.3
shape_R4_0_bitola,41.898762,21.605378,231,17542.9
shape_R4_0_bitola,41.898598,21.605380,232,17561.2
shape_R4_0_bitola,41.898436,21.605385,233,17579.2
shape_R4_0_bitola,41.898232,21.605378,234,17601.9
shape_R4_0_bitola,41.898003,21.605349,235,17627.5
shape_R4_0_bitola,41.897769,21.605298,236,17653.8
shape_R4_0_bitola,41.897454,21.605187,237,17690.0
shape_R4_0_bitola,41.897177,21.605060,238,17722.6
shape_R4_0_bitola,41.896849,21.604858,239,17762.7
shape_R4_0_bitola,41.896502,21.604592,240,17807.1
shape_R4_0_bitola,41.896221,21.604316,241,17845.8
shape_R4_0_bitola,41.895975,21.604016,242,17882.8
shape_R4_0_bitola,41.895757,21.603704,243,17918.2
shape_R4_0_bitola,41.895535,21.603315,244,17958.8
shape_R4_0_bitola,41.895380,21.602991,245,17990.6
shape_R4_0_bitola,41.895208,21.602576,246,18030.0
shape_R4_0_bitola,41.895047,21.602134,247,18070.7
shape_R4_0_bitola,41.893970,21.598965,248,18359.0
shape_R4_0_bitola,41.893859,21.598651,249,18387.8
shape_R4_0_bitola,41.893723,21.598184,250,18429.3
shape_R4_0_bitola,41.893637,21.597828,251,18460.3
shape_R4_0_bitola,41.893529,21.597247,252,18509.9
shape_R4_0_bitola,41.893449,21.596491,253,18573.1
shape_R4_0_bitola,41.893311,21.594475,254,18740.6
shape_R4_0_bitola,41.893284,21.594020,255,18778.4
shape_R4_0_bitola,41.893246,21.593561,256,18816.6
shape_R4_0_bitola,41.893163,21.592921,257,18870.4
shape_R4_0_bitola,41.893054,21.592331,258,18920.7
shape_R4_0_bitola,41.892901,21.591754,259,18971.4
shape_R4_0_bitola,41.892741,21.591293,260,19013.5
shape_R4_0_bitola,41.892525,21.590802,261,19060.7
shape_R4_0_bitola,41.892252,21.590319,262,19110.9
shape_R4_0_bitola,41.892048,21.589992,263,19146.3
shape_R4_0_bitola,41.891653,21.589504,264,19205.9
shape_R4_0_bitola,41.891363,21.589209,265,19246.4
shape_R4_0_bitola,41.891024,21.588908,266,19291.6
shape_R4_0_bitola,41.890732,21.588688,267,19328.8
shape_R4_0_bitola,41.890373,21.588487,268,19372.0
shape_R4_0_bitola,41.890141,21.588389,269,19399.1
shape_R4_0_bitola,41.889985,21.588324,270,19417.2
shape_R4_0_bitola,41.889582,21.588190,271,19463.4
shape_R4_0_bitola,41.887823,21.587782,272,19661.9
shape_R4_0_bitola,41.887587,21.587744,273,19688.3
shape_R4_0_bitola,41.887272,21.587704,274,19723.5
shape_R4_0_bitola,41.886992,21.587688,275,19754.7
shape_R4_0_bitola,41.886701,21.587701,276,19787.0
shape_R4_0_bitola,41.886376,21.587749,277,19823.4
shape_R4_0_bitola,41.886173,21.587798,278,19846.3
shape_R4_0_bitola,41.886110,21.587814,279,19853.5
shape_R4_0_bitola,41.885818,21.587932,280,19887.4
shape_R4_0_bitola,41.885529,21.588090,281,19922.1
shape_R4_0_bitola,41.885181,21.588324,282,19965.3
shape_R4_0_bitola,41.884858,21.588592,283,20007.6
shape_R4_0_bitola,41.884534,21.588940,284,20053.7
shape_R4_0_bitola,41.884271,21.589270,285,20093.7
shape_R4_0_bitola,41.884031,21.589678,286,20136.7
shape_R4_0_bitola,41.883935,21.589863,287,20155.4
shape_R4_0_bitola,41.883794,21.590172,288,20185.4
shape_R4_0_bitola,41.883652,21.590542,289,20219.9
shape_R4_0_bitola,41.882461,21.594497,290,20573.1
shape_R4_0_bitola,41.882061,21.595385,291,20659.0
shape_R4_0_bitola,41.881759,21.595914,292,20714.2
shape_R4_0_bitola,41.881383,21.596341,293,20768.9
shape_R4_0_bitola,41.881041,21.596727,294,20818.6
shape_R4_0_bitola,41.880735,21.596933,295,20856.7
shape_R4_0_bitola,41.880663,21.596981,296,20865.6
shape_R4_0_bitola,41.880176,21.597237,297,20923.7
shape_R4_0_bitola,41.879623,21.597403,298,20986.8
shape_R4_0_bitola,41.879069,21.597451,299,21048.5
shape_R4_0_bitola,41.878481,21.597411,300,21114.0
shape_R4_0_bitola,41.877891,21.597387,301,21179.6
shape_R4_0_bitola,41.877004,21.597344,302,21278.3
shape_R4_0_bitola,41.876427,21.597432,303,21342.9
shape_R4_0_bitola,41.875641,21.597798,304,21435.4
shape_R4_0_bitola,41.875103,21.598253,305,21506.1
shape_R4_0_bitola,41.874701,21.598758,306,21567.3
shape_R4_0_bitola,41.874355,21.599417,307,21634.0
shape_R4_0_bitola,41.874072,21.600205,308,21706.5
shape_R4_0_bitola,41.873929,21.600746,309,21754.0
shape_R4_0_bitola,41.873804,21.601226,310,21796.1
shape_R4_0_bitola,41.873566,21.602177,311,21879.2
shape_R4_0_bitola,41.873388,21.602716,312,21928.0
shape_R4_0_bitola,41.873222,21.603115,313,21965.8
shape_R4_0_bitola,41.873068,21.603439,314,21997.7
shape_R4_0_bitola,41.872675,21.604218,315,22075.6
shape_R4_0_bitola,41.872287,21.604978,316,22151.9
shape_R4_0_bitola,41.871334,21.606841,317,22339.0
shape_R4_0_bitola,41.871179,21.607224,318,22375.1
shape_R4_0_bitola,41.871038,21.607619,319,22411.4
shape_R4_0_bitola,41.870852,21.608367,320,22476.7
shape_R4_0_bitola,41.870742,21.609024,321,22532.4
shape_R4_0_bitola,41.870694,21.609820,322,22598.6
shape_R4_0_bitola,41.870673,21.610366,323,22643.8
shape_R4_0_bitola,41.870655,21.610819,324,22681.4
shape_R4_0_bitola,41.870624,21.611747,325,22758.3
shape_R4_0_bitola,41.870429,21.612696,326,22839.8
shape_R4_0_bitola,41.870149,21.613490,327,22912.6
shape_R4_0_bitola,41.869819,21.613961,328,22966.1
shape_R4_0_bitola,41.869541,21.614241,329,23004.8
shape_R4_0_bitola,41.869237,21.614507,330,23045.1
shape_R4_0_bitola,41.868831,21.614765,331,23095.0
shape_R4_0_bitola,41.868432,21.614903,332,23140.9
shape_R4_0_bitola,41.868052,21.614977,333,23183.6
shape_R4_0_bitola,41.867674,21.614964,334,23225.6
shape_R4_0_bitola,41.867288,21.614890,335,23269.0
shape_R4_0_bitola,41.866871,21.614772,336,23316.3
shape_R4_0_bitola,41.866388,21.614634,337,23371.3
shape_R4_0_bitola,41.865924,21.614525,338,23423.6
shape_R4_0_bitola,41.865428,21.614494,339,23478.8
shape_R4_0_bitola,41.864969,21.614580,340,23530.4
shape_R4_0_bitola,41.864543,21.614727,341,23579.3
shape_R4_0_bitola,41.864147,21.614954,342,23627.2
shape_R4_0_bitola,41.863788,21.615234,343,23673.3
shape_R4_0_bitola,41.863417,21.615636,344,23726.3
shape_R4_0_bitola,41.863132,21.616055,345,23773.3
shape_R4_0_bitola,41.862824,21.616553,346,23826.9
shape_R4_0_bitola,41.862427,21.617273,347,23901.1
shape_R4_0_bitola,41.862056,21.617888,348,23966.7
shape_R4_0_bitola,41.861696,21.618306,349,24019.6
shape_R4_0_bitola,41.861331,21.618670,350,24070.1
shape_R4_0_bitola,41.860917,21.618912,351,24120.4
shape_R4_0_bitola,41.860541,21.619087,352,24164.6
shape_R4_0_bitola,41.860109,21.619210,353,24213.7
shape_R4_0_bitola,41.859631,21.619249,354,24267.0
shape_R4_0_bitola,41.859171,21.619209,355,24318.2
shape_R4_0_bitola,41.858633,21.619120,356,24378.5
shape_R4_0_bitola,41.857968,21.619023,357,24452.9
shape_R4_0_bitola,41.857204,21.618876,358,24538.7
shape_R4_0_bitola,41.856588,21.618773,359,24607.7
shape_R4_0_bitola,41.856124,21.618734,360,24659.4
shape_R4_0_bitola,41.855589,21.618709,361,24718.9
shape_R4_0_bitola,41.855453,21.618715,362,24734.1
shape_R4_0_bitola,41.854998,21.618736,363,24784.7
shape_R4_0_bitola,41.854345,21.618876,364,24858.2
shape_R4_0_bitola,41.853694,21.619145,365,24934.0
shape_R4_0_bitola,41.853055,21.619488,366,25010.5
shape_R4_0_bitola,41.852549,21.619885,367,25075.6
shape_R4_0_bitola,41.852106,21.620313,368,25136.3
shape_R4_0_bitola,41.851604,21.620917,369,25211.3
shape_R4_0_bitola,41.850984,21.621728,370,25307.5
shape_R4_0_bitola,41.850548,21.622335,371,25377.4
shape_R4_0_bitola,41.848872,21.624244,372,25621.8
shape_R4_0_bitola,41.848220,21.625000,373,25717.6
shape_R4_0_bitola,41.847407,21.625943,374,25837.1
shape_R4_0_bitola,41.845525,21.628111,375,26112.8
shape_R4_0_bitola,41.844217,21.629638,376,26305.6
shape_R4_0_bitola,41.844051,21.629840,377,26330.5
shape_R4_0_bitola,41.843503,21.630507,378,26412.7
shape_R4_0_bitola,41.843223,21.630857,379,26455.3
shape_R4_0_bitola,41.843025,21.630989,380,26479.9
shape_R4_0_bitola,41.841972,21.631669,381,26609.8
shape_R4_0_bitola,41.841514,21.631864,382,26663.2
shape_R4_0_bitola,41.841328,21.631872,383,26683.9
shape_R4_0_bitola,41.841022,21.631773,384,26718.9
shape_R4_0_bitola,41.840329,21.631563,385,26797.9
shape_R4_0_bitola,41.839536,21.631328,386,26888.2
shape_R4_0_bitola,41.839002,21.631255,387,26947.9
shape_R4_0_bitola,41.838421,21.631378,388,27013.3
shape_R4_0_bitola,41.837556,21.631949,389,27120.5
shape_R4_0_bitola,41.836973,21.632538,390,27201.6
shape_R4_0_bitola,41.836508,21.633064,391,27269.3
shape_R4_0_bitola,41.836000,21.633790,392,27351.8
shape_R4_0_bitola,41.835613,21.634506,393,27425.1
shape_R4_0_bitola,41.835212,21.635347,394,27507.8
shape_R4_0_bitola,41.834844,21.636625,395,27621.3
shape_R4_0_bitola,41.834525,21.637367,396,27692.3
shape_R4_0_bitola,41.834095,21.638068,397,27767.5
shape_R4_0_bitola,41.833668,21.638624,398,27833.6
shape_R4_0_bitola,41.833337,21.638972,399,27880.4
shape_R4_0_bitola,41.832948,21.639333,400,27933.0
shape_R4_0_bitola,41.832742,21.639556,401,27962.4
shape_R4_0_bitola,41.832413,21.639816,402,28004.9
shape_R4_0_bitola,41.832159,21.639986,403,28036.4
shape_R4_0_bitola,41.831906,21.640128,404,28066.9
shape_R4_0_bitola,41.830391,21.640681,405,28241.5
shape_R4_0_bitola,41.829971,21.640871,406,28290.8
shape_R4_0_bitola,41.829597,21.641135,407,28337.8
shape_R4_0_bitola,41.829240,21.641464,408,28385.9
shape_R4_0_bitola,41.828847,21.641886,409,28441.9
shape_R4_0_bitola,41.828481,21.642388,410,28500.1
shape_R4_0_bitola,41.828185,21.642752,411,28544.7
shape_R4_0_bitola,41.827912,21.643199,412,28592.6
shape_R4_0_bitola,41.827506,21.643926,413,28667.9
shape_R4_0_bitola,41.826972,21.644780,414,28760.3
shape_R4_0_bitola,41.826795,21.645141,415,28796.1
shape_R4_0_bitola,41.826619,21.645573,416,28836.9
shape_R4_0_bitola,41.826489,21.646112,417,28883.8
shape_R4_0_bitola,41.826445,21.646745,418,28936.5
shape_R4_0_bitola,41.826465,21.647257,419,28979.0
shape_R4_0_bitola,41.826525,21.647743,420,29019.8
shape_R4_0_bitola,41.826661,21.648274,421,29066.3
shape_R4_0_bitola,41.826827,21.648655,422,29102.9
shape_R4_0_bitola,41.827091,21.649097,423,29149.8
shape_R4_0_bitola,41.827666,21.649915,424,29243.0
shape_R4_0_bitola,41.827920,21.650328,425,29287.4
shape_R4_0_bitola,41.828072,21.650669,426,29320.3
shape_R4_0_bitola,41.828202,21.651074,427,29356.8
shape_R4_0_bitola,41.828318,21.651554,428,29398.6
shape_R4_0_bitola,41.828386,21.652023,429,29438.2
shape_R4_0_bitola,41.828394,21.652597,430,29485.8
shape_R4_0_bitola,41.828366,21.653155,431,29532.1
shape_R4_0_bitola,41.828310,21.653641,432,29572.9
shape_R4_0_bitola,41.828244,21.654108,433,29612.3
shape_R4_0_bitola,41.828030,21.655296,434,29713.5
shape_R4_0_bitola,41.827946,21.655873,435,29762.2
shape_R4_0_bitola,41.827924,21.656353,436,29802.1
shape_R4_0_bitola,41.827954,21.656830,437,29841.7
shape_R4_0_bitola,41.828002,21.657315,438,29882.3
shape_R4_0_bitola,41.828088,21.657742,439,29918.9
shape_R4_0_bitola,41.828212,21.658123,440,29953.4
shape_R4_0_bitola,41.828414,21.658517,441,29993.0
shape_R4_0_bitola,41.828660,21.658852,442,30032.0
shape_R4_0_bitola,41.828895,21.659105,443,30065.5
shape_R4_0_bitola,41.829171,21.659335,444,30101.6
shape_R4_0_bitola,41.830256,21.660038,445,30235.6
shape_R4_0_bitola,41.830634,21.660317,446,30283.5
shape_R4_0_bitola,41.830930,21.660647,447,30326.3
shape_R4_0_bitola,41.831218,21.661063,448,30373.4
shape_R4_0_bitola,41.831392,21.661398,449,30407.2
shape_R4_0_bitola,41.831559,21.661843,450,30448.5
shape_R4_0_bitola,41.831681,21.662355,451,30493.0
shape_R4_0_bitola,41.831747,21.662860,452,30535.5
shape_R4_0_bitola,41.831757,21.663407,453,30580.8
shape_R4_0_bitola,41.831725,21.663962,454,30627.0
shape_R4_0_bitola,41.831542,21.666304,455,30822.1
shape_R4_0_bitola,41.831517,21.666886,456,30870.4
shape_R4_0_bitola,41.831550,21.667484,457,30920.1
shape_R4_0_bitola,41.831611,21.668055,458,30967.8
shape_R4_0_bitola,41.831781,21.669152,459,31060.7
shape_R4_0_bitola,41.831855,21.669793,460,31114.4
shape_R4_0_bitola,41.831953,21.670370,461,31163.5
shape_R4_0_bitola,41.832082,21.670786,462,31200.8
shape_R4_0_bitola,41.832269,21.671279,463,31246.6
shape_R4_0_bitola,41.832442,21.671699,464,31286.4
shape_R4_0_bitola,41.832608,21.672080,465,31322.9
shape_R4_0_bitola,41.832732,21.672407,466,31353.3
shape_R4_0_bitola,41.832897,21.672945,467,31401.5
shape_R4_0_bitola,41.832972,21.673375,468,31438.1
shape_R4_0_bitola,41.833002,21.673891,469,31481.0
shape_R4_0_bitola,41.832982,21.674444,470,31526.9
shape_R4_0_bitola,41.832890,21.674952,471,31570.2
shape_R4_0_bitola,41.832729,21.675500,472,31619.0
shape_R4_0_bitola,41.832551,21.675888,473,31656.8
shape_R4_0_bitola,41.832314,21.676270,474,31697.9
shape_R4_0_bitola,41.832074,21.676535,475,31732.5
shape_R4_0_bitola,41.831880,21.676720,476,31759.0
shape_R4_0_bitola,41.831652,21.676906,477,31788.6
shape_R4_0_bitola,41.831443,21.677074,478,31815.7
shape_R4_0_bitola,41.831173,21.677292,479,31850.8
shape_R4_0_bitola,41.830843,21.677560,480,31893.6
shape_R4_0_bitola,41.830599,21.677809,481,31927.7
shape_R4_0_bitola,41.830399,21.678040,482,31957.1
shape_R4_0_bitola,41.829856,21.678729,483,32040.2
shape_R4_0_bitola,41.829612,21.679046,484,32077.9
shape_R4_0_bitola,41.829248,21.679424,485,32129.1
shape_R4_0_bitola,41.828966,21.679636,486,32165.0
shape_R4_0_bitola,41.828641,21.679797,487,32203.6
shape_R4_0_bitola,41.828313,21.679893,488,32240.9
shape_R4_0_bitola,41.827991,21.679942,489,32276.9
shape_R4_0_bitola,41.827653,21.679942,490,32314.5
shape_R4_0_bitola,41.827335,21.679869,491,32350.4
shape_R4_0_bitola,41.827034,21.679762,492,32385.0
shape_R4_0_bitola,41.826736,21.679599,493,32420.8
shape_R4_0_bitola,41.826482,21.679400,494,32453.5
shape_R4_0_bitola,41.826288,21.679212,495,32480.1
shape_R4_0_bitola,41.826088,21.678960,496,32510.6
shape_R4_0_bitola,41.825938,21.678732,497,32535.8
shape_R4_0_bitola,41.825775,21.678461,498,32564.7
shape_R4_0_bitola,41.824764,21.676608,499,32755.0
shape_R4_0_bitola,41.824591,21.676292,500,32787.5
shape_R4_0_bitola,41.824325,21.675795,501,32838.2
shape_R4_0_bitola,41.824120,21.675460,502,32874.1
shape_R4_0_bitola,41.823925,21.675157,503,32907.3
shape_R4_0_bitola,41.823693,21.674869,504,32942.4
shape_R4_0_bitola,41.823507,21.674642,505,32970.4
shape_R4_0_bitola,41.823328,21.674430,506,32996.9
shape_R4_0_bitola,41.823119,21.674194,507,33027.3
shape_R4_0_bitola,41.822935,21.673998,508,33053.4
shape_R4_0_bitola,41.822769,21.673849,509,33075.6
shape_R4_0_bitola,41.822524,21.673634,510,33108.2
shape_R4_0_bitola,41.822133,21.673342,511,33157.9
shape_R4_0_bitola,41.821391,21.672680,512,33257.0
shape_R4_0_bitola,41.821309,21.672614,513,33267.6
shape_R4_0_bitola,41.821166,21.672490,514,33286.6
shape_R4_0_bitola,41.820809,21.672218,515,33332.2
shape_R4_0_bitola,41.820583,21.672016,516,33362.4
shape_R4_0_bitola,41.820305,21.671788,517,33398.6
shape_R4_0_bitola,41.819871,21.671337,518,33459.7
shape_R4_0_bitola,41.819663,21.671134,519,33488.3
shape_R4_0_bitola,41.819582,21.671059,520,33499.2
shape_R4_0_bitola,41.819052,21.670475,521,33575.5
shape_R4_0_bitola,41.818658,21.670111,522,33628.7
shape_R4_0_bitola,41.818599,21.670048,523,33637.0
shape_R4_0_bitola,41.818542,21.669987,524,33645.1
shape_R4_0_bitola,41.818236,21.669681,525,33687.6
shape_R4_0_bitola,41.818048,21.669507,526,33713.0
shape_R4_0_bitola,41.817860,21.669350,527,33737.6
shape_R4_0_bitola,41.817764,21.669279,528,33749.8
shape_R4_0_bitola,41.817586,21.669160,529,33771.9
shape_R4_0_bitola,41.817351,21.669056,530,33799.4
shape_R4_0_bitola,41.817112,21.668934,531,33827.9
shape_R4_0_bitola,41.816879,21.668843,532,33854.8
shape_R4_0_bitola,41.816659,21.668780,533,33879.8
shape_R4_0_bitola,41.816408,21.668725,534,33908.1
shape_R4_0_bitola,41.816191,21.668691,535,33932.4
shape_R4_0_bitola,41.815378,21.668583,536,34023.3
shape_R4_0_bitola,41.815131,21.668558,537,34050.8
shape_R4_0_bitola,41.814875,21.668543,538,34079.3
shape_R4_0_bitola,41.814621,21.668554,539,34107.6
shape_R4_0_bitola,41.814393,21.668585,540,34133.0
shape_R4_0_bitola,41.814179,21.668632,541,34157.2
shape_R4_0_bitola,41.814089,21.668657,542,34167.4
shape_R4_0_bitola,41.813889,21.668726,543,34190.3
shape_R4_0_bitola,41.813600,21.668852,544,34224.1
shape_R4_0_bitola,41.813245,21.669073,545,34267.6
shape_R4_0_bitola,41.810208,21.671052,546,34643.1
shape_R4_0_bitola,41.808704,21.672122,547,34832.4
shape_R4_0_bitola,41.807928,21.672953,548,34942.8
shape_R4_0_bitola,41.807507,21.673531,549,35009.7
shape_R4_0_bitola,41.807072,21.674183,550,35082.3
shape_R4_0_bitola,41.806688,21.674758,551,35146.3
shape_R4_0_bitola,41.806291,21.675213,552,35204.3
shape_R4_0_bitola,41.805811,21.675728,553,35272.7
shape_R4_0_bitola,41.805332,21.676175,554,35337.5
shape_R4_0_bitola,41.804833,21.676604,555,35403.4
shape_R4_0_bitola,41.804404,21.677050,556,35463.8
shape_R4_0_bitola,41.804078,21.677661,557,35526.1
shape_R4_0_bitola,41.803874,21.678112,558,35569.8
shape_R4_0_bitola,41.803685,21.678603,559,35615.6
shape_R4_0_bitola,41.803533,21.679184,560,35666.6
shape_R4_0_bitola,41.803369,21.679908,561,35729.4
shape_R4_0_bitola,41.803061,21.681673,562,35879.6
shape_R4_0_bitola,41.803027,21.681869,563,35896.3
shape_R4_0_bitola,41.801572,21.690206,564,36606.0
shape_R4_0_bitola,41.801432,21.690819,565,36659.2
shape_R4_0_bitola,41.801229,21.691423,566,36714.1
shape_R4_0_bitola,41.801027,21.691839,567,36755.3
shape_R4_0_bitola,41.800702,21.692334,568,36809.9
shape_R4_0_bitola,41.800334,21.692733,569,36862.6
shape_R4_0_bitola,41.799923,21.693056,570,36915.5
shape_R4_0_bitola,41.799483,21.693261,571,36967.3
shape_R4_0_bitola,41.798935,21.693427,572,37029.8
shape_R4_0_bitola,41.797856,21.693567,573,37150.3
shape_R4_0_bitola,41.797069,21.693727,574,37238.8
shape_R4_0_bitola,41.796510,21.693950,575,37303.7
shape_R4_0_bitola,41.795938,21.694278,576,37372.9
shape_R4_0_bitola,41.793911,21.695469,577,37618.9
shape_R4_0_bitola,41.793411,21.695856,578,37683.1
shape_R4_0_bitola,41.793072,21.696199,579,37730.3
shape_R4_0_bitola,41.792598,21.696817,580,37803.8
shape_R4_0_bitola,41.792023,21.697675,581,37899.5
shape_R4_0_bitola,41.791666,21.698294,582,37964.4
shape_R4_0_bitola,41.791560,21.698479,583,37983.7
shape_R4_0_bitola,41.791398,21.698759,584,38013.1
shape_R4_0_bitola,41.791224,21.699030,585,38042.7
shape_R4_0_bitola,41.791035,21.699294,586,38073.1
shape_R4_0_bitola,41.790761,21.699654,587,38115.7
shape_R4_0_bitola,41.790503,21.699983,588,38155.3
shape_R4_0_bitola,41.790283,21.700230,589,38187.2
shape_R4_0_bitola,41.789989,21.700521,590,38227.8
shape_R4_0_bitola,41.789646,21.700831,591,38273.8
shape_R4_0_bitola,41.789379,21.701037,592,38308.1
shape_R4_0_bitola,41.789181,21.701175,593,38332.9
shape_R4_0_bitola,41.788808,21.701385,594,38377.9
shape_R4_0_bitola,41.788574,21.701510,595,38405.9
shape_R4_0_bitola,41.788381,21.701607,596,38428.8
shape_R4_0_bitola,41.788312,21.701642,597,38437.0
shape_R4_0_bitola,41.788047,21.701777,598,38468.5
shape_R4_0_bitola,41.787630,21.701988,599,38518.1
shape_R4_0_bitola,41.787283,21.702156,600,38559.1
shape_R4_0_bitola,41.787025,21.702266,601,38589.2
shape_R4_0_bitola,41.786671,21.702403,602,38630.2
shape_R4_0_bitola,41.786392,21.702496,603,38662.1
shape_R4_0_bitola,41.786154,21.702574,604,38689.4
shape_R4_0_bitola,41.785806,21.702670,605,38728.9
shape_R4_0_bitola,41.785554,21.702748,606,38757.7
shape_R4_0_bitola,41.785284,21.702833,607,38788.5
shape_R4_0_bitola,41.784267,21.703133,608,38904.3
shape_R4_0_bitola,41.784031,21.703215,609,38931.4
shape_R4_0_bitola,41.783644,21.703395,610,38976.9
shape_R4_0_bitola,41.783545,21.703447,611,38988.8
shape_R4_0_bitola,41.783293,21.703601,612,39019.5
shape_R4_0_bitola,41.783060,21.703776,613,39049.2
shape_R4_0_bitola,41.782790,21.703999,614,39084.5
shape_R4_0_bitola,41.782543,21.704220,615,39117.5
shape_R4_0_bitola,41.782307,21.704468,616,39150.9
shape_R4_0_bitola,41.781839,21.705085,617,39223.8
shape_R4_0_bitola,41.781477,21.705656,618,39286.0
shape_R4_0_bitola,41.781198,21.706230,619,39342.8
shape_R4_0_bitola,41.780938,21.706871,620,39403.3
shape_R4_0_bitola,41.780846,21.707194,621,39432.0
shape_R4_0_bitola,41.780731,21.707617,622,39469.3
shape_R4_0_bitola,41.780651,21.707989,623,39501.4
shape_R4_0_bitola,41.780613,21.708321,624,39529.3
shape_R4_0_bitola,41.780607,21.708428,625,39538.1
shape_R4_0_bitola,41.780598,21.708614,626,39553.6
shape_R4_0_bitola,41.780601,21.708867,627,39574.6
shape_R4_0_bitola,41.780627,21.709286,628,39609.4
shape_R4_0_bitola,41.780698,21.709796,629,39652.5
shape_R4_0_bitola,41.780792,21.710350,630,39699.6
shape_R4_0_bitola,41.780904,21.710911,631,39747.7
shape_R4_0_bitola,41.781002,21.711429,632,39792.0
shape_R4_0_bitola,41.781058,21.711722,633,39817.1
shape_R4_0_bitola,41.781099,21.712169,634,39854.5
shape_R4_0_bitola,41.781108,21.712616,635,39891.5
shape_R4_0_bitola,41.781052,21.712936,636,39918.8
shape_R4_0_bitola,41.780943,21.713343,637,39954.7
shape_R4_0_bitola,41.780828,21.713652,638,39983.3
shape_R4_0_bitola,41.780675,21.713984,639,40015.7
shape_R4_0_bitola,41.780492,21.714280,640,40047.5
shape_R4_0_bitola,41.780300,21.714526,641,40077.1
shape_R4_0_bitola,41.780052,21.714806,642,40113.1
shape_R4_0_bitola,41.779802,21.715055,643,40147.7
shape_R4_0_bitola,41.779598,21.715281,644,40177.2
shape_R4_0_bitola,41.779321,21.715597,645,40217.6
shape_R4_0_bitola,41.779179,21.715811,646,40241.4
shape_R4_0_bitola,41.779070,21.715993,647,40260.7
shape_R4_0_bitola,41.778946,21.716242,648,40285.5
shape_R4_0_bitola,41.778737,21.716590,649,40322.6
shape_R4_0_bitola,41.778510,21.716934,650,40360.7
shape_R4_0_bitola,41.778236,21.717294,651,40403.3
shape_R4_0_bitola,41.777941,21.717586,652,40444.1
shape_R4_0_bitola,41.777543,21.717978,653,40499.0
shape_R4_0_bitola,41.776877,21.718791,654,40599.2
shape_R4_0_bitola,41.774542,21.722590,655,41007.4
shape_R4_0_bitola,41.773959,21.723116,656,41085.5
shape_R4_0_bitola,41.772724,21.723896,657,41237.3
shape_R4_0_bitola,41.771910,21.724617,658,41345.8
shape_R4_0_bitola,41.771383,21.725311,659,41427.9
shape_R4_0_bitola,41.770745,21.726327,660,41538.1
shape_R4_0_bitola,41.770242,21.727052,661,41620.2
shape_R4_0_bitola,41.769799,21.728079,662,41718.6
shape_R4_0_bitola,41.769517,21.729066,663,41806.3
shape_R4_0_bitola,41.769365,21.729989,664,41884.6
shape_R4_0_bitola,41.769359,21.730912,665,41961.2
shape_R4_0_bitola,41.769869,21.733107,666,42151.9
shape_R4_0_bitola,41.769851,21.733899,667,42217.6
shape_R4_0_bitola,41.769251,21.736461,668,42440.3
shape_R4_0_bitola,41.768843,21.737278,669,42521.8
shape_R4_0_bitola,41.768219,21.737915,670,42609.0
shape_R4_0_bitola,41.767801,21.738133,671,42658.9
shape_R4_0_bitola,41.767213,21.738299,672,42725.7
shape_R4_0_bitola,41.766428,21.738115,673,42814.3
shape_R4_0_bitola,41.765144,21.737413,674,42968.5
shape_R4_0_bitola,41.764151,21.736857,675,43088.2
shape_R4_0_bitola,41.763726,21.736760,676,43136.1
shape_R4_0_bitola,41.763217,21.736788,677,43192.8
shape_R4_0_bitola,41.762510,21.736906,678,43272.0
shape_R4_0_bitola,41.757144,21.739400,679,43903.5
shape_R4_0_bitola,41.753425,21.741703,680,44359.0
shape_R4_0_bitola,41.752572,21.742584,681,44478.8
shape_R4_0_bitola,41.752141,21.743102,682,44543.1
shape_R4_0_bitola,41.751805,21.743672,683,44603.4
shape_R4_0_bitola,41.751007,21.745010,684,44745.5
shape_R4_0_bitola,41.749185,21.748134,685,45074.4
shape_R4_0_bitola,41.748699,21.749009,686,45164.9
shape_R4_0_bitola,41.748100,21.750614,687,45313.8
shape_R4_0_bitola,41.747791,21.751410,688,45388.3
shape_R4_0_bitola,41.747353,21.752251,689,45473.4
shape_R4_0_bitola,41.747012,21.752806,690,45533.0
shape_R4_0_bitola,41.746547,21.753320,691,45600.0
shape_R4_0_bitola,41.743661,21.755654,692,45974.8
shape_R4_0_bitola,41.742316,21.756742,693,46149.5
shape_R4_0_bitola,41.740744,21.757976,694,46352.1
shape_R4_0_bitola,41.740292,21.758271,695,46408.0
shape_R4_0_bitola,41.739718,21.758526,696,46475.2
shape_R4_0_bitola,41.739118,21.758671,697,46543.0
shape_R4_0_bitola,41.738476,21.758792,698,46615.1
shape_R4_0_bitola,41.738002,21.758928,699,46669.0
shape_R4_0_bitola,41.737696,21.759078,700,46705.2
shape_R4_0_bitola,41.737244,21.759429,701,46763.3
shape_R4_0_bitola,41.736951,21.759734,702,46804.6
shape_R4_0_bitola,41.736517,21.760279,703,46870.7
shape_R4_0_bitola,41.735528,21.761450,704,47017.5
shape_R4_0_bitola,41.734852,21.762225,705,47116.4
shape_R4_0_bitola,41.732990,21.764252,706,47383.1
shape_R4_0_bitola,41.732395,21.764851,707,47465.9
shape_R4_0_bitola,41.731796,21.765349,708,47544.3
shape_R4_0_bitola,41.731293,21.765683,709,47606.7
shape_R4_0_bitola,41.730531,21.766118,710,47698.8
shape_R4_0_bitola,41.729246,21.766837,711,47853.6
shape_R4_0_bitola,41.728824,21.767079,712,47904.7
shape_R4_0_bitola,41.728466,21.767285,713,47948.0
shape_R4_0_bitola,41.728036,21.767514,714,47999.5
shape_R4_0_bitola,41.727283,21.767947,715,48090.6
shape_R4_0_bitola,41.726533,21.768364,716,48180.9
shape_R4_0_bitola,41.725719,21.768823,717,48279.1
shape_R4_0_bitola,41.724035,21.769774,718,48482.3
shape_R4_0_bitola,41.723760,21.769929,719,48515.5
shape_R4_0_bitola,41.722205,21.770806,720,48703.1
shape_R4_0_bitola,41.721554,21.771168,721,48781.4
shape_R4_0_bitola,41.721172,21.771381,722,48827.4
shape_R4_0_bitola,41.720910,21.771526,723,48859.0
shape_R4_0_bitola,41.720608,21.771633,724,48893.7
shape_R4_0_bitola,41.720526,21.771670,725,48903.3
shape_R4_0_bitola,41.720309,21.771761,726,48928.6
shape_R4_0_bitola,41.720199,21.771806,727,48941.4
shape_R4_0_bitola,41.720115,21.771838,728,48951.1
shape_R4_0_bitola,41.720048,21.771861,729,48958.8
shape_R4_0_bitola,41.719962,21.771888,730,48968.6
shape_R4_0_bitola,41.719879,21.771909,731,48978.0
shape_R4_0_bitola,41.719804,21.771927,732,48986.5
shape_R4_0_bitola,41.719749,21.771934,733,48992.6
shape_R4_0_bitola,41.719544,21.771954,734,49015.5
shape_R4_0_bitola,41.719367,21.771952,735,49035.2
shape_R4_0_bitola,41.719223,21.771937,736,49051.2
shape_R4_0_bitola,41.719171,21.771931,737,49057.0
shape_R4_0_bitola,41.719094,21.771916,738,49065.7
shape_R4_0_bitola,41.718995,21.771892,739,49076.9
shape_R4_0_bitola,41.718926,21.771870,740,49084.7
shape_R4_0_bitola,41.718850,21.771845,741,49093.4
shape_R4_0_bitola,41.718664,21.771764,742,49115.2
shape_R4_0_bitola,41.718549,21.771700,743,49129.0
shape_R4_0_bitola,41.718415,21.771618,744,49145.4
shape_R4_0_bitola,41.718295,21.771525,745,49160.8
shape_R4_0_bitola,41.718133,21.771381,746,49182.5
shape_R4_0_bitola,41.717999,21.771239,747,49201.5
shape_R4_0_bitola,41.717895,21.771113,748,49217.0
shape_R4_0_bitola,41.717794,21.770969,749,49233.4
shape_R4_0_bitola,41.717719,21.770861,750,49245.7
shape_R4_0_bitola,41.717656,21.770751,751,49257.2
shape_R4_0_bitola,41.717532,21.770502,752,49282.0
shape_R4_0_bitola,41.717416,21.770197,753,49310.5
shape_R4_0_bitola,41.717324,21.769898,754,49337.3
shape_R4_0_bitola,41.717271,21.769658,755,49358.1
shape_R4_0_bitola,41.717246,21.769470,756,49373.9
shape_R4_0_bitola,41.717228,21.769293,757,49388.7
shape_R4_0_bitola,41.717216,21.769108,758,49404.2
shape_R4_0_bitola,41.717218,21.768822,759,49427.9
shape_R4_0_bitola,41.717227,21.768649,760,49442.3
shape_R4_0_bitola,41.717248,21.768449,761,49459.1
shape_R4_0_bitola,41.717266,21.768324,762,49469.6
shape_R4_0_bitola,41.717338,21.767916,763,49504.4
shape_R4_0_bitola,41.717507,21.767425,764,49549.3
shape_R4_0_bitola,41.717640,21.767218,765,49572.0
shape_R4_0_bitola,41.717706,21.767116,766,49583.2
shape_R4_0_bitola,41.717910,21.766823,767,49616.4
shape_R4_0_bitola,41.718381,21.766335,768,49682.6
shape_R4_0_bitola,41.719548,21.765633,769,49824.9
shape_R4_0_bitola,41.722504,21.763856,770,50185.1
shape_R4_0_bitola,41.722927,21.763540,771,50239.0
shape_R4_0_bitola,41.723277,21.763136,772,50290.4
shape_R4_0_bitola,41.723575,21.762607,773,50345.4
shape_R4_0_bitola,41.723779,21.762167,774,50388.4
shape_R4_0_bitola,41.723951,21.761651,775,50435.3
shape_R4_0_bitola,41.724063,21.760759,776,50510.3
shape_R4_0_bitola,41.724058,21.759955,777,50577.1
shape_R4_0_bitola,41.723901,21.759146,778,50646.4
shape_R4_0_bitola,41.723638,21.758440,779,50711.9
shape_R4_0_bitola,41.723328,21.757936,780,50766.1
shape_R4_0_bitola,41.723069,21.757640,781,50804.0
shape_R4_0_bitola,41.722596,21.757256,782,50865.5
shape_R4_0_bitola,41.721951,21.756973,783,50940.9
shape_R4_0_bitola,41.720935,21.756864,784,51054.3
shape_R4_0_bitola,41.716723,21.756612,785,51523.1
shape_R4_0_bitola,41.715841,21.756714,786,51621.5
shape_R4_0_bitola,41.714927,21.757019,787,51726.3
shape_R4_0_bitola,41.714568,21.757235,788,51770.0
shape_R4_0_bitola,41.714111,21.757553,789,51827.3
shape_R4_0_bitola,41.713766,21.757899,790,51875.2
shape_R4_0_bitola,41.713548,21.758117,791,51905.5
shape_R4_0_bitola,41.713361,21.758360,792,51934.4
shape_R4_0_bitola,41.713182,21.758606,793,51962.9
shape_R4_0_bitola,41.713022,21.758840,794,51989.3
shape_R4_0_bitola,41.712875,21.759085,795,52015.4
shape_R4_0_bitola,41.712056,21.760648,796,52173.9
shape_R4_0_bitola,41.711924,21.760889,797,52198.7
shape_R4_0_bitola,41.711801,21.761102,798,52221.0
shape_R4_0_bitola,41.711612,21.761357,799,52250.9
shape_R4_0_bitola,41.711450,21.761554,800,52275.2
shape_R4_0_bitola,41.711262,21.761733,801,52300.8
shape_R4_0_bitola,41.711052,21.761905,802,52328.2
shape_R4_0_bitola,41.710861,21.762024,803,52351.6
shape_R4_0_bitola,41.710686,21.762122,804,52372.7
shape_R4_0_bitola,41.710420,21.762231,805,52403.7
shape_R4_0_bitola,41.710188,21.762287,806,52429.9
shape_R4_0_bitola,41.709980,21.762313,807,52453.1
shape_R4_0_bitola,41.709716,21.762324,808,52482.5
shape_R4_0_bitola,41.709475,21.762296,809,52509.4
shape_R4_0_bitola,41.709260,21.762240,810,52533.7
shape_R4_0_bitola,41.709033,21.762158,811,52559.9
shape_R4_0_bitola,41.708855,21.762073,812,52580.9
shape_R4_0_bitola,41.708677,21.761968,813,52602.5
shape_R4_0_bitola,41.707718,21.761294,814,52722.9
shape_R4_0_bitola,41.700520,21.756020,815,53635.2
shape_R4_0_bitola,41.699976,21.755663,816,53702.6
shape_R4_0_bitola,41.699823,21.755557,817,53721.8
shape_R4_0_bitola,41.699795,21.755530,818,53725.6
shape_R4_0_bitola,41.699631,21.755381,819,53747.6
shape_R4_0_bitola,41.699477,21.755249,820,53768.0
shape_R4_0_bitola,41.699333,21.755101,821,53788.1
shape_R4_0_bitola,41.699175,21.754911,822,53811.8
shape_R4_0_bitola,41.698773,21.754387,823,53874.1
shape_R4_0_bitola,41.698692,21.754282,824,53886.7
shape_R4_0_bitola,41.698552,21.754101,825,53908.3
shape_R4_0_bitola,41.698388,21.753898,826,53933.1
shape_R4_0_bitola,41.697829,21.753187,827,54018.9
shape_R4_0_bitola,41.697727,21.753057,828,54034.5
shape_R4_0_bitola,41.697211,21.752460,829,54110.3
shape_R4_0_bitola,41.697002,21.752258,830,54139.0
shape_R4_0_bitola,41.696767,21.752077,831,54169.1
shape_R4_0_bitola,41.696530,21.751917,832,54198.6
shape_R4_0_bitola,41.696294,21.751790,833,54226.9
shape_R4_0_bitola,41.695962,21.751637,834,54266.0
shape_R4_0_bitola,41.695434,21.751397,835,54328.0
shape_R4_0_bitola,41.688553,21.748382,836,55133.0
shape_R4_0_bitola,41.688132,21.748181,837,55182.7
shape_R4_0_bitola,41.687721,21.747936,838,55232.7
shape_R4_0_bitola,41.687325,21.747656,839,55282.5
shape_R4_0_bitola,41.686254,21.746748,840,55423.5
shape_R4_0_bitola,41.685909,21.746467,841,55468.4
shape_R4_0_bitola,41.685595,21.746292,842,55506.2
shape_R4_0_bitola,41.685255,21.746158,843,55545.6
shape_R4_0_bitola,41.685112,21.746116,844,55561.9
shape_R4_0_bitola,41.684822,21.746067,845,55594.4
shape_R4_0_bitola,41.684464,21.746057,846,55634.2
shape_R4_0_bitola,41.683903,21.746079,847,55696.6
shape_R4_0_bitola,41.683788,21.746078,848,55709.4
shape_R4_0_bitola,41.683635,21.746080,849,55726.4
shape_R4_0_bitola,41.683312,21.746066,850,55762.4
shape_R4_0_bitola,41.683048,21.746032,851,55791.9
shape_R4_0_bitola,41.682801,21.745958,852,55820.0
shape_R4_0_bitola,41.682512,21.745840,853,55853.6
shape_R4_0_bitola,41.682299,21.745742,854,55878.6
shape_R4_0_bitola,41.682107,21.745663,855,55901.0
shape_R4_0_bitola,41.681631,21.745457,856,55956.6
shape_R4_0_bitola,41.679093,21.744332,857,56253.9
shape_R4_0_bitola,41.676369,21.743050,858,56574.9
shape_R4_0_bitola,41.675669,21.742722,859,56657.4
shape_R4_0_bitola,41.675525,21.742635,860,56675.0
shape_R4_0_bitola,41.675428,21.742572,861,56687.0
shape_R4_0_bitola,41.675213,21.742393,862,56715.1
shape_R4_0_bitola,41.675057,21.742258,863,56735.8
shape_R4_0_bitola,41.674824,21.741977,864,56770.6
shape_R4_0_bitola,41.674668,21.741778,865,56794.6
shape_R4_0_bitola,41.674491,21.741519,866,56823.7
shape_R4_0_bitola,41.673839,21.740514,867,56934.3
shape_R4_0_bitola,41.673276,21.739647,868,57029.7
shape_R4_0_bitola,41.672092,21.737900,869,57225.7
shape_R4_0_bitola,41.671564,21.737090,870,57314.9
shape_R4_0_bitola,41.671287,21.736671,871,57361.4
shape_R4_0_bitola,41.671009,21.736192,872,57411.8
shape_R4_0_bitola,41.670788,21.735722,873,57457.9
shape_R4_0_bitola,41.670631,21.735322,874,57495.5
shape_R4_0_bitola,41.670519,21.734980,875,57526.5
shape_R4_0_bitola,41.670492,21.734849,876,57537.8
shape_R4_0_bitola,41.670389,21.734322,877,57583.0
shape_R4_0_bitola,41.670365,21.734189,878,57594.4
shape_R4_0_bitola,41.670291,21.733768,879,57630.3
shape_R4_0_bitola,41.670147,21.732863,880,57707.2
shape_R4_0_bitola,41.670063,21.732294,881,57755.3
shape_R4_0_bitola,41.670011,21.731882,882,57790.0
shape_R4_0_bitola,41.669931,21.731408,883,57830.4
shape_R4_0_bitola,41.669845,21.731052,884,57861.5
shape_R4_0_bitola,41.669781,21.730840,885,57880.5
shape_R4_0_bitola,41.669657,21.730583,886,57905.9
shape_R4_0_bitola,41.669477,21.730251,887,57940.0
shape_R4_0_bitola,41.669267,21.730002,888,57971.2
shape_R4_0_bitola,41.669064,21.729796,889,57999.5
shape_R4_0_bitola,41.668907,21.729654,890,58020.5
shape_R4_0_bitola,41.668774,21.729543,891,58038.0
shape_R4_0_bitola,41.668565,21.729401,892,58064.0
shape_R4_0_bitola,41.668275,21.729231,893,58099.2
shape_R4_0_bitola,41.668003,21.729116,894,58131.0
shape_R4_0_bitola,41.667649,21.729029,895,58171.0
shape_R4_0_bitola,41.666359,21.728890,896,58314.9
shape_R4_0_bitola,41.665726,21.728693,897,58387.1
shape_R4_0_bitola,41.665278,21.728429,898,58441.6
shape_R4_0_bitola,41.664747,21.727967,899,58512.0
shape_R4_0_bitola,41.664203,21.727084,900,58607.1
shape_R4_0_bitola,41.662556,21.723692,901,58943.1
shape_R4_0_bitola,41.661890,21.722091,902,59095.4
shape_R4_0_bitola,41.661667,21.720923,903,59195.5
shape_R4_0_bitola,41.661631,21.719667,904,59299.9
shape_R4_0_bitola,41.661684,21.717863,905,59449.9
shape_R4_0_bitola,41.661913,21.716820,906,59540.2
shape_R4_0_bitola,41.662277,21.716009,907,59618.8
shape_R4_0_bitola,41.662938,21.714751,908,59746.6
shape_R4_0_bitola,41.663124,21.714291,909,59790.0
shape_R4_0_bitola,41.664024,21.710542,910,60117.1
shape_R4_0_bitola,41.664048,21.709539,911,60200.5
shape_R4_0_bitola,41.663939,21.708462,912,60290.8
shape_R4_0_bitola,41.663884,21.707874,913,60340.0
shape_R4_0_bitola,41.663913,21.707358,914,60383.0
shape_R4_0_bitola,41.664005,21.706454,915,60458.8
shape_R4_0_bitola,41.664176,21.705471,916,60542.6
shape_R4_0_bitola,41.664220,21.705214,917,60564.5
shape_R4_0_bitola,41.664248,21.704968,918,60585.2
shape_R4_0_bitola,41.664260,21.704732,919,60604.8
shape_R4_0_bitola,41.664262,21.704429,920,60630.0
shape_R4_0_bitola,41.664217,21.703895,921,60674.6
shape_R4_0_bitola,41.664112,21.703394,922,60717.9
shape_R4_0_bitola,41.663842,21.702720,923,60781.4
shape_R4_0_bitola,41.663565,21.702194,924,60834.8
shape_R4_0_bitola,41.663207,21.701790,925,60886.9
shape_R4_0_bitola,41.662774,21.701494,926,60941.0
shape_R4_0_bitola,41.662286,21.701116,927,61003.7
shape_R4_0_bitola,41.661661,21.700672,928,61082.4
shape_R4_0_bitola,41.661374,21.700392,929,61121.8
shape_R4_0_bitola,41.661276,21.700296,930,61135.3
shape_R4_0_bitola,41.661138,21.700129,931,61156.0
shape_R4_0_bitola,41.661007,21.699951,932,61176.8
shape_R4_0_bitola,41.660885,21.699766,933,61197.3
shape_R4_0_bitola,41.660795,21.699606,934,61213.9
shape_R4_0_bitola,41.660708,21.699428,935,61231.6
shape_R4_0_bitola,41.660627,21.699232,936,61250.2
shape_R4_0_bitola,41.660558,21.699033,937,61268.4
shape_R4_0_bitola,41.660457,21.698688,938,61299.2
shape_R4_0_bitola,41.660312,21.698127,939,61348.5
shape_R4_0_bitola,41.660266,21.697968,940,61362.7
shape_R4_0_bitola,41.660210,21.697806,941,61377.5
shape_R4_0_bitola,41.660081,21.697498,942,61406.9
shape_R4_0_bitola,41.660000,21.697343,943,61422.6
shape_R4_0_bitola,41.659919,21.697208,944,61436.9
shape_R4_0_bitola,41.659813,21.697057,945,61454.2
shape_R4_0_bitola,41.659709,21.696921,946,61470.3
shape_R4_0_bitola,41.659594,21.696792,947,61487.0
shape_R4_0_bitola,41.659441,21.696634,948,61508.5
shape_R4_0_bitola,41.659369,21.696564,949,61518.4
shape_R4_0_bitola,41.659276,21.696494,950,61530.3
shape_R4_0_bitola,41.659041,21.696354,951,61558.9
shape_R4_0_bitola,41.658237,21.696076,952,61651.2
shape_R4_0_bitola,41.657652,21.695723,953,61722.6
shape_R4_0_bitola,41.657187,21.695260,954,61787.0
shape_R4_0_bitola,41.656866,21.694756,955,61842.0
shape_R4_0_bitola,41.656474,21.694059,956,61914.5
shape_R4_0_bitola,41.655969,21.693437,957,61990.8
shape_R4_0_bitola,41.655449,21.693109,958,62054.7
shape_R4_0_bitola,41.654956,21.692979,959,62110.6
shape_R4_0_bitola,41.654625,21.692943,960,62147.5
shape_R4_0_bitola,41.654286,21.692984,961,62185.4
shape_R4_0_bitola,41.654025,21.693063,962,62215.1
shape_R4_0_bitola,41.653761,21.693185,963,62246.2
shape_R4_0_bitola,41.653413,21.693401,964,62288.8
shape_R4_0_bitola,41.652326,21.694197,965,62426.6
shape_R4_0_bitola,41.651894,21.694438,966,62478.7
shape_R4_0_bitola,41.651462,21.694582,967,62528.2
shape_R4_0_bitola,41.651122,21.694624,968,62566.1
shape_R4_0_bitola,41.650594,21.694593,969,62624.9
shape_R4_0_bitola,41.650124,21.694461,970,62678.3
shape_R4_0_bitola,41.649679,21.694289,971,62729.8
shape_R4_0_bitola,41.649395,21.694179,972,62762.7
shape_R4_0_bitola,41.647308,21.693390,973,63003.8
shape_R4_0_bitola,41.646301,21.693030,974,63119.7
shape_R4_0_bitola,41.645476,21.692668,975,63216.3
shape_R4_0_bitola,41.644760,21.692385,976,63299.3
shape_R4_0_bitola,41.644138,21.692105,977,63372.3
shape_R4_0_bitola,41.643678,21.691844,978,63427.8
shape_R4_0_bitola,41.643127,21.691540,979,63494.1
shape_R4_0_bitola,41.640239,21.689893,980,63843.2
shape_R4_0_bitola,41.638470,21.688891,981,64056.8
shape_R4_0_bitola,41.637599,21.688312,982,64164.9
shape_R4_0_bitola,41.637130,21.687889,983,64227.8
shape_R4_0_bitola,41.636724,21.687333,984,64292.4
shape_R4_0_bitola,41.636064,21.686451,985,64396.1
shape_R4_0_bitola,41.635277,21.685770,986,64500.3
shape_R4_0_bitola,41.634672,21.685536,987,64570.4
shape_R4_0_bitola,41.634109,21.685495,988,64633.1
shape_R4_0_bitola,41.633255,21.685733,989,64730.1
shape_R4_0_bitola,41.632090,21.686480,990,64873.7
shape_R4_0_bitola,41.630384,21.687519,991,65082.1
shape_R4_0_bitola,41.629603,21.687878,992,65174.0
shape_R4_0_bitola,41.628565,21.688062,993,65290.4
shape_R4_0_bitola,41.627615,21.687982,994,65396.2
shape_R4_0_bitola,41.626845,21.687792,995,65483.3
shape_R4_0_bitola,41.624905,21.687157,996,65705.4
shape_R4_0_bitola,41.624050,21.687001,997,65801.3
shape_R4_0_bitola,41.623149,21.687053,998,65901.6
shape_R4_0_bitola,41.621490,21.687255,999,66086.8
shape_R4_0_bitola,41.617608,21.688006,1000,66523.0
shape_R4_0_bitola,41.616837,21.688099,1001,66609.1
shape_R4_0_bitola,41.615956,21.688103,1002,66707.0
shape_R4_0_bitola,41.615131,21.687908,1003,66800.2
shape_R4_0_bitola,41.614468,21.687673,1004,66876.5
shape_R4_0_bitola,41.613579,21.687464,1005,66976.8
shape_R4_0_bitola,41.612780,21.687457,1006,67065.7
shape_R4_0_bitola,41.611238,21.687874,1007,67240.6
shape_R4_0_bitola,41.610097,21.687920,1008,67367.5
shape_R4_0_bitola,41.608753,21.687543,1009,67520.2
shape_R4_0_bitola,41.607768,21.686986,1010,67639.2
shape_R4_0_bitola,41.606507,21.686008,1011,67801.2
shape_R4_0_bitola,41.605455,21.685140,1012,67938.7
shape_R4_0_bitola,41.603937,21.683949,1013,68134.4
shape_R4_0_bitola,41.603472,21.683677,1014,68190.8
shape_R4_0_bitola,41.603087,21.683522,1015,68235.5
shape_R4_0_bitola,41.602727,21.683442,1016,68276.1
shape_R4_0_bitola,41.602213,21.683489,1017,68333.4
shape_R4_0_bitola,41.601612,21.683644,1018,68401.5
shape_R4_0_bitola,41.601027,21.683951,1019,68471.3
shape_R4_0_bitola,41.600455,21.684352,1020,68543.2
shape_R4_0_bitola,41.599649,21.684878,1021,68642.9
shape_R4_0_bitola,41.599211,21.685022,1022,68693.0
shape_R4_0_bitola,41.598794,21.685072,1023,68739.6
shape_R4_0_bitola,41.597670,21.685078,1024,68864.6
shape_R4_0_bitola,41.595611,21.684853,1025,69094.3
shape_R4_0_bitola,41.592746,21.684403,1026,69415.0
shape_R4_0_bitola,41.591093,21.684244,1027,69599.3
shape_R4_0_bitola,41.590453,21.684368,1028,69671.2
shape_R4_0_bitola,41.589000,21.684908,1029,69838.9
shape_R4_0_bitola,41.588608,21.684946,1030,69882.6
shape_R4_0_bitola,41.588244,21.684881,1031,69923.5
shape_R4_0_bitola,41.587634,21.684683,1032,69993.3
shape_R4_0_bitola,41.582591,21.682897,1033,70573.4
shape_R4_0_bitola,41.581964,21.682620,1034,70646.8
shape_R4_0_bitola,41.581315,21.682263,1035,70724.8
shape_R4_0_bitola,41.580767,21.681805,1036,70796.7
shape_R4_0_bitola,41.580144,21.681286,1037,70878.3
shape_R4_0_bitola,41.578044,21.679887,1038,71139.2
shape_R4_0_bitola,41.577852,21.679762,1039,71163.0
shape_R4_0_bitola,41.576772,21.679015,1040,71298.2
shape_R4_0_bitola,41.575490,21.678087,1041,71460.3
shape_R4_0_bitola,41.574874,21.677792,1042,71533.0
shape_R4_0_bitola,41.572975,21.677579,1043,71744.9
shape_R4_0_bitola,41.572146,21.677278,1044,71840.5
shape_R4_0_bitola,41.571536,21.676869,1045,71916.3
shape_R4_0_bitola,41.570526,21.675673,1046,72066.4
shape_R4_0_bitola,41.570025,21.675082,1047,72140.7
shape_R4_0_bitola,41.569590,21.674723,1048,72197.5
shape_R4_0_bitola,41.568911,21.674390,1049,72278.0
shape_R4_0_bitola,41.568160,21.673887,1050,72371.4
shape_R4_0_bitola,41.567845,21.673575,1051,72415.0
shape_R4_0_bitola,41.567566,21.673157,1052,72461.6
shape_R4_0_bitola,41.567406,21.672794,1053,72496.6
shape_R4_0_bitola,41.567273,21.672368,1054,72535.0
shape_R4_0_bitola,41.567218,21.671850,1055,72578.5
shape_R4_0_bitola,41.567196,21.671381,1056,72617.6
shape_R4_0_bitola,41.567262,21.670825,1057,72664.5
shape_R4_0_bitola,41.567425,21.670087,1058,72728.5
shape_R4_0_bitola,41.567514,21.669452,1059,72782.2
shape_R4_0_bitola,41.567544,21.668705,1060,72844.5
shape_R4_0_bitola,41.567424,21.667884,1061,72914.1
shape_R4_0_bitola,41.567179,21.667163,1062,72979.9
shape_R4_0_bitola,41.566443,21.665211,1063,73161.8
shape_R4_0_bitola,41.563099,21.659131,1064,73789.6
shape_R4_0_bitola,41.562336,21.658054,1065,73913.0
shape_R4_0_bitola,41.560643,21.656640,1066,74135.0
shape_R4_0_bitola,41.560219,21.656191,1067,74195.1
shape_R4_0_bitola,41.560015,21.655901,1068,74228.2
shape_R4_0_bitola,41.559869,21.655617,1069,74256.9
shape_R4_0_bitola,41.559511,21.654909,1070,74328.0
shape_R4_0_bitola,41.558545,21.651988,1071,74593.7
shape_R4_0_bitola,41.557675,21.650192,1072,74771.7
shape_R4_0_bitola,41.556215,21.647444,1073,75052.2
shape_R4_0_bitola,41.555700,21.646796,1074,75130.8
shape_R4_0_bitola,41.555284,21.646474,1075,75184.3
shape_R4_0_bitola,41.554841,21.646265,1076,75236.5
shape_R4_0_bitola,41.554210,21.646141,1077,75307.4
shape_R4_0_bitola,41.553736,21.646152,1078,75360.2
shape_R4_0_bitola,41.553261,21.646087,1079,75413.2
shape_R4_0_bitola,41.552551,21.645791,1080,75495.9
shape_R4_0_bitola,41.552176,21.645461,1081,75545.9
shape_R4_0_bitola,41.551866,21.645032,1082,75595.5
shape_R4_0_bitola,41.551580,21.644505,1083,75649.7
shape_R4_0_bitola,41.551363,21.643917,1084,75704.2
shape_R4_0_bitola,41.551324,21.643387,1085,75748.5
shape_R4_0_bitola,41.551352,21.642870,1086,75791.7
shape_R4_0_bitola,41.551514,21.641930,1087,75871.9
shape_R4_0_bitola,41.551958,21.639755,1088,76059.5
shape_R4_0_bitola,41.552003,21.638967,1089,76125.3
shape_R4_0_bitola,41.551915,21.638272,1090,76184.0
shape_R4_0_bitola,41.551647,21.637440,1091,76259.3
shape_R4_0_bitola,41.549619,21.633646,1092,76647.3
shape_R4_0_bitola,41.547645,21.630133,1093,77012.9
shape_R4_0_bitola,41.547370,21.629545,1094,77070.6
shape_R4_0_bitola,41.547228,21.629116,1095,77109.6
shape_R4_0_bitola,41.547098,21.628466,1096,77165.6
shape_R4_0_bitola,41.547087,21.628088,1097,77197.1
shape_R4_0_bitola,41.547108,21.627677,1098,77231.4
shape_R4_0_bitola,41.547196,21.627176,1099,77274.2
shape_R4_0_bitola,41.547299,21.626653,1100,77319.2
shape_R4_0_bitola,41.547484,21.626165,1101,77364.7
shape_R4_0_bitola,41.548675,21.624119,1102,77580.4
shape_R4_0_bitola,41.550487,21.619853,1103,77988.6
shape_R4_0_bitola,41.550700,21.619141,1104,78052.4
shape_R4_0_bitola,41.550796,21.618456,1105,78110.4
shape_R4_0_bitola,41.550828,21.617714,1106,78172.3
shape_R4_0_bitola,41.550857,21.616982,1107,78233.3
shape_R4_0_bitola,41.550927,21.616171,1108,78301.2
shape_R4_0_bitola,41.551204,21.613968,1109,78487.1
shape_R4_0_bitola,41.551246,21.613647,1110,78514.2
shape_R4_0_bitola,41.551281,21.613384,1111,78536.5
shape_R4_0_bitola,41.551710,21.610093,1112,78814.4
shape_R4_0_bitola,41.552175,21.606419,1113,79124.5
shape_R4_0_bitola,41.552252,21.605852,1114,79172.5
shape_R4_0_bitola,41.552438,21.604340,1115,79300.0
shape_R4_0_bitola,41.552589,21.603271,1116,79390.5
shape_R4_0_bitola,41.552712,21.602571,1117,79450.3
shape_R4_0_bitola,41.552868,21.601989,1118,79501.8
shape_R4_0_bitola,41.553058,21.601536,1119,79545.0
shape_R4_0_bitola,41.553488,21.600776,1120,79624.3
shape_R4_0_bitola,41.553761,21.600369,1121,79669.7
shape_R4_0_bitola,41.554093,21.599803,1122,79729.6
shape_R4_0_bitola,41.554282,21.599296,1123,79776.7
shape_R4_0_bitola,41.554389,21.598895,1124,79812.1
shape_R4_0_bitola,41.554451,21.598554,1125,79841.3
shape_R4_0_bitola,41.554495,21.598044,1126,79884.1
shape_R4_0_bitola,41.554489,21.597548,1127,79925.3
shape_R4_0_bitola,41.554426,21.597074,1128,79965.4
shape_R4_0_bitola,41.554356,21.596711,1129,79996.6
shape_R4_0_bitola,41.554112,21.595973,1130,80063.7
shape_R4_0_bitola,41.553833,21.595093,1131,80143.2
shape_R4_0_bitola,41.553734,21.594628,1132,80183.5
shape_R4_0_bitola,41.553675,21.594024,1133,80234.2
shape_R4_0_bitola,41.553687,21.593666,1134,80264.0
shape_R4_0_bitola,41.553708,21.593232,1135,80300.2
shape_R4_0_bitola,41.553829,21.592661,1136,80349.5
shape_R4_0_bitola,41.554005,21.592205,1137,80392.2
shape_R4_0_bitola,41.554297,21.591657,1138,80448.2
shape_R4_0_bitola,41.554711,21.591069,1139,80515.4
shape_R4_0_bitola,41.555385,21.590085,1140,80626.4
shape_R4_0_bitola,41.556456,21.588657,1141,80794.6
shape_R4_0_bitola,41.556728,21.588413,1142,80831.1
shape_R4_0_bitola,41.556997,21.588216,1143,80865.2
shape_R4_0_bitola,41.557244,21.588110,1144,80894.0
shape_R4_0_bitola,41.562518,21.585660,1145,81514.9
shape_R4_0_bitola,41.565092,21.584252,1146,81824.1
shape_R4_0_bitola,41.567080,21.582836,1147,82074.6
shape_R4_0_bitola,41.568219,21.581779,1148,82228.8
shape_R4_0_bitola,41.568775,21.581272,1149,82303.6
shape_R4_0_bitola,41.570126,21.579981,1150,82488.3
shape_R4_0_bitola,41.570811,21.579596,1151,82570.9
shape_R4_0_bitola,41.571616,21.579320,1152,82663.3
shape_R4_0_bitola,41.572382,21.578911,1153,82755.1
shape_R4_0_bitola,41.572961,21.578309,1154,82836.6
shape_R4_0_bitola,41.573400,21.577464,1155,82922.2
shape_R4_0_bitola,41.573718,21.576245,1156,83029.6
shape_R4_0_bitola,41.573851,21.575634,1157,83082.5
shape_R4_0_bitola,41.574030,21.575023,1158,83137.1
shape_R4_0_bitola,41.574529,21.574277,1159,83220.4
shape_R4_0_bitola,41.574898,21.573951,1160,83269.5
shape_R4_0_bitola,41.575268,21.573717,1161,83315.1
shape_R4_0_bitola,41.575733,21.573594,1162,83367.8
shape_R4_0_bitola,41.576199,21.573580,1163,83419.6
shape_R4_0_bitola,41.576694,21.573688,1164,83475.4
shape_R4_0_bitola,41.577726,21.574020,1165,83593.4
shape_R4_0_bitola,41.578094,21.574029,1166,83634.3
shape_R4_0_bitola,41.578404,21.573999,1167,83668.9
shape_R4_0_bitola,41.578664,21.573936,1168,83698.3
shape_R4_0_bitola,41.579022,21.573796,1169,83739.7
shape_R4_0_bitola,41.579777,21.573279,1170,83834.1
shape_R4_0_bitola,41.580215,21.572920,1171,83891.2
shape_R4_0_bitola,41.580651,21.572449,1172,83953.5
shape_R4_0_bitola,41.580998,21.571825,1173,84018.2
shape_R4_0_bitola,41.581288,21.571035,1174,84091.4
shape_R4_0_bitola,41.581418,21.570010,1175,84177.9
shape_R4_0_bitola,41.581395,21.569026,1176,84259.8
shape_R4_0_bitola,41.581437,21.568165,1177,84331.5
shape_R4_0_bitola,41.581596,21.567524,1178,84387.7
shape_R4_0_bitola,41.581668,21.567369,1179,84402.9
shape_R4_0_bitola,41.581823,21.567033,1180,84435.7
shape_R4_0_bitola,41.582250,21.566443,1181,84504.0
shape_R4_0_bitola,41.582651,21.566089,1182,84557.4
shape_R4_0_bitola,41.583109,21.565883,1183,84611.1
shape_R4_0_bitola,41.583612,21.565753,1184,84668.1
shape_R4_0_bitola,41.584289,21.565775,1185,84743.4
shape_R4_0_bitola,41.584882,21.565665,1186,84810.0
shape_R4_0_bitola,41.585285,21.565476,1187,84857.5
shape_R4_0_bitola,41.585474,21.565349,1188,84881.0
shape_R4_0_bitola,41.585670,21.565185,1189,84906.7
shape_R4_0_bitola,41.585930,21.564860,1190,84946.3
shape_R4_0_bitola,41.586177,21.564498,1191,84987.0
shape_R4_0_bitola,41.587306,21.562825,1192,85174.4
shape_R4_0_bitola,41.587666,21.562106,1193,85246.4
shape_R4_0_bitola,41.587790,21.561681,1194,85284.3
shape_R4_0_bitola,41.587972,21.560824,1195,85358.4
shape_R4_0_bitola,41.588056,21.560192,1196,85411.8
shape_R4_0_bitola,41.588168,21.559644,1197,85459.1
shape_R4_0_bitola,41.588387,21.559062,1198,85513.2
shape_R4_0_bitola,41.588651,21.558632,1199,85559.5
shape_R4_0_bitola,41.588910,21.558352,1200,85596.5
shape_R4_0_bitola,41.589196,21.558099,1201,85634.7
shape_R4_0_bitola,41.590053,21.557606,1202,85738.4
shape_R4_0_bitola,41.590450,21.557341,1203,85787.8
shape_R4_0_bitola,41.590678,21.557115,1204,85819.3
shape_R4_0_bitola,41.590894,21.556844,1205,85852.3
shape_R4_0_bitola,41.591132,21.556420,1206,85896.3
shape_R4_0_bitola,41.591327,21.555972,1207,85939.5
shape_R4_0_bitola,41.591637,21.555216,1208,86011.2
shape_R4_0_bitola,41.591805,21.554763,1209,86053.2
shape_R4_0_bitola,41.591951,21.554300,1210,86095.0
shape_R4_0_bitola,41.592088,21.553691,1211,86147.9
shape_R4_0_bitola,41.592197,21.553054,1212,86202.2
shape_R4_0_bitola,41.592248,21.551958,1213,86293.5
shape_R4_0_bitola,41.592180,21.550584,1214,86408.1
shape_R4_0_bitola,41.591721,21.546844,1215,86723.2
shape_R4_0_bitola,41.591775,21.545841,1216,86806.9
shape_R4_0_bitola,41.591914,21.545215,1217,86861.2
shape_R4_0_bitola,41.592150,21.544595,1218,86919.0
shape_R4_0_bitola,41.593108,21.543027,1219,87087.4
shape_R4_0_bitola,41.593371,21.542207,1220,87161.6
shape_R4_0_bitola,41.593468,21.541710,1221,87204.3
shape_R4_0_bitola,41.593511,21.541177,1222,87248.9
shape_R4_0_bitola,41.593488,21.540630,1223,87294.5
shape_R4_0_bitola,41.593392,21.540060,1224,87343.0
shape_R4_0_bitola,41.593175,21.539377,1225,87404.8
shape_R4_0_bitola,41.592712,21.538570,1226,87489.3
shape_R4_0_bitola,41.592078,21.537976,1227,87575.4
shape_R4_0_bitola,41.590683,21.537261,1228,87741.5
shape_R4_0_bitola,41.590056,21.536545,1229,87833.2
shape_R4_0_bitola,41.589712,21.535764,1230,87908.6
shape_R4_0_bitola,41.589562,21.535158,1231,87961.7
shape_R4_0_bitola,41.589532,21.534405,1232,88024.4
shape_R4_0_bitola,41.589705,21.533473,1233,88104.3
shape_R4_0_bitola,41.590643,21.530428,1234,88378.1
shape_R4_0_bitola,41.591366,21.528415,1235,88563.8
shape_R4_0_bitola,41.591660,21.527495,1236,88647.0
shape_R4_0_bitola,41.591874,21.526552,1237,88729.0
shape_R4_0_bitola,41.591957,21.525675,1238,88802.5
shape_R4_0_bitola,41.591988,21.524735,1239,88880.8
shape_R4_0_bitola,41.591970,21.523963,1240,88945.0
shape_R4_0_bitola,41.591895,21.523145,1241,89013.5
shape_R4_0_bitola,41.591736,21.522433,1242,89075.3
shape_R4_0_bitola,41.591496,21.521733,1243,89139.4
shape_R4_0_bitola,41.590867,21.520237,1244,89282.1
shape_R4_0_bitola,41.590364,21.518770,1245,89416.3
shape_R4_0_bitola,41.590152,21.518080,1246,89478.3
shape_R4_0_bitola,41.590065,21.517209,1247,89551.4
shape_R4_0_bitola,41.590075,21.516129,1248,89641.2
shape_R4_0_bitola,41.590197,21.514993,1249,89736.7
shape_R4_0_bitola,41.590249,21.514688,1250,89762.7
shape_R4_0_bitola,41.590757,21.512024,1251,89991.3
shape_R4_0_bitola,41.590999,21.511274,1252,90059.3
shape_R4_0_bitola,41.591306,21.510533,1253,90129.7
shape_R4_0_bitola,41.592398,21.508693,1254,90325.1
shape_R4_0_bitola,41.594669,21.505228,1255,90708.2
shape_R4_0_bitola,41.594953,21.504576,1256,90770.9
shape_R4_0_bitola,41.595188,21.503905,1257,90832.6
shape_R4_0_bitola,41.595263,21.503153,1258,90895.6
shape_R4_0_bitola,41.595239,21.502191,1259,90975.7
shape_R4_0_bitola,41.595195,21.499631,1260,91188.6
shape_R4_0_bitola,41.595248,21.498902,1261,91249.5
shape_R4_0_bitola,41.595743,21.497429,1262,91383.8
shape_R4_0_bitola,41.595961,21.496560,1263,91460.0
shape_R4_0_bitola,41.596010,21.495870,1264,91517.7
shape_R4_0_bitola,41.595983,21.495230,1265,91571.0
shape_R4_0_bitola,41.595897,21.494853,1266,91603.8
shape_R4_0_bitola,41.595809,21.494420,1267,91641.1
shape_R4_0_bitola,41.595720,21.493993,1268,91677.9
shape_R4_0_bitola,41.595670,21.493569,1269,91713.6
shape_R4_0_bitola,41.595652,21.493170,1270,91746.9
shape_R4_0_bitola,41.595661,21.492825,1271,91775.6
shape_R4_0_bitola,41.595704,21.492431,1272,91808.7
shape_R4_0_bitola,41.595775,21.492090,1273,91838.1
shape_R4_0_bitola,41.595860,21.491773,1274,91866.1
shape_R4_0_bitola,41.595982,21.491373,1275,91902.0
shape_R4_0_bitola,41.596115,21.490918,1276,91942.7
shape_R4_0_bitola,41.596219,21.490511,1277,91978.4
shape_R4_0_bitola,41.596290,21.490128,1278,92011.2
shape_R4_0_bitola,41.596321,21.489729,1279,92044.6
shape_R4_0_bitola,41.596328,21.489458,1280,92067.2
shape_R4_0_bitola,41.596322,21.489282,1281,92081.8
shape_R4_0_bitola,41.596285,21.488825,1282,92120.0
shape_R4_0_bitola,41.596264,21.488231,1283,92169.5
shape_R4_0_bitola,41.595903,21.483881,1284,92533.4
shape_R4_0_bitola,41.595851,21.483252,1285,92586.1
shape_R4_0_bitola,41.595836,21.483073,1286,92601.0
shape_R4_0_bitola,41.595616,21.480595,1287,92808.5
shape_R4_0_bitola,41.595594,21.480475,1288,92818.8
shape_R4_0_bitola,41.595526,21.480015,1289,92857.8
shape_R4_0_bitola,41.595495,21.479583,1290,92893.9
shape_R4_0_bitola,41.595493,21.479257,1291,92921.0
shape_R4_0_bitola,41.595501,21.478994,1292,92942.9
shape_R4_0_bitola,41.595530,21.478741,1293,92964.2
shape_R4_0_bitola,41.595566,21.478524,1294,92982.7
shape_R4_0_bitola,41.595620,21.478267,1295,93004.9
shape_R4_0_bitola,41.595721,21.477941,1296,93034.2
shape_R4_0_bitola,41.596167,21.476495,1297,93164.3
shape_R4_0_bitola,41.596296,21.475877,1298,93217.6
shape_R4_0_bitola,41.596378,21.475267,1299,93269.2
shape_R4_0_bitola,41.596557,21.474466,1300,93338.7
shape_R4_0_bitola,41.597176,21.472203,1301,93539.1
shape_R4_0_bitola,41.597753,21.470391,1302,93702.8
shape_R4_0_bitola,41.598396,21.468802,1303,93853.1
shape_R4_0_bitola,41.599772,21.466274,1304,94113.1
shape_R4_0_bitola,41.600822,21.465091,1305,94265.7
shape_R4_0_bitola,41.602614,21.463126,1306,94523.4
shape_R4_0_bitola,41.605940,21.459520,1307,94999.5
shape_R4_0_bitola,41.607260,21.457474,1308,95224.2
shape_R4_0_bitola,41.607825,21.456933,1309,95301.5
shape_R4_0_bitola,41.608443,21.456477,1310,95379.9
shape_R4_0_bitola,41.611050,21.454873,1311,95699.0
shape_R4_0_bitola,41.612145,21.453799,1312,95850.0
shape_R4_0_bitola,41.612733,21.453315,1313,95926.8
shape_R4_0_bitola,41.614408,21.452449,1314,96126.5
shape_R4_0_bitola,41.614890,21.452260,1315,96182.3
shape_R4_0_bitola,41.615376,21.452154,1316,96237.1
shape_R4_0_bitola,41.616431,21.452242,1317,96354.6
shape_R4_0_bitola,41.617299,21.452056,1318,96452.4
shape_R4_0_bitola,41.617747,21.451842,1319,96505.3
shape_R4_0_bitola,41.618201,21.451327,1320,96571.5
shape_R4_0_bitola,41.618677,21.450534,1321,96656.0
shape_R4_0_bitola,41.618974,21.449876,1322,96719.9
shape_R4_0_bitola,41.619042,21.449621,1323,96742.4
shape_R4_0_bitola,41.619195,21.449135,1324,96786.2
shape_R4_0_bitola,41.619182,21.448553,1325,96834.6
shape_R4_0_bitola,41.619102,21.448123,1326,96871.5
shape_R4_0_bitola,41.618882,21.447565,1327,96923.9
shape_R4_0_bitola,41.618605,21.447118,1328,96972.2
shape_R4_0_bitola,41.618217,21.446751,1329,97025.0
shape_R4_0_bitola,41.617749,21.446358,1330,97086.5
shape_R4_0_bitola,41.617164,21.446188,1331,97153.0
shape_R4_0_bitola,41.616488,21.446174,1332,97228.2
shape_R4_0_bitola,41.615999,21.446300,1333,97283.6
shape_R4_0_bitola,41.615521,21.446601,1334,97342.3
shape_R4_0_bitola,41.614450,21.448094,1335,97514.3
shape_R4_0_bitola,41.614018,21.448995,1336,97603.3
shape_R4_0_bitola,41.613921,21.449199,1337,97623.4
shape_R4_0_bitola,41.613540,21.449908,1338,97696.0
shape_R4_0_bitola,41.612909,21.450445,1339,97779.2
shape_R4_0_bitola,41.612491,21.450562,1340,97826.6
shape_R4_0_bitola,41.611900,21.450556,1341,97892.4
shape_R4_0_bitola,41.609185,21.449879,1342,98199.5
shape_R4_0_bitola,41.607722,21.449569,1343,98364.2
shape_R4_0_bitola,41.606912,21.449645,1344,98454.5
shape_R4_0_bitola,41.606302,21.449998,1345,98528.4
shape_R4_0_bitola,41.605797,21.450383,1346,98593.0
shape_R4_0_bitola,41.605756,21.450414,1347,98598.2
shape_R4_0_bitola,41.604942,21.451084,1348,98704.5
shape_R4_0_bitola,41.603670,21.451664,1349,98853.9
shape_R4_0_bitola,41.602896,21.451852,1350,98941.4
shape_R4_0_bitola,41.602192,21.451963,1351,99020.2
shape_R4_0_bitola,41.601655,21.451966,1352,99080.0
shape_R4_0_bitola,41.601045,21.451897,1353,99148.0
shape_R4_0_bitola,41.599009,21.451706,1354,99375.0
shape_R4_0_bitola,41.598426,21.451744,1355,99439.9
shape_R4_0_bitola,41.597761,21.452025,1356,99517.4
shape_R4_0_bitola,41.596447,21.453091,1357,99688.3
shape_R4_0_bitola,41.595599,21.453455,1358,99787.4
shape_R4_0_bitola,41.594901,21.453518,1359,99865.2
shape_R4_0_bitola,41.594052,21.453467,1360,99959.7
shape_R4_0_bitola,41.593452,21.453574,1361,100027.0
shape_R4_0_bitola,41.592765,21.453882,1362,100107.5
shape_R4_0_bitola,41.591249,21.455216,1363,100309.3
shape_R4_0_bitola,41.590659,21.455495,1364,100378.9
shape_R4_0_bitola,41.590162,21.455547,1365,100434.3
shape_R4_0_bitola,41.589683,21.455509,1366,100487.7
shape_R4_0_bitola,41.589306,21.455419,1367,100530.3
shape_R4_0_bitola,41.588821,21.455125,1368,100589.5
shape_R4_0_bitola,41.587777,21.454006,1369,100738.3
shape_R4_0_bitola,41.587487,21.453666,1370,100781.2
shape_R4_0_bitola,41.587149,21.453364,1371,100826.4
shape_R4_0_bitola,41.586757,21.453183,1372,100872.5
shape_R4_0_bitola,41.586357,21.453095,1373,100917.6
shape_R4_0_bitola,41.585984,21.453103,1374,100959.1
shape_R4_0_bitola,41.585627,21.453178,1375,100999.2
shape_R4_0_bitola,41.585415,21.453241,1376,101023.4
shape_R4_0_bitola,41.584848,21.453535,1377,101091.0
shape_R4_0_bitola,41.584660,21.453590,1378,101112.4
shape_R4_0_bitola,41.584455,21.453616,1379,101135.3
shape_R4_0_bitola,41.583901,21.453597,1380,101196.9
shape_R4_0_bitola,41.583373,21.453529,1381,101255.9
shape_R4_0_bitola,41.582845,21.453360,1382,101316.3
shape_R4_0_bitola,41.582226,21.452810,1383,101398.9
shape_R4_0_bitola,41.581725,21.452089,1384,101480.8
shape_R4_0_bitola,41.581442,21.451394,1385,101546.6
shape_R4_0_bitola,41.580993,21.449801,1386,101688.2
shape_R4_0_bitola,41.580466,21.447934,1387,101854.2
shape_R4_0_bitola,41.580073,21.446830,1388,101955.9
shape_R4_0_bitola,41.579512,21.445589,1389,102076.5
shape_R4_0_bitola,41.579106,21.444698,1390,102163.2
shape_R4_0_bitola,41.577847,21.442724,1391,102379.0
shape_R4_0_bitola,41.563433,21.424572,1392,104581.1
shape_R4_0_bitola,41.563221,21.424307,1393,104613.4
shape_R4_0_bitola,41.562912,21.423990,1394,104656.7
shape_R4_0_bitola,41.562543,21.423695,1395,104704.5
shape_R4_0_bitola,41.562121,21.423448,1396,104755.7
shape_R4_0_bitola,41.561656,21.423282,1397,104809.2
shape_R4_0_bitola,41.561222,21.423207,1398,104857.9
shape_R4_0_bitola,41.560829,21.423218,1399,104901.6
shape_R4_0_bitola,41.560427,21.423244,1400,104946.4
shape_R4_0_bitola,41.560006,21.423352,1401,104994.0
shape_R4_0_bitola,41.559604,21.423497,1402,105040.3
shape_R4_0_bitola,41.559279,21.423690,1403,105079.9
shape_R4_0_bitola,41.558938,21.423931,1404,105122.8
shape_R4_0_bitola,41.558673,21.424183,1405,105158.9
shape_R4_0_bitola,41.558276,21.424645,1406,105217.5
shape_R4_0_bitola,41.557758,21.425326,1407,105298.3
shape_R4_0_bitola,41.557585,21.425524,1408,105323.6
shape_R4_0_bitola,41.557525,21.425594,1409,105332.4
shape_R4_0_bitola,41.557333,21.425766,1410,105358.2
shape_R4_0_bitola,41.557112,21.425953,1411,105387.2
shape_R4_0_bitola,41.556927,21.426082,1412,105410.4
shape_R4_0_bitola,41.556718,21.426222,1413,105436.4
shape_R4_0_bitola,41.556421,21.426345,1414,105471.0
shape_R4_0_bitola,41.555847,21.426570,1415,105537.5
shape_R4_0_bitola,41.555349,21.426763,1416,105595.2
shape_R4_0_bitola,41.554976,21.426951,1417,105639.5
shape_R4_0_bitola,41.554627,21.427193,1418,105683.2
shape_R4_0_bitola,41.554434,21.427364,1419,105709.0
shape_R4_0_bitola,41.554361,21.427437,1420,105719.1
shape_R4_0_bitola,41.554213,21.427584,1421,105739.6
shape_R4_0_bitola,41.553978,21.427850,1422,105773.9
shape_R4_0_bitola,41.553768,21.428107,1423,105805.5
shape_R4_0_bitola,41.553663,21.428229,1424,105821.0
shape_R4_0_bitola,41.553356,21.428630,1425,105868.7
shape_R4_0_bitola,41.552863,21.429200,1426,105941.2
shape_R4_0_bitola,41.552745,21.429325,1427,105958.0
shape_R4_0_bitola,41.552451,21.429634,1428,105999.6
shape_R4_0_bitola,41.552146,21.429903,1429,106040.2
shape_R4_0_bitola,41.551669,21.430335,1430,106104.3
shape_R4_0_bitola,41.551504,21.430484,1431,106126.4
shape_R4_0_bitola,41.551282,21.430733,1432,106158.6
shape_R4_0_bitola,41.550921,21.431083,1433,106208.2
shape_R4_0_bitola,41.550511,21.431439,1434,106262.6
shape_R4_0_bitola,41.550156,21.431727,1435,106308.8
shape_R4_0_bitola,41.549846,21.431929,1436,106347.1
shape_R4_0_bitola,41.549493,21.432141,1437,106390.2
shape_R4_0_bitola,41.548896,21.432429,1438,106460.8
shape_R4_0_bitola,41.548550,21.432568,1439,106500.9
shape_R4_0_bitola,41.548272,21.432651,1440,106532.6
shape_R4_0_bitola,41.547865,21.432769,1441,106578.9
shape_R4_0_bitola,41.547461,21.432829,1442,106624.1
shape_R4_0_bitola,41.547140,21.432856,1443,106659.9
shape_R4_0_bitola,41.546755,21.432829,1444,106702.7
shape_R4_0_bitola,41.546661,21.432837,1445,106713.2
shape_R4_0_bitola,41.546179,21.432858,1446,106766.8
shape_R4_0_bitola,41.545786,21.432855,1447,106810.5
shape_R4_0_bitola,41.545485,21.432804,1448,106844.3
shape_R4_0_bitola,41.545266,21.432703,1449,106870.0
shape_R4_0_bitola,41.545168,21.432662,1450,106881.5
shape_R4_0_bitola,41.544898,21.432518,1451,106913.8
shape_R4_0_bitola,41.544671,21.432362,1452,106942.2
shape_R4_0_bitola,41.544533,21.432246,1453,106960.3
shape_R4_0_bitola,41.544401,21.432120,1454,106978.3
shape_R4_0_bitola,41.544195,21.431889,1455,107008.2
shape_R4_0_bitola,41.544096,21.431760,1456,107023.6
shape_R4_0_bitola,41.543991,21.431604,1457,107041.1
shape_R4_0_bitola,41.543903,21.431464,1458,107056.3
shape_R4_0_bitola,41.543815,21.431302,1459,107073.0
shape_R4_0_bitola,41.543718,21.431113,1460,107092.0
shape_R4_0_bitola,41.543615,21.430893,1461,107113.6
shape_R4_0_bitola,41.543233,21.430030,1462,107197.1
shape_R4_0_bitola,41.543089,21.429706,1463,107228.4
shape_R4_0_bitola,41.542950,21.429416,1464,107257.1
shape_R4_0_bitola,41.542746,21.429056,1465,107294.7
shape_R4_0_bitola,41.542612,21.428857,1466,107316.9
shape_R4_0_bitola,41.542467,21.428673,1467,107339.2
shape_R4_0_bitola,41.542345,21.428536,1468,107356.9
shape_R4_0_bitola,41.542220,21.428415,1469,107374.1
shape_R4_0_bitola,41.542060,21.428276,1470,107395.3
shape_R4_0_bitola,41.541931,21.428185,1471,107411.5
shape_R4_0_bitola,41.541710,21.428042,1472,107438.8
shape_R4_0_bitola,41.541507,21.427950,1473,107462.6
shape_R4_0_bitola,41.541286,21.427862,1474,107488.3
shape_R4_0_bitola,41.540912,21.427754,1475,107530.8
shape_R4_0_bitola,41.540058,21.427520,1476,107627.8
shape_R4_0_bitola,41.539806,21.427437,1477,107656.6
shape_R4_0_bitola,41.539561,21.427330,1478,107685.3
shape_R4_0_bitola,41.539216,21.427133,1479,107727.0
shape_R4_0_bitola,41.539016,21.426994,1480,107752.1
shape_R4_0_bitola,41.538818,21.426827,1481,107778.1
shape_R4_0_bitola,41.538608,21.426631,1482,107806.6
shape_R4_0_bitola,41.538192,21.426202,1483,107865.0
shape_R4_0_bitola,41.537810,21.425805,1484,107918.9
shape_R4_0_bitola,41.537598,21.425594,1485,107948.2
shape_R4_0_bitola,41.537386,21.425410,1486,107976.4
shape_R4_0_bitola,41.537165,21.425238,1487,108004.8
shape_R4_0_bitola,41.536979,21.425117,1488,108027.8
shape_R4_0_bitola,41.536798,21.425013,1489,108049.7
shape_R4_0_bitola,41.536617,21.424924,1490,108071.2
shape_R4_0_bitola,41.536419,21.424839,1491,108094.3
shape_R4_0_bitola,41.536226,21.424780,1492,108116.3
shape_R4_0_bitola,41.536012,21.424731,1493,108140.4
shape_R4_0_bitola,41.535797,21.424701,1494,108164.5
shape_R4_0_bitola,41.535607,21.424681,1495,108185.7
shape_R4_0_bitola,41.535421,21.424683,1496,108206.4
shape_R4_0_bitola,41.535240,21.424695,1497,108226.5
shape_R4_0_bitola,41.535066,21.424712,1498,108245.9
shape_R4_0_bitola,41.534875,21.424745,1499,108267.3
shape_R4_0_bitola,41.534807,21.424763,1500,108275.0
shape_R4_0_bitola,41.534575,21.424827,1501,108301.4
shape_R4_0_bitola,41.534322,21.424929,1502,108330.8
shape_R4_0_bitola,41.534141,21.425019,1503,108352.2
shape_R4_0_bitola,41.533964,21.425121,1504,108373.7
shape_R4_0_bitola,41.533768,21.425255,1505,108398.1
shape_R4_0_bitola,41.533441,21.425479,1506,108439.0
shape_R4_0_bitola,41.532517,21.426137,1507,108555.4
shape_R4_0_bitola,41.532081,21.426436,1508,108609.9
shape_R4_0_bitola,41.532021,21.426479,1509,108617.5
shape_R4_0_bitola,41.531471,21.426867,1510,108686.7
shape_R4_0_bitola,41.531409,21.426907,1511,108694.3
shape_R4_0_bitola,41.531141,21.427056,1512,108726.6
shape_R4_0_bitola,41.530905,21.427162,1513,108754.3
shape_R4_0_bitola,41.530669,21.427246,1514,108781.4
shape_R4_0_bitola,41.530415,21.427308,1515,108810.2
shape_R4_0_bitola,41.530274,21.427335,1516,108826.0
shape_R4_0_bitola,41.530105,21.427351,1517,108844.8
shape_R4_0_bitola,41.529984,21.427356,1518,108858.3
shape_R4_0_bitola,41.529773,21.427357,1519,108881.8
shape_R4_0_bitola,41.529635,21.427348,1520,108897.1
shape_R4_0_bitola,41.529563,21.427342,1521,108905.1
shape_R4_0_bitola,41.529176,21.427300,1522,108948.3
shape_R4_0_bitola,41.528616,21.427226,1523,109010.9
shape_R4_0_bitola,41.527885,21.427148,1524,109092.4
shape_R4_0_bitola,41.527222,21.427055,1525,109166.6
shape_R4_0_bitola,41.527060,21.427025,1526,109184.7
shape_R4_0_bitola,41.526860,21.426973,1527,109207.4
shape_R4_0_bitola,41.526773,21.426940,1528,109217.5
shape_R4_0_bitola,41.526690,21.426907,1529,109227.1
shape_R4_0_bitola,41.526605,21.426869,1530,109237.1
shape_R4_0_bitola,41.526518,21.426825,1531,109247.4
shape_R4_0_bitola,41.526355,21.426735,1532,109267.0
shape_R4_0_bitola,41.526193,21.426626,1533,109287.2
shape_R4_0_bitola,41.526032,21.426500,1534,109307.9
shape_R4_0_bitola,41.525765,21.426244,1535,109344.5
shape_R4_0_bitola,41.525506,21.425971,1536,109381.2
shape_R4_0_bitola,41.525291,21.425745,1537,109411.6
shape_R4_0_bitola,41.524811,21.425253,1538,109478.9
shape_R4_0_bitola,41.524597,21.425060,1539,109507.6
shape_R4_0_bitola,41.524415,21.424926,1540,109530.7
shape_R4_0_bitola,41.524137,21.424762,1541,109564.5
shape_R4_0_bitola,41.523915,21.424662,1542,109590.5
shape_R4_0_bitola,41.523635,21.424585,1543,109622.3
shape_R4_0_bitola,41.523359,21.424545,1544,109653.2
shape_R4_0_bitola,41.523136,21.424540,1545,109678.0
shape_R4_0_bitola,41.522879,21.424565,1546,109706.6
shape_R4_0_bitola,41.522517,21.424649,1547,109747.5
shape_R4_0_bitola,41.522215,21.424752,1548,109782.2
shape_R4_0_bitola,41.521003,21.425226,1549,109922.6
shape_R4_0_bitola,41.520105,21.425576,1550,110026.6
shape_R4_0_bitola,41.519311,21.425889,1551,110118.7
shape_R4_0_bitola,41.519230,21.425917,1552,110128.0
shape_R4_0_bitola,41.519183,21.425934,1553,110133.4
shape_R4_0_bitola,41.517891,21.426438,1554,110283.0
shape_R4_0_bitola,41.517671,21.426525,1555,110308.6
shape_R4_0_bitola,41.516586,21.426950,1556,110434.3
shape_R4_0_bitola,41.516112,21.427128,1557,110489.0
shape_R4_0_bitola,41.516043,21.427155,1558,110497.0
shape_R4_0_bitola,41.515610,21.427269,1559,110546.1
shape_R4_0_bitola,41.515309,21.427299,1560,110579.7
shape_R4_0_bitola,41.515038,21.427305,1561,110609.8
shape_R4_0_bitola,41.514858,21.427289,1562,110629.9
shape_R4_0_bitola,41.514508,21.427228,1563,110669.1
shape_R4_0_bitola,41.514412,21.427208,1564,110679.9
shape_R4_0_bitola,41.514185,21.427133,1565,110705.9
shape_R4_0_bitola,41.513905,21.427015,1566,110738.6
shape_R4_0_bitola,41.513602,21.426857,1567,110774.7
shape_R4_0_bitola,41.513352,21.426723,1568,110804.7
shape_R4_0_bitola,41.513113,21.426612,1569,110832.8
shape_R4_0_bitola,41.512732,21.426459,1570,110877.1
shape_R4_0_bitola,41.512433,21.426379,1571,110911.0
shape_R4_0_bitola,41.511256,21.426174,1572,111043.0
shape_R4_0_bitola,41.510716,21.426104,1573,111103.3
shape_R4_0_bitola,41.510257,21.426072,1574,111154.4
shape_R4_0_bitola,41.509764,21.426154,1575,111209.6
shape_R4_0_bitola,41.509353,21.426247,1576,111256.0
shape_R4_0_bitola,41.508915,21.426394,1577,111306.2
shape_R4_0_bitola,41.508461,21.426633,1578,111360.5
shape_R4_0_bitola,41.508208,21.426778,1579,111391.1
shape_R4_0_bitola,41.508145,21.426820,1580,111398.9
shape_R4_0_bitola,41.504970,21.428971,1581,111794.8
shape_R4_0_bitola,41.504457,21.429286,1582,111857.6
shape_R4_0_bitola,41.504356,21.429335,1583,111869.5
shape_R4_0_bitola,41.503812,21.429643,1584,111935.2
shape_R4_0_bitola,41.503751,21.429677,1585,111942.6
shape_R4_0_bitola,41.502914,21.430155,1586,112043.8
shape_R4_0_bitola,41.502416,21.430477,1587,112105.3
shape_R4_0_bitola,41.501765,21.430987,1588,112189.3
shape_R4_0_bitola,41.501343,21.431389,1589,112246.9
shape_R4_0_bitola,41.500965,21.431802,1590,112301.2
shape_R4_0_bitola,41.500604,21.432258,1591,112356.5
shape_R4_0_bitola,41.500218,21.432811,1592,112419.4
shape_R4_0_bitola,41.498957,21.434999,1593,112649.3
shape_R4_0_bitola,41.498872,21.435134,1594,112664.0
shape_R4_0_bitola,41.498579,21.435579,1595,112713.4
shape_R4_0_bitola,41.498358,21.435826,1596,112745.4
shape_R4_0_bitola,41.498053,21.436126,1597,112787.5
shape_R4_0_bitola,41.497811,21.436298,1598,112818.0
shape_R4_0_bitola,41.497558,21.436475,1599,112849.8
shape_R4_0_bitola,41.497100,21.436727,1600,112904.9
shape_R4_0_bitola,41.497008,21.436770,1601,112915.7
shape_R4_0_bitola,41.496072,21.437263,1602,113027.6
shape_R4_0_bitola,41.495477,21.437580,1603,113098.8
shape_R4_0_bitola,41.495373,21.437628,1604,113111.1
shape_R4_0_bitola,41.492938,21.438932,1605,113402.8
shape_R4_0_bitola,41.492865,21.438980,1606,113411.8
shape_R4_0_bitola,41.491210,21.439844,1607,113609.4
shape_R4_0_bitola,41.489569,21.440712,1608,113805.7
shape_R4_0_bitola,41.488613,21.441229,1609,113920.4
shape_R4_0_bitola,41.488498,21.441279,1610,113933.9
shape_R4_0_bitola,41.488429,21.441322,1611,113942.3
shape_R4_0_bitola,41.486416,21.442369,1612,114182.6
shape_R4_0_bitola,41.484475,21.443424,1613,114415.6
shape_R4_0_bitola,41.484356,21.443457,1614,114429.1
shape_R4_0_bitola,41.483639,21.443825,1615,114514.5
shape_R4_0_bitola,41.483058,21.444120,1616,114583.6
shape_R4_0_bitola,41.482967,21.444162,1617,114594.3
shape_R4_0_bitola,41.482558,21.444344,1618,114642.3
shape_R4_0_bitola,41.481879,21.444549,1619,114719.7
shape_R4_0_bitola,41.481329,21.444696,1620,114782.1
shape_R4_0_bitola,41.480916,21.444767,1621,114828.4
shape_R4_0_bitola,41.480167,21.444865,1622,114912.0
shape_R4_0_bitola,41.480080,21.444879,1623,114921.8
shape_R4_0_bitola,41.478287,21.445158,1624,115122.5
shape_R4_0_bitola,41.478223,21.445163,1625,115129.6
shape_R4_0_bitola,41.476611,21.445421,1626,115310.2
shape_R4_0_bitola,41.475554,21.445667,1627,115429.5
shape_R4_0_bitola,41.474083,21.446155,1628,115598.0
shape_R4_0_bitola,41.473513,21.446354,1629,115663.5
shape_R4_0_bitola,41.472078,21.446869,1630,115828.8
shape_R4_0_bitola,41.471270,21.447232,1631,115923.6
shape_R4_0_bitola,41.470551,21.447541,1632,116007.6
shape_R4_0_bitola,41.470484,21.447573,1633,116015.5
shape_R4_0_bitola,41.469287,21.448106,1634,116155.8
shape_R4_0_bitola,41.467968,21.448691,1635,116310.3
shape_R4_0_bitola,41.467319,21.448980,1636,116386.4
shape_R4_0_bitola,41.466480,21.449358,1637,116484.9
shape_R4_0_bitola,41.466286,21.449445,1638,116507.6
shape_R4_0_bitola,41.465616,21.449744,1639,116586.2
shape_R4_0_bitola,41.465324,21.449893,1640,116621.0
shape_R4_0_bitola,41.465024,21.450070,1641,116657.4
shape_R4_0_bitola,41.464807,21.450222,1642,116684.7
shape_R4_0_bitola,41.464571,21.450409,1643,116715.2
shape_R4_0_bitola,41.464331,21.450622,1644,116747.3
shape_R4_0_bitola,41.464130,21.450834,1645,116775.7
shape_R4_0_bitola,41.464030,21.450945,1646,116790.2
shape_R4_0_bitola,41.463834,21.451195,1647,116820.4
shape_R4_0_bitola,41.463548,21.451614,1648,116867.6
shape_R4_0_bitola,41.463305,21.452051,1649,116912.9
shape_R4_0_bitola,41.462522,21.453630,1650,117070.7
shape_R4_0_bitola,41.462245,21.454236,1651,117129.8
shape_R4_0_bitola,41.460995,21.456782,1652,117383.5
shape_R4_0_bitola,41.459868,21.459077,1653,117612.1
shape_R4_0_bitola,41.459390,21.460015,1654,117706.7
shape_R4_0_bitola,41.459145,21.460515,1655,117756.4
shape_R4_0_bitola,41.458879,21.460974,1656,117804.8
shape_R4_0_bitola,41.458452,21.461641,1657,117877.9
shape_R4_0_bitola,41.458102,21.462088,1658,117931.8
shape_R4_0_bitola,41.457721,21.462539,1659,117988.4
shape_R4_0_bitola,41.457304,21.462958,1660,118046.4
shape_R4_0_bitola,41.456645,21.463516,1661,118133.2
shape_R4_0_bitola,41.455612,21.464358,1662,118267.8
shape_R4_0_bitola,41.455222,21.464664,1663,118318.1
shape_R4_0_bitola,41.454836,21.464895,1664,118365.2
shape_R4_0_bitola,41.454450,21.465120,1665,118412.0
shape_R4_0_bitola,41.454337,21.465184,1666,118425.7
shape_R4_0_bitola,41.451712,21.466407,1667,118734.8
shape_R4_0_bitola,41.450517,21.466960,1668,118875.5
shape_R4_0_bitola,41.447968,21.468140,1669,119175.5
shape_R4_0_bitola,41.447900,21.468172,1670,119183.5
shape_R4_0_bitola,41.446535,21.468805,1671,119344.2
shape_R4_0_bitola,41.445429,21.469315,1672,119474.3
shape_R4_0_bitola,41.444013,21.469980,1673,119641.2
shape_R4_0_bitola,41.443913,21.470023,1674,119652.9
shape_R4_0_bitola,41.443326,21.470291,1675,119721.9
shape_R4_0_bitola,41.441948,21.470924,1676,119884.0
shape_R4_0_bitola,41.441565,21.471108,1677,119929.2
shape_R4_0_bitola,41.441503,21.471133,1678,119936.4
shape_R4_0_bitola,41.441399,21.471176,1679,119948.5
shape_R4_0_bitola,41.439696,21.471967,1680,120149.1
shape_R4_0_bitola,41.438639,21.472450,1681,120273.3
shape_R4_0_bitola,41.438321,21.472600,1682,120310.8
shape_R4_0_bitola,41.437405,21.473026,1683,120418.7
shape_R4_0_bitola,41.437061,21.473183,1684,120459.1
shape_R4_0_bitola,41.437006,21.473211,1685,120465.6
shape_R4_0_bitola,41.436650,21.473393,1686,120508.0
shape_R4_0_bitola,41.436281,21.473587,1687,120552.1
shape_R4_0_bitola,41.435876,21.473828,1688,120601.5
shape_R4_0_bitola,41.435593,21.474011,1689,120636.4
shape_R4_0_bitola,41.435526,21.474056,1690,120644.8
shape_R4_0_bitola,41.435377,21.474166,1691,120663.7
shape_R4_0_bitola,41.434947,21.474495,1692,120718.8
shape_R4_0_bitola,41.434499,21.474877,1693,120777.9
shape_R4_0_bitola,41.434029,21.475324,1694,120842.1
shape_R4_0_bitola,41.433167,21.476198,1695,120962.5
shape_R4_0_bitola,41.432304,21.477081,1696,121083.5
shape_R4_0_bitola,41.431929,21.477475,1697,121136.6
shape_R4_0_bitola,41.431564,21.477829,1698,121186.7
shape_R4_0_bitola,41.431503,21.477890,1699,121195.2
shape_R4_0_bitola,41.431201,21.478174,1700,121236.3
shape_R4_0_bitola,41.430853,21.478479,1701,121282.6
shape_R4_0_bitola,41.430546,21.478695,1702,121321.2
shape_R4_0_bitola,41.430171,21.478914,1703,121366.7
shape_R4_0_bitola,41.429759,21.479125,1704,121415.8
shape_R4_0_bitola,41.429652,21.479166,1705,121428.2
shape_R4_0_bitola,41.429357,21.479284,1706,121462.4
shape_R4_0_bitola,41.429003,21.479386,1707,121502.7
shape_R4_0_bitola,41.428656,21.479451,1708,121541.7
shape_R4_0_bitola,41.428244,21.479504,1709,121587.7
shape_R4_0_bitola,41.427778,21.479516,1710,121639.5
shape_R4_0_bitola,41.427382,21.479479,1711,121683.7
shape_R4_0_bitola,41.427006,21.479426,1712,121725.7
shape_R4_0_bitola,41.426667,21.479332,1713,121764.2
shape_R4_0_bitola,41.425975,21.479109,1714,121843.4
shape_R4_0_bitola,41.425633,21.479005,1715,121882.4
shape_R4_0_bitola,41.425100,21.478841,1716,121943.2
shape_R4_0_bitola,41.424511,21.478647,1717,122010.6
shape_R4_0_bitola,41.423864,21.478449,1718,122084.5
shape_R4_0_bitola,41.423783,21.478419,1719,122093.8
shape_R4_0_bitola,41.422860,21.478130,1720,122199.2
shape_R4_0_bitola,41.422291,21.477953,1721,122264.2
shape_R4_0_bitola,41.421631,21.477738,1722,122339.7
shape_R4_0_bitola,41.420774,21.477467,1723,122437.7
shape_R4_0_bitola,41.420008,21.477228,1724,122525.2
shape_R4_0_bitola,41.419342,21.477019,1725,122601.2
shape_R4_0_bitola,41.418588,21.476788,1726,122687.3
shape_R4_0_bitola,41.417958,21.476593,1727,122759.2
shape_R4_0_bitola,41.417468,21.476445,1728,122815.0
shape_R4_0_bitola,41.417108,21.476343,1729,122856.0
shape_R4_0_bitola,41.416601,21.476247,1730,122912.9
shape_R4_0_bitola,41.416190,21.476209,1731,122958.7
shape_R4_0_bitola,41.415766,21.476177,1732,123005.9
shape_R4_0_bitola,41.415488,21.476180,1733,123036.9
shape_R4_0_bitola,41.415116,21.476177,1734,123078.2
shape_R4_0_bitola,41.415070,21.476182,1735,123083.4
shape_R4_0_bitola,41.414668,21.476233,1736,123128.3
shape_R4_0_bitola,41.414233,21.476314,1737,123177.1
shape_R4_0_bitola,41.414057,21.476361,1738,123197.1
shape_R4_0_bitola,41.413877,21.476409,1739,123217.5
shape_R4_0_bitola,41.411886,21.476951,1740,123443.4
shape_R4_0_bitola,41.411402,21.477085,1741,123498.4
shape_R4_0_bitola,41.410512,21.477311,1742,123599.1
shape_R4_0_bitola,41.409878,21.477455,1743,123670.6
shape_R4_0_bitola,41.409817,21.477474,1744,123677.6
shape_R4_0_bitola,41.409441,21.477578,1745,123720.3
shape_R4_0_bitola,41.408876,21.477708,1746,123784.1
shape_R4_0_bitola,41.408501,21.477769,1747,123826.1
shape_R4_0_bitola,41.408422,21.477777,1748,123834.9
shape_R4_0_bitola,41.408111,21.477814,1749,123869.6
shape_R4_0_bitola,41.407537,21.477851,1750,123933.5
shape_R4_0_bitola,41.407025,21.477846,1751,123990.4
shape_R4_0_bitola,41.406324,21.477788,1752,124068.5
shape_R4_0_bitola,41.406266,21.477785,1753,124075.0
shape_R4_0_bitola,41.404961,21.477562,1754,124221.3
shape_R4_0_bitola,41.404278,21.477456,1755,124297.7
shape_R4_0_bitola,41.403911,21.477456,1756,124338.5
shape_R4_0_bitola,41.403609,21.477456,1757,124372.1
shape_R4_0_bitola,41.403516,21.477463,1758,124382.5
shape_R4_0_bitola,41.403274,21.477498,1759,124409.5
shape_R4_0_bitola,41.402852,21.477608,1760,124457.4
shape_R4_0_bitola,41.402648,21.477689,1761,124481.0
shape_R4_0_bitola,41.402250,21.477863,1762,124527.6
shape_R4_0_bitola,41.400997,21.478577,1763,124679.1
shape_R4_0_bitola,41.399898,21.479197,1764,124811.8
shape_R4_0_bitola,41.398727,21.479866,1765,124953.5
shape_R4_0_bitola,41.397944,21.480326,1766,125048.6
shape_R4_0_bitola,41.397567,21.480598,1767,125096.3
shape_R4_0_bitola,41.397171,21.480899,1768,125147.0
shape_R4_0_bitola,41.397134,21.480931,1769,125151.9
shape_R4_0_bitola,41.396858,21.481189,1770,125189.4
shape_R4_0_bitola,41.396438,21.481582,1771,125246.4
shape_R4_0_bitola,41.395894,21.482194,1772,125325.6
shape_R4_0_bitola,41.395637,21.482509,1773,125364.4
shape_R4_0_bitola,41.394814,21.483651,1774,125496.5
shape_R4_0_bitola,41.394150,21.484573,1775,125603.1
shape_R4_0_bitola,41.393680,21.485221,1776,125678.3
shape_R4_0_bitola,41.393117,21.485900,1777,125762.7
shape_R4_0_bitola,41.392539,21.486481,1778,125843.2
shape_R4_0_bitola,41.392234,21.486752,1779,125884.0
shape_R4_0_bitola,41.391730,21.487154,1780,125949.3
shape_R4_0_bitola,41.391071,21.487602,1781,126031.5
shape_R4_0_bitola,41.390269,21.488144,1782,126131.5
shape_R4_0_bitola,41.389593,21.488592,1783,126215.5
shape_R4_0_bitola,41.388189,21.489503,1784,126389.1
shape_R4_0_bitola,41.387678,21.489850,1785,126452.9
shape_R4_0_bitola,41.386413,21.490695,1786,126610.2
shape_R4_0_bitola,41.385946,21.491009,1787,126668.4
shape_R4_0_bitola,41.385881,21.491058,1788,126676.7
shape_R4_0_bitola,41.384774,21.491805,1789,126814.6
shape_R4_0_bitola,41.384431,21.491984,1790,126855.6
shape_R4_0_bitola,41.383893,21.492287,1791,126920.5
shape_R4_0_bitola,41.383378,21.492502,1792,126980.6
shape_R4_0_bitola,41.383188,21.492570,1793,127002.4
shape_R4_0_bitola,41.383059,21.492617,1794,127017.3
shape_R4_0_bitola,41.382162,21.492942,1795,127120.7
shape_R4_0_bitola,41.381923,21.492998,1796,127147.6
shape_R4_0_bitola,41.381392,21.493180,1797,127208.6
shape_R4_0_bitola,41.381336,21.493196,1798,127215.0
shape_R4_0_bitola,41.381188,21.493246,1799,127232.0
shape_R4_0_bitola,41.380527,21.493470,1800,127307.8
shape_R4_0_bitola,41.379504,21.493818,1801,127425.2
shape_R4_0_bitola,41.378856,21.494017,1802,127499.1
shape_R4_0_bitola,41.378571,21.494065,1803,127531.1
shape_R4_0_bitola,41.378184,21.494097,1804,127574.2
shape_R4_0_bitola,41.377769,21.494060,1805,127620.4
shape_R4_0_bitola,41.377355,21.493947,1806,127667.4
shape_R4_0_bitola,41.377013,21.493818,1807,127707.0
shape_R4_0_bitola,41.376707,21.493641,1808,127744.1
shape_R4_0_bitola,41.376506,21.493502,1809,127769.2
shape_R4_0_bitola,41.376437,21.493464,1810,127777.5
shape_R4_0_bitola,41.375873,21.493081,1811,127847.9
shape_R4_0_bitola,41.375378,21.492746,1812,127909.7
shape_R4_0_bitola,41.374976,21.492547,1813,127957.3
shape_R4_0_bitola,41.374442,21.492348,1814,128019.0
shape_R4_0_bitola,41.374067,21.492274,1815,128061.1
shape_R4_0_bitola,41.373572,21.492213,1816,128116.4
shape_R4_0_bitola,41.373151,21.492249,1817,128163.3
shape_R4_0_bitola,41.372734,21.492316,1818,128210.0
shape_R4_0_bitola,41.372090,21.492483,1819,128283.0
shape_R4_0_bitola,41.370789,21.492858,1820,128431.0
shape_R4_0_bitola,41.370725,21.492869,1821,128438.2
shape_R4_0_bitola,41.369376,21.493239,1822,128591.3
shape_R4_0_bitola,41.369007,21.493380,1823,128634.0
shape_R4_0_bitola,41.368752,21.493497,1824,128664.0
shape_R4_0_bitola,41.368529,21.493631,1825,128691.2
shape_R4_0_bitola,41.368285,21.493809,1826,128722.1
shape_R4_0_bitola,41.367804,21.494201,1827,128784.8
shape_R4_0_bitola,41.367158,21.494739,1828,128869.5
shape_R4_0_bitola,41.366805,21.495019,1829,128915.2
shape_R4_0_bitola,41.366527,21.495251,1830,128951.7
shape_R4_0_bitola,41.366298,21.495387,1831,128979.6
shape_R4_0_bitola,41.365989,21.495552,1832,129016.6
shape_R4_0_bitola,41.365671,21.495702,1833,129054.1
shape_R4_0_bitola,41.365296,21.495797,1834,129096.5
shape_R4_0_bitola,41.364829,21.495921,1835,129149.5
shape_R4_0_bitola,41.364327,21.496042,1836,129206.2
shape_R4_0_bitola,41.363618,21.496219,1837,129286.4
shape_R4_0_bitola,41.362989,21.496370,1838,129357.5
shape_R4_0_bitola,41.362530,21.496488,1839,129409.5
shape_R4_0_bitola,41.362488,21.496507,1840,129414.4
shape_R4_0_bitola,41.362214,21.496595,1841,129445.7
shape_R4_0_bitola,41.361701,21.496796,1842,129505.2
shape_R4_0_bitola,41.361274,21.497003,1843,129555.7
shape_R4_0_bitola,41.360732,21.497322,1844,129621.6
shape_R4_0_bitola,41.360138,21.497743,1845,129696.4
shape_R4_0_bitola,41.359742,21.498078,1846,129748.6
shape_R4_0_bitola,41.359313,21.498497,1847,129807.7
shape_R4_0_bitola,41.359009,21.498832,1848,129851.6
shape_R4_0_bitola,41.358675,21.499213,1849,129900.5
shape_R4_0_bitola,41.358417,21.499559,1850,129941.2
shape_R4_0_bitola,41.358061,21.500109,1851,130001.8
shape_R4_0_bitola,41.357773,21.500597,1852,130053.6
shape_R4_0_bitola,41.357541,21.501021,1853,130097.4
shape_R4_0_bitola,41.357308,21.501547,1854,130148.4
shape_R4_0_bitola,41.357253,21.501649,1855,130158.9
shape_R4_0_bitola,41.357068,21.502112,1856,130202.7
shape_R4_0_bitola,41.356875,21.502670,1857,130253.9
shape_R4_0_bitola,41.356666,21.503389,1858,130318.3
shape_R4_0_bitola,41.356277,21.504677,1859,130434.2
shape_R4_0_bitola,41.355742,21.506511,1860,130598.4
shape_R4_0_bitola,41.355371,21.507745,1861,130709.3
shape_R4_0_bitola,41.354896,21.509379,1862,130855.6
shape_R4_0_bitola,41.354618,21.510328,1863,130940.6
shape_R4_0_bitola,41.354119,21.512037,1864,131093.7
shape_R4_0_bitola,41.354093,21.512123,1865,131101.4
shape_R4_0_bitola,41.353787,21.513148,1866,131193.5
shape_R4_0_bitola,41.353547,21.513981,1867,131268.0
shape_R4_0_bitola,41.353539,21.514006,1868,131270.2
shape_R4_0_bitola,41.353121,21.515413,1869,131396.5
shape_R4_0_bitola,41.352574,21.517328,1870,131567.6
shape_R4_0_bitola,41.352337,21.518095,1871,131636.8
shape_R4_0_bitola,41.352184,21.518550,1872,131678.4
shape_R4_0_bitola,41.352169,21.518604,1873,131683.2
shape_R4_0_bitola,41.352043,21.518940,1874,131714.6
shape_R4_0_bitola,41.351624,21.519873,1875,131805.3
shape_R4_0_bitola,41.351417,21.520242,1876,131843.8
shape_R4_0_bitola,41.351187,21.520635,1877,131885.4
shape_R4_0_bitola,41.350933,21.521033,1878,131929.0
shape_R4_0_bitola,41.350712,21.521364,1879,131965.9
shape_R4_0_bitola,41.350448,21.521654,1880,132004.0
shape_R4_0_bitola,41.350395,21.521705,1881,132011.3
shape_R4_0_bitola,41.350135,21.521986,1882,132048.5
shape_R4_0_bitola,41.349615,21.522467,1883,132118.9
shape_R4_0_bitola,41.349404,21.522661,1884,132147.4
shape_R4_0_bitola,41.349016,21.523016,1885,132199.7
shape_R4_0_bitola,41.348624,21.523363,1886,132252.1
shape_R4_0_bitola,41.348314,21.523648,1887,132294.0
shape_R4_0_bitola,41.347861,21.524065,1888,132355.2
shape_R4_0_bitola,41.347560,21.524376,1889,132397.5
shape_R4_0_bitola,41.347278,21.524672,1890,132437.5
shape_R4_0_bitola,41.346940,21.525106,1891,132489.7
shape_R4_0_bitola,41.346750,21.525358,1892,132519.5
shape_R4_0_bitola,41.346428,21.525885,1893,132576.2
shape_R4_0_bitola,41.346217,21.526257,1894,132615.1
shape_R4_0_bitola,41.346012,21.526716,1895,132659.7
shape_R4_0_bitola,41.345881,21.527094,1896,132694.5
shape_R4_0_bitola,41.345710,21.527622,1897,132742.5
shape_R4_0_bitola,41.345573,21.528167,1898,132790.4
shape_R4_0_bitola,41.345453,21.528807,1899,132845.5
shape_R4_0_bitola,41.345374,21.529253,1900,132883.8
shape_R4_0_bitola,41.345143,21.530683,1901,133005.9
shape_R4_0_bitola,41.344943,21.531913,1902,133110.9
shape_R4_0_bitola,41.344870,21.532349,1903,133148.2
shape_R4_0_bitola,41.344752,21.532814,1904,133189.2
shape_R4_0_bitola,41.344625,21.533330,1905,133234.5
shape_R4_0_bitola,41.344331,21.535110,1906,133386.7
shape_R4_0_bitola,41.343974,21.537262,1907,133570.7
shape_R4_0_bitola,41.343950,21.537409,1908,133583.2
shape_R4_0_bitola,41.343579,21.539650,1909,133774.8
shape_R4_0_bitola,41.343528,21.540260,1910,133826.0
shape_R4_0_bitola,41.343458,21.541034,1911,133891.1
shape_R4_0_bitola,41.343370,21.541496,1912,133930.9
shape_R4_0_bitola,41.343309,21.541869,1913,133962.8
shape_R4_0_bitola,41.343232,21.542153,1914,133988.0
shape_R4_0_bitola,41.343160,21.542387,1915,134009.1
shape_R4_0_bitola,41.343046,21.542653,1916,134034.7
shape_R4_0_bitola,41.342894,21.542975,1917,134066.4
shape_R4_0_bitola,41.342732,21.543244,1918,134095.2
shape_R4_0_bitola,41.342565,21.543474,1919,134121.9
shape_R4_0_bitola,41.342412,21.543646,1920,134144.2
shape_R4_0_bitola,41.342286,21.543780,1921,134162.1
shape_R4_0_bitola,41.342177,21.543877,1922,134176.7
shape_R4_0_bitola,41.341956,21.544031,1923,134204.4
shape_R4_0_bitola,41.341749,21.544147,1924,134229.4
shape_R4_0_bitola,41.341534,21.544261,1925,134255.1
shape_R4_0_bitola,41.341304,21.544356,1926,134281.9
shape_R4_0_bitola,41.341017,21.544412,1927,134314.1
shape_R4_0_bitola,41.340789,21.544436,1928,134339.6
shape_R4_0_bitola,41.340587,21.544433,1929,134362.0
shape_R4_0_bitola,41.340393,21.544418,1930,134383.6
shape_R4_0_bitola,41.340156,21.544366,1931,134410.4
shape_R4_0_bitola,41.339840,21.544260,1932,134446.6
shape_R4_0_bitola,41.339433,21.544086,1933,134494.1
shape_R4_0_bitola,41.339301,21.544031,1934,134509.5
shape_R4_0_bitola,41.338720,21.543776,1935,134577.5
shape_R4_0_bitola,41.338223,21.543579,1936,134635.2
shape_R4_0_bitola,41.337624,21.543335,1937,134704.8
shape_R4_0_bitola,41.337286,21.543226,1938,134743.5
shape_R4_0_bitola,41.337002,21.543084,1939,134777.2
shape_R4_0_bitola,41.336797,21.542964,1940,134802.1
shape_R4_0_bitola,41.336716,21.542909,1941,134812.2
shape_R4_0_bitola,41.336477,21.542765,1942,134841.4
shape_R4_0_bitola,41.336156,21.542511,1943,134882.9
shape_R4_0_bitola,41.335852,21.542257,1944,134922.8
shape_R4_0_bitola,41.335564,21.541998,1945,134961.5
shape_R4_0_bitola,41.335224,21.541588,1946,135012.5
shape_R4_0_bitola,41.335008,21.541286,1947,135047.3
shape_R4_0_bitola,41.334736,21.540863,1948,135093.8
shape_R4_0_bitola,41.334302,21.540120,1949,135172.4
shape_R4_0_bitola,41.333940,21.539446,1950,135241.6
shape_R4_0_bitola,41.333626,21.538767,1951,135308.2
shape_R4_0_bitola,41.333582,21.538653,1952,135318.9
shape_R4_0_bitola,41.333543,21.538553,1953,135328.3
shape_R4_0_bitola,41.333402,21.538213,1954,135360.7
shape_R4_0_bitola,41.333253,21.537761,1955,135401.9
shape_R4_0_bitola,41.333181,21.537533,1956,135422.6
shape_R4_0_bitola,41.333060,21.537144,1957,135457.7
shape_R4_0_bitola,41.332947,21.536747,1958,135493.2
shape_R4_0_bitola,41.332697,21.535733,1959,135582.3
shape_R4_0_bitola,41.332540,21.534979,1960,135647.6
shape_R4_0_bitola,41.332488,21.534730,1961,135669.2
shape_R4_0_bitola,41.332451,21.534575,1962,135682.8
shape_R4_0_bitola,41.332071,21.532889,1963,135829.8
shape_R4_0_bitola,41.331665,21.531092,1964,135986.4
shape_R4_0_bitola,41.331293,21.529447,1965,136129.9
shape_R4_0_bitola,41.331160,21.528951,1966,136173.9
shape_R4_0_bitola,41.331029,21.528541,1967,136211.1
shape_R4_0_bitola,41.330853,21.528051,1968,136256.4
shape_R4_0_bitola,41.330729,21.527736,1969,136286.1
shape_R4_0_bitola,41.330505,21.527186,1970,136338.4
shape_R4_0_bitola,41.330456,21.527065,1971,136349.8
shape_R4_0_bitola,41.330207,21.526546,1972,136401.3
shape_R4_0_bitola,41.329998,21.526168,1973,136440.5
shape_R4_0_bitola,41.329821,21.525851,1974,136473.4
shape_R4_0_bitola,41.329518,21.525366,1975,136526.1
shape_R4_0_bitola,41.329165,21.524870,1976,136583.2
shape_R4_0_bitola,41.328750,21.524352,1977,136646.4
shape_R4_0_bitola,41.328384,21.523907,1978,136701.5
shape_R4_0_bitola,41.328330,21.523845,1979,136709.5
shape_R4_0_bitola,41.327939,21.523364,1980,136768.7
shape_R4_0_bitola,41.327353,21.522669,1981,136855.9
shape_R4_0_bitola,41.327297,21.522603,1982,136864.2
shape_R4_0_bitola,41.326750,21.521966,1983,136945.0
shape_R4_0_bitola,41.326378,21.521455,1984,137004.5
shape_R4_0_bitola,41.326156,21.521166,1985,137039.0
shape_R4_0_bitola,41.325862,21.520750,1986,137086.7
shape_R4_0_bitola,41.325641,21.520439,1987,137122.4
shape_R4_0_bitola,41.325349,21.520007,1988,137171.0
shape_R4_0_bitola,41.325126,21.519663,1989,137208.9
shape_R4_0_bitola,41.325069,21.519558,1990,137219.7
shape_R4_0_bitola,41.324978,21.519417,1991,137235.3
shape_R4_0_bitola,41.324856,21.519201,1992,137257.8
shape_R4_0_bitola,41.324466,21.518513,1993,137329.8
shape_R4_0_bitola,41.324352,21.518317,1994,137350.5
shape_R4_0_bitola,41.324225,21.518086,1995,137374.4
shape_R4_0_bitola,41.323892,21.517491,1996,137436.4
shape_R4_0_bitola,41.323350,21.516512,1997,137538.0
shape_R4_0_bitola,41.322839,21.515589,1998,137633.7
shape_R4_0_bitola,41.321608,21.513376,1999,137863.7
shape_R4_0_bitola,41.321546,21.513267,2000,137875.1
shape_R4_0_bitola,41.321443,21.513081,2001,137894.4
shape_R4_0_bitola,41.320750,21.511859,2002,138022.3
shape_R4_0_bitola,41.320256,21.510968,2003,138114.8
shape_R4_0_bitola,41.320062,21.510619,2004,138151.0
shape_R4_0_bitola,41.319679,21.509928,2005,138222.7
shape_R4_0_bitola,41.319646,21.509868,2006,138229.0
shape_R4_0_bitola,41.319075,21.508828,2007,138336.5
shape_R4_0_bitola,41.319024,21.508735,2008,138346.2
shape_R4_0_bitola,41.318092,21.507063,2009,138520.0
shape_R4_0_bitola,41.317015,21.505144,2010,138720.1
shape_R4_0_bitola,41.316569,21.504342,2011,138803.5
shape_R4_0_bitola,41.316072,21.503445,2012,138896.5
shape_R4_0_bitola,41.315972,21.503261,2013,138915.5
shape_R4_0_bitola,41.315667,21.502700,2014,138973.4
shape_R4_0_bitola,41.315239,21.501868,2015,139057.6
shape_R4_0_bitola,41.314972,21.501335,2016,139111.1
shape_R4_0_bitola,41.314930,21.501245,2017,139119.9
shape_R4_0_bitola,41.314849,21.501055,2018,139138.2
shape_R4_0_bitola,41.314733,21.500799,2019,139163.1
shape_R4_0_bitola,41.314601,21.500508,2020,139191.5
shape_R4_0_bitola,41.314456,21.500154,2021,139225.2
shape_R4_0_bitola,41.314199,21.499482,2022,139288.2
shape_R4_0_bitola,41.313935,21.498737,2023,139357.0
shape_R4_0_bitola,41.313747,21.498154,2024,139410.0
shape_R4_0_bitola,41.313532,21.497449,2025,139473.5
shape_R4_0_bitola,41.313273,21.496512,2026,139556.9
shape_R4_0_bitola,41.313223,21.496303,2027,139575.2
shape_R4_0_bitola,41.312970,21.495252,2028,139667.4
shape_R4_0_bitola,41.312722,21.494035,2029,139772.7
shape_R4_0_bitola,41.312526,21.493098,2030,139854.0
shape_R4_0_bitola,41.312380,21.492402,2031,139914.3
shape_R4_0_bitola,41.312208,21.491610,2032,139983.2
shape_R4_0_bitola,41.311977,21.490541,2033,140076.1
shape_R4_0_bitola,41.311902,21.490178,2034,140107.5
shape_R4_0_bitola,41.311692,21.489164,2035,140195.4
shape_R4_0_bitola,41.311600,21.488804,2036,140227.1
shape_R4_0_bitola,41.311468,21.488289,2037,140272.6
shape_R4_0_bitola,41.311310,21.487802,2038,140316.9
shape_R4_0_bitola,41.311135,21.487321,2039,140361.5
shape_R4_0_bitola,41.310953,21.486811,2040,140408.7
shape_R4_0_bitola,41.310764,21.486357,2041,140452.1
shape_R4_0_bitola,41.310158,21.484714,2042,140604.9
shape_R4_0_bitola,41.310082,21.484524,2043,140622.9
shape_R4_0_bitola,41.309927,21.484096,2044,140662.6
shape_R4_0_bitola,41.309825,21.483817,2045,140688.5
shape_R4_0_bitola,41.309701,21.483515,2046,140717.3
shape_R4_0_bitola,41.309588,21.483209,2047,140745.7
shape_R4_0_bitola,41.309126,21.481961,2048,140862.0
shape_R4_0_bitola,41.308823,21.481157,2049,140937.1
shape_R4_0_bitola,41.308699,21.480827,2050,140967.9
shape_R4_0_bitola,41.308498,21.480295,2051,141017.6
shape_R4_0_bitola,41.308354,21.479910,2052,141053.6
shape_R4_0_bitola,41.308154,21.479435,2053,141099.1
shape_R4_0_bitola,41.307953,21.479002,2054,141141.6
shape_R4_0_bitola,41.307672,21.478543,2055,141191.0
shape_R4_0_bitola,41.307610,21.478456,2056,141201.0
shape_R4_0_bitola,41.307342,21.478050,2057,141246.2
shape_R4_0_bitola,41.306736,21.477118,2058,141349.2
shape_R4_0_bitola,41.306330,21.476510,2059,141417.1
shape_R4_0_bitola,41.305733,21.475583,2060,141519.1
shape_R4_0_bitola,41.305177,21.474729,2061,141613.5
shape_R4_0_bitola,41.304548,21.473753,2062,141720.9
shape_R4_0_bitola,41.304490,21.473650,2063,141731.7
shape_R4_0_bitola,41.304416,21.473542,2064,141743.9
shape_R4_0_bitola,41.304225,21.473256,2065,141775.8
shape_R4_0_bitola,41.303954,21.472850,2066,141821.2
shape_R4_0_bitola,41.303893,21.472758,2067,141831.5
shape_R4_0_bitola,41.303836,21.472672,2068,141841.0
shape_R4_0_bitola,41.303287,21.471828,2069,141934.3
shape_R4_0_bitola,41.303147,21.471624,2070,141957.4
shape_R4_0_bitola,41.302937,21.471304,2071,141992.9
shape_R4_0_bitola,41.302294,21.470300,2072,142103.1
shape_R4_0_bitola,41.300995,21.468301,2073,142323.9
shape_R4_0_bitola,41.299697,21.466326,2074,142543.1
shape_R4_0_bitola,41.299206,21.465569,2075,142626.6
shape_R4_0_bitola,41.298831,21.464992,2076,142690.3
shape_R4_0_bitola,41.298167,21.463978,2077,142802.7
shape_R4_0_bitola,41.296940,21.462105,2078,143010.3
shape_R4_0_bitola,41.295868,21.460472,2079,143191.5
shape_R4_0_bitola,41.295005,21.459132,2080,143338.9
shape_R4_0_bitola,41.293692,21.457135,2081,143560.6
shape_R4_0_bitola,41.292393,21.455154,2082,143780.3
shape_R4_0_bitola,41.291560,21.453875,2083,143921.7
shape_R4_0_bitola,41.290176,21.451768,2084,144155.5
shape_R4_0_bitola,41.289231,21.450317,2085,144316.0
shape_R4_0_bitola,41.288662,21.449448,2086,144412.3
shape_R4_0_bitola,41.287629,21.447864,2087,144587.5
shape_R4_0_bitola,41.286800,21.446595,2088,144728.0
shape_R4_0_bitola,41.285721,21.444962,2089,144909.7
shape_R4_0_bitola,41.285126,21.444053,2090,145010.4
shape_R4_0_bitola,41.284446,21.442996,2091,145126.7
shape_R4_0_bitola,41.281334,21.438248,2092,145653.1
shape_R4_0_bitola,41.280844,21.437370,2093,145744.5
shape_R4_0_bitola,41.280493,21.436717,2094,145811.6
shape_R4_0_bitola,41.280118,21.435947,2095,145888.3
shape_R4_0_bitola,41.279441,21.434465,2096,146033.2
shape_R4_0_bitola,41.277728,21.430721,2097,146399.5
shape_R4_0_bitola,41.277661,21.430571,2098,146414.1
shape_R4_0_bitola,41.275962,21.426936,2099,146771.8
shape_R4_0_bitola,41.275903,21.426808,2100,146784.3
shape_R4_0_bitola,41.275653,21.426267,2101,146837.4
shape_R4_0_bitola,41.274243,21.423059,2102,147148.0
shape_R4_0_bitola,41.271176,21.416334,2103,147805.4
shape_R4_0_bitola,41.271057,21.416074,2104,147830.8
shape_R4_0_bitola,41.270724,21.415354,2105,147901.5
shape_R4_0_bitola,41.270526,21.414957,2106,147941.3
shape_R4_0_bitola,41.270350,21.414623,2107,147975.4
shape_R4_0_bitola,41.270120,21.414268,2108,148014.6
shape_R4_0_bitola,41.269965,21.414061,2109,148039.0
shape_R4_0_bitola,41.269683,21.413701,2110,148082.4
shape_R4_0_bitola,41.269492,21.413487,2111,148110.2
shape_R4_0_bitola,41.269233,21.413235,2112,148145.9
shape_R4_0_bitola,41.268949,21.412996,2113,148183.2
shape_R4_0_bitola,41.268776,21.412845,2114,148206.3
shape_R4_0_bitola,41.268455,21.412658,2115,148245.2
shape_R4_0_bitola,41.267927,21.412379,2116,148308.4
shape_R4_0_bitola,41.267689,21.412266,2117,148336.5
shape_R4_0_bitola,41.267441,21.412183,2118,148364.9
shape_R4_0_bitola,41.267145,21.412108,2119,148398.4
shape_R4_0_bitola,41.266705,21.412049,2120,148447.6
shape_R4_0_bitola,41.266375,21.412033,2121,148484.3
shape_R4_0_bitola,41.265951,21.412030,2122,148531.5
shape_R4_0_bitola,41.265305,21.412019,2123,148603.3
shape_R4_0_bitola,41.264177,21.411998,2124,148728.7
shape_R4_0_bitola,41.263883,21.411982,2125,148761.5
shape_R4_0_bitola,41.263423,21.411958,2126,148812.7
shape_R4_0_bitola,41.262530,21.411926,2127,148912.0
shape_R4_0_bitola,41.261058,21.411886,2128,149075.7
shape_R4_0_bitola,41.259805,21.411872,2129,149215.0
shape_R4_0_bitola,41.259559,21.411869,2130,149242.4
shape_R4_0_bitola,41.256631,21.411741,2131,149568.1
shape_R4_0_bitola,41.256123,21.411687,2132,149624.8
shape_R4_0_bitola,41.255802,21.411590,2133,149661.4
shape_R4_0_bitola,41.255621,21.411521,2134,149682.3
shape_R4_0_bitola,41.255290,21.411338,2135,149722.2
shape_R4_0_bitola,41.254838,21.411065,2136,149777.4
shape_R4_0_bitola,41.254455,21.410804,2137,149825.3
shape_R4_0_bitola,41.254294,21.410695,2138,149845.3
shape_R4_0_bitola,41.253350,21.410040,2139,149963.7
shape_R4_0_bitola,41.252479,21.409445,2140,150072.6
shape_R4_0_bitola,41.251938,21.409093,2141,150139.6
shape_R4_0_bitola,41.251694,21.408898,2142,150171.2
shape_R4_0_bitola,41.250041,21.407747,2143,150378.7
shape_R4_0_bitola,41.249960,21.407699,2144,150388.6
shape_R4_0_bitola,41.249640,21.407524,2145,150427.0
shape_R4_0_bitola,41.249236,21.407320,2146,150475.1
shape_R4_0_bitola,41.248990,21.407229,2147,150503.5
shape_R4_0_bitola,41.248724,21.407170,2148,150533.5
shape_R4_0_bitola,41.248442,21.407159,2149,150564.8
shape_R4_0_bitola,41.248151,21.407176,2150,150597.2
shape_R4_0_bitola,41.247748,21.407245,2151,150642.4
shape_R4_0_bitola,41.246937,21.407438,2152,150734.0
shape_R4_0_bitola,41.245461,21.407803,2153,150901.0
shape_R4_0_bitola,41.244404,21.408045,2154,151020.2
shape_R4_0_bitola,41.243809,21.408187,2155,151087.4
shape_R4_0_bitola,41.243485,21.408265,2156,151124.0
shape_R4_0_bitola,41.243228,21.408315,2157,151152.9
shape_R4_0_bitola,41.242888,21.408382,2158,151191.1
shape_R4_0_bitola,41.242420,21.408436,2159,151243.4
shape_R4_0_bitola,41.241867,21.408463,2160,151304.9
shape_R4_0_bitola,41.240946,21.408490,2161,151407.3
shape_R4_0_bitola,41.240665,21.408505,2162,151438.6
shape_R4_0_bitola,41.240395,21.408518,2163,151468.7
shape_R4_0_bitola,41.240209,21.408527,2164,151489.4
shape_R4_0_bitola,41.240000,21.408537,2165,151512.6
shape_R4_0_bitola,41.238910,21.408586,2166,151633.9
shape_R4_0_bitola,41.238342,21.408583,2167,151697.0
shape_R4_0_bitola,41.237839,21.408505,2168,151753.4
shape_R4_0_bitola,41.237485,21.408392,2169,151793.8
shape_R4_0_bitola,41.237107,21.408233,2170,151837.9
shape_R4_0_bitola,41.236793,21.408045,2171,151876.2
shape_R4_0_bitola,41.236514,21.407822,2172,151912.4
shape_R4_0_bitola,41.236338,21.407620,2173,151938.3
shape_R4_0_bitola,41.235465,21.406729,2174,152060.6
shape_R4_0_bitola,41.235005,21.406332,2175,152121.6
shape_R4_0_bitola,41.234475,21.405844,2176,152193.3
shape_R4_0_bitola,41.234177,21.405628,2177,152231.0
shape_R4_0_bitola,41.233770,21.405373,2178,152281.1
shape_R4_0_bitola,41.233309,21.405122,2179,152336.4
shape_R4_0_bitola,41.231867,21.404531,2180,152504.2
shape_R4_0_bitola,41.231654,21.404449,2181,152528.9
shape_R4_0_bitola,41.230651,21.404047,2182,152645.4
shape_R4_0_bitola,41.229719,21.403669,2183,152753.7
shape_R4_0_bitola,41.228781,21.403275,2184,152863.1
shape_R4_0_bitola,41.227746,21.402859,2185,152983.3
shape_R4_0_bitola,41.227342,21.402702,2186,153030.1
shape_R4_0_bitola,41.226939,21.402556,2187,153076.6
shape_R4_0_bitola,41.226523,21.402406,2188,153124.5
shape_R4_0_bitola,41.226172,21.402317,2189,153164.2
shape_R4_0_bitola,41.225772,21.402219,2190,153209.5
shape_R4_0_bitola,41.225324,21.402163,2191,153259.5
shape_R4_0_bitola,41.224971,21.402117,2192,153298.9
shape_R4_0_bitola,41.224648,21.402112,2193,153334.9
shape_R4_0_bitola,41.224223,21.402107,2194,153382.1
shape_R4_0_bitola,41.223945,21.402120,2195,153413.1
shape_R4_0_bitola,41.223689,21.402149,2196,153441.6
shape_R4_0_bitola,41.223381,21.402209,2197,153476.2
shape_R4_0_bitola,41.223040,21.402269,2198,153514.5
shape_R4_0_bitola,41.222707,21.402350,2199,153552.1
shape_R4_0_bitola,41.222175,21.402525,2200,153613.1
shape_R4_0_bitola,41.221804,21.402672,2201,153656.1
shape_R4_0_bitola,41.221244,21.402918,2202,153721.7
shape_R4_0_bitola,41.220507,21.403268,2203,153808.7
shape_R4_0_bitola,41.219985,21.403492,2204,153869.7
shape_R4_0_bitola,41.219133,21.403887,2205,153970.0
shape_R4_0_bitola,41.218339,21.404249,2206,154063.4
shape_R4_0_bitola,41.217579,21.404599,2207,154152.8
shape_R4_0_bitola,41.216400,21.405141,2208,154291.5
shape_R4_0_bitola,41.215964,21.405337,2209,154342.7
shape_R4_0_bitola,41.215028,21.405771,2210,154452.9
shape_R4_0_bitola,41.214573,21.405979,2211,154506.4
shape_R4_0_bitola,41.213887,21.406294,2212,154587.1
shape_R4_0_bitola,41.213073,21.406672,2213,154683.0
shape_R4_0_bitola,41.212244,21.407048,2214,154780.4
shape_R4_0_bitola,41.211791,21.407247,2215,154833.5
shape_R4_0_bitola,41.211433,21.407377,2216,154874.7
shape_R4_0_bitola,41.211164,21.407462,2217,154905.5
shape_R4_0_bitola,41.210728,21.407576,2218,154954.9
shape_R4_0_bitola,41.210533,21.407618,2219,154976.8
shape_R4_0_bitola,41.210194,21.407679,2220,155014.9
shape_R4_0_bitola,41.209427,21.407770,2221,155100.5
shape_R4_0_bitola,41.208626,21.407858,2222,155189.9
shape_R4_0_bitola,41.208244,21.407893,2223,155232.5
shape_R4_0_bitola,41.207427,21.407934,2224,155323.4
shape_R4_0_bitola,41.206876,21.407993,2225,155384.8
shape_R4_0_bitola,41.206604,21.408021,2226,155415.2
shape_R4_0_bitola,41.206248,21.408058,2227,155454.9
shape_R4_0_bitola,41.205826,21.408103,2228,155502.0
shape_R4_0_bitola,41.205653,21.408125,2229,155521.3
shape_R4_0_bitola,41.205564,21.408138,2230,155531.2
shape_R4_0_bitola,41.204768,21.408226,2231,155620.1
shape_R4_0_bitola,41.204091,21.408290,2232,155695.5
shape_R4_0_bitola,41.203237,21.408382,2233,155790.8
shape_R4_0_bitola,41.202730,21.408442,2234,155847.4
shape_R4_0_bitola,41.202315,21.408497,2235,155893.8
shape_R4_0_bitola,41.202256,21.408502,2236,155900.3
shape_R4_0_bitola,41.201786,21.408548,2237,155952.7
shape_R4_0_bitola,41.200955,21.408640,2238,156045.5
shape_R4_0_bitola,41.200753,21.408659,2239,156068.0
shape_R4_0_bitola,41.200297,21.408703,2240,156118.8
shape_R4_0_bitola,41.198792,21.408870,2241,156286.8
shape_R4_0_bitola,41.197661,21.408996,2242,156413.0
shape_R4_0_bitola,41.197539,21.409012,2243,156426.6
shape_R4_0_bitola,41.196454,21.409124,2244,156547.6
shape_R4_0_bitola,41.195182,21.409258,2245,156689.5
shape_R4_0_bitola,41.195039,21.409272,2246,156705.4
shape_R4_0_bitola,41.193960,21.409388,2247,156825.8
shape_R4_0_bitola,41.193887,21.409395,2248,156833.9
shape_R4_0_bitola,41.193742,21.409411,2249,156850.1
shape_R4_0_bitola,41.193369,21.409451,2250,156891.7
shape_R4_0_bitola,41.192942,21.409496,2251,156939.4
shape_R4_0_bitola,41.192327,21.409574,2252,157008.0
shape_R4_0_bitola,41.192098,21.409595,2253,157033.6
shape_R4_0_bitola,41.191750,21.409647,2254,157072.5
shape_R4_0_bitola,41.191504,21.409653,2255,157099.9
shape_R4_0_bitola,41.191372,21.409654,2256,157114.5
shape_R4_0_bitola,41.191282,21.409642,2257,157124.6
shape_R4_0_bitola,41.191095,21.409616,2258,157145.5
shape_R4_0_bitola,41.190866,21.409586,2259,157171.1
shape_R4_0_bitola,41.190625,21.409518,2260,157198.5
shape_R4_0_bitola,41.190320,21.409395,2261,157233.9
shape_R4_0_bitola,41.189988,21.409220,2262,157273.7
shape_R4_0_bitola,41.189703,21.409041,2263,157308.7
shape_R4_0_bitola,41.189363,21.408801,2264,157351.5
shape_R4_0_bitola,41.188365,21.408122,2265,157476.2
shape_R4_0_bitola,41.187663,21.407632,2266,157564.4
shape_R4_0_bitola,41.187355,21.407388,2267,157604.2
shape_R4_0_bitola,41.186254,21.406589,2268,157743.7
shape_R4_0_bitola,41.185448,21.406035,2269,157844.6
shape_R4_0_bitola,41.185072,21.405763,2270,157892.2
shape_R4_0_bitola,41.185004,21.405718,2271,157900.7
shape_R4_0_bitola,41.184516,21.405376,2272,157962.0
shape_R4_0_bitola,41.183977,21.404993,2273,158030.0
shape_R4_0_bitola,41.183355,21.404554,2274,158108.3
shape_R4_0_bitola,41.182735,21.404118,2275,158186.3
shape_R4_0_bitola,41.182228,21.403754,2276,158250.4
shape_R4_0_bitola,41.181747,21.403427,2277,158310.5
shape_R4_0_bitola,41.181344,21.403208,2278,158358.9
shape_R4_0_bitola,41.181015,21.403069,2279,158397.3
shape_R4_0_bitola,41.180740,21.403005,2280,158428.3
shape_R4_0_bitola,41.180434,21.402961,2281,158462.5
shape_R4_0_bitola,41.180163,21.402953,2282,158492.7
shape_R4_0_bitola,41.180054,21.402950,2283,158504.8
shape_R4_0_bitola,41.179765,21.402976,2284,158537.0
shape_R4_0_bitola,41.179489,21.403041,2285,158568.2
shape_R4_0_bitola,41.179140,21.403164,2286,158608.3
shape_R4_0_bitola,41.178698,21.403338,2287,158659.6
shape_R4_0_bitola,41.177932,21.403674,2288,158749.3
shape_R4_0_bitola,41.177363,21.403915,2289,158815.7
shape_R4_0_bitola,41.176983,21.404041,2290,158859.2
shape_R4_0_bitola,41.176731,21.404084,2291,158887.5
shape_R4_0_bitola,41.176447,21.404106,2292,158919.1
shape_R4_0_bitola,41.176150,21.404080,2293,158952.2
shape_R4_0_bitola,41.175881,21.404030,2294,158982.4
shape_R4_0_bitola,41.175756,21.404007,2295,158996.5
shape_R4_0_bitola,41.175528,21.403954,2296,159022.2
shape_R4_0_bitola,41.175223,21.403804,2297,159058.4
shape_R4_0_bitola,41.174775,21.403506,2298,159114.1
shape_R4_0_bitola,41.174477,21.403226,2299,159154.7
shape_R4_0_bitola,41.174192,21.402914,2300,159195.7
shape_R4_0_bitola,41.173996,21.402698,2301,159224.0
shape_R4_0_bitola,41.173934,21.402613,2302,159233.9
shape_R4_0_bitola,41.173636,21.402291,2303,159276.7
shape_R4_0_bitola,41.173210,21.401802,2304,159339.3
shape_R4_0_bitola,41.173049,21.401616,2305,159363.0
shape_R4_0_bitola,41.172851,21.401390,2306,159392.0
shape_R4_0_bitola,41.172633,21.401154,2307,159423.3
shape_R4_0_bitola,41.171533,21.399917,2308,159583.5
shape_R4_0_bitola,41.171448,21.399825,2309,159595.7
shape_R4_0_bitola,41.170652,21.398981,2310,159709.0
shape_R4_0_bitola,41.169483,21.397683,2311,159878.4
shape_R4_0_bitola,41.169006,21.397173,2312,159946.5
shape_R4_0_bitola,41.168582,21.396766,2313,160004.6
shape_R4_0_bitola,41.168190,21.396462,2314,160055.1
shape_R4_0_bitola,41.167906,21.396230,2315,160092.2
shape_R4_0_bitola,41.167748,21.396154,2316,160110.9
shape_R4_0_bitola,41.167346,21.395889,2317,160160.8
shape_R4_0_bitola,41.166762,21.395560,2318,160231.3
shape_R4_0_bitola,41.165902,21.395036,2319,160336.5
shape_R4_0_bitola,41.164718,21.394335,2320,160480.7
shape_R4_0_bitola,41.163383,21.393547,2321,160643.1
shape_R4_0_bitola,41.162168,21.392775,2322,160792.9
shape_R4_0_bitola,41.160491,21.391776,2323,160997.2
shape_R4_0_bitola,41.159450,21.391201,2324,161122.6
shape_R4_0_bitola,41.159382,21.391163,2325,161130.8
shape_R4_0_bitola,41.158200,21.390460,2326,161274.8
shape_R4_0_bitola,41.157273,21.389908,2327,161387.8
shape_R4_0_bitola,41.157168,21.389838,2328,161400.8
shape_R4_0_bitola,41.156857,21.389640,2329,161439.2
shape_R4_0_bitola,41.156716,21.389560,2330,161456.2
shape_R4_0_bitola,41.155864,21.388996,2331,161562.1
shape_R4_0_bitola,41.154587,21.387998,2332,161726.8
shape_R4_0_bitola,41.154535,21.387950,2333,161733.9
shape_R4_0_bitola,41.153957,21.387424,2334,161811.8
shape_R4_0_bitola,41.153242,21.386732,2335,161910.2
shape_R4_0_bitola,41.152713,21.386110,2336,161988.7
shape_R4_0_bitola,41.152091,21.385386,2337,162080.7
shape_R4_0_bitola,41.151368,21.384469,2338,162191.9
shape_R4_0_bitola,41.150084,21.382823,2339,162390.3
shape_R4_0_bitola,41.148759,21.381191,2340,162591.2
shape_R4_0_bitola,41.148632,21.381011,2341,162611.9
shape_R4_0_bitola,41.146755,21.378680,2342,162897.6
shape_R4_0_bitola,41.144986,21.376497,2343,163166.2
shape_R4_0_bitola,41.144190,21.375510,2344,163287.3
shape_R4_0_bitola,41.143249,21.374491,2345,163422.3
shape_R4_0_bitola,41.142946,21.374201,2346,163463.8
shape_R4_0_bitola,41.142905,21.374164,2347,163469.3
shape_R4_0_bitola,41.142518,21.373834,2348,163520.5
shape_R4_0_bitola,41.141592,21.373112,2349,163639.9
shape_R4_0_bitola,41.141044,21.372761,2350,163707.5
shape_R4_0_bitola,41.140803,21.372619,2351,163736.8
shape_R4_0_bitola,41.140225,21.372270,2352,163807.4
shape_R4_0_bitola,41.139563,21.371932,2353,163886.3
shape_R4_0_bitola,41.138254,21.371449,2354,164037.4
shape_R4_0_bitola,41.137846,21.371315,2355,164084.1
shape_R4_0_bitola,41.136856,21.370967,2356,164198.0
shape_R4_0_bitola,41.136048,21.370672,2357,164291.2
shape_R4_0_bitola,41.134509,21.370124,2358,164468.4
shape_R4_0_bitola,41.133385,21.369620,2359,164600.3
shape_R4_0_bitola,41.132363,21.369046,2360,164723.7
shape_R4_0_bitola,41.131131,21.368225,2361,164876.9
shape_R4_0_bitola,41.130363,21.367619,2362,164976.3
shape_R4_0_bitola,41.129791,21.367117,2363,165052.5
shape_R4_0_bitola,41.129434,21.366804,2364,165100.1
shape_R4_0_bitola,41.128610,21.366083,2365,165209.8
shape_R4_0_bitola,41.126763,21.364479,2366,165455.2
shape_R4_0_bitola,41.125726,21.363608,2367,165591.7
shape_R4_0_bitola,41.125555,21.363465,2368,165614.2
shape_R4_0_bitola,41.124876,21.362950,2369,165701.1
shape_R4_0_bitola,41.124659,21.362823,2370,165727.5
shape_R4_0_bitola,41.124120,21.362505,2371,165793.1
shape_R4_0_bitola,41.123054,21.362054,2372,165917.5
shape_R4_0_bitola,41.122391,21.361867,2373,165992.9
shape_R4_0_bitola,41.121934,21.361775,2374,166044.3
shape_R4_0_bitola,41.121425,21.361722,2375,166101.0
shape_R4_0_bitola,41.120710,21.361706,2376,166180.5
shape_R4_0_bitola,41.120253,21.361732,2377,166231.4
shape_R4_0_bitola,41.120023,21.361754,2378,166257.0
shape_R4_0_bitola,41.119946,21.361765,2379,166265.7
shape_R4_0_bitola,41.119643,21.361818,2380,166299.6
shape_R4_0_bitola,41.118358,21.362060,2381,166444.0
shape_R4_0_bitola,41.116454,21.362457,2382,166658.3
shape_R4_0_bitola,41.116026,21.362526,2383,166706.2
shape_R4_0_bitola,41.115193,21.362687,2384,166799.8
shape_R4_0_bitola,41.114429,21.362727,2385,166884.8
shape_R4_0_bitola,41.113512,21.362720,2386,166986.8
shape_R4_0_bitola,41.113204,21.362707,2387,167021.1
shape_R4_0_bitola,41.112763,21.362703,2388,167070.1
shape_R4_0_bitola,41.111842,21.362694,2389,167172.5
shape_R4_0_bitola,41.111491,21.362693,2390,167211.5
shape_R4_0_bitola,41.110413,21.362657,2391,167331.4
shape_R4_0_bitola,41.108755,21.362602,2392,167515.9
shape_R4_0_bitola,41.108598,21.362596,2393,167533.3
shape_R4_0_bitola,41.106652,21.362525,2394,167749.8
shape_R4_0_bitola,41.105513,21.362494,2395,167876.5
shape_R4_0_bitola,41.104907,21.362478,2396,167943.9
shape_R4_0_bitola,41.104369,21.362382,2397,168004.2
shape_R4_0_bitola,41.104054,21.362285,2398,168040.2
shape_R4_0_bitola,41.103626,21.362097,2399,168090.3
shape_R4_0_bitola,41.103376,21.361961,2400,168120.4
shape_R4_0_bitola,41.102910,21.361706,2401,168176.4
shape_R4_0_bitola,41.101742,21.360981,2402,168319.8
shape_R4_0_bitola,41.100901,21.360475,2403,168422.5
shape_R4_0_bitola,41.100157,21.360027,2404,168513.3
shape_R4_0_bitola,41.098718,21.359141,2405,168689.7
shape_R4_0_bitola,41.097732,21.358549,2406,168810.1
shape_R4_0_bitola,41.097077,21.358154,2407,168890.1
shape_R4_0_bitola,41.096815,21.357994,2408,168922.1
shape_R4_0_bitola,41.094954,21.356852,2409,169150.1
shape_R4_0_bitola,41.094639,21.356652,2410,169188.9
shape_R4_0_bitola,41.093192,21.355773,2411,169365.9
shape_R4_0_bitola,41.092416,21.355295,2412,169461.0
shape_R4_0_bitola,41.092222,21.355177,2413,169484.8
shape_R4_0_bitola,41.091065,21.354466,2414,169626.5
shape_R4_0_bitola,41.090325,21.354029,2415,169716.6
shape_R4_0_bitola,41.089873,21.353809,2416,169770.1
shape_R4_0_bitola,41.089327,21.353605,2417,169833.2
shape_R4_0_bitola,41.088660,21.353357,2418,169910.2
shape_R4_0_bitola,41.088530,21.353307,2419,169925.3
shape_R4_0_bitola,41.088264,21.353193,2420,169956.4
shape_R4_0_bitola,41.083355,21.351432,2421,170521.8
shape_R4_0_bitola,41.083091,21.351338,2422,170552.2
shape_R4_0_bitola,41.082708,21.351201,2423,170596.3
shape_R4_0_bitola,41.081924,21.351004,2424,170685.1
shape_R4_0_bitola,41.079813,21.350505,2425,170923.5
shape_R4_0_bitola,41.079568,21.350447,2426,170951.2
shape_R4_0_bitola,41.079262,21.350374,2427,170985.7
shape_R4_0_bitola,41.078345,21.350156,2428,171089.3
shape_R4_0_bitola,41.077120,21.349840,2429,171228.1
shape_R4_0_bitola,41.075227,21.349394,2430,171441.9
shape_R4_0_bitola,41.074727,21.349284,2431,171498.2
shape_R4_0_bitola,41.072902,21.348858,2432,171704.3
shape_R4_0_bitola,41.072728,21.348820,2433,171723.9
shape_R4_0_bitola,41.072441,21.348767,2434,171756.1
shape_R4_0_bitola,41.071622,21.348626,2435,171847.9
shape_R4_0_bitola,41.068981,21.347975,2436,172146.6
shape_R4_0_bitola,41.066569,21.347458,2437,172418.3
shape_R4_0_bitola,41.064817,21.347025,2438,172616.5
shape_R4_0_bitola,41.063853,21.346822,2439,172725.0
shape_R4_0_bitola,41.063246,21.346741,2440,172792.9
shape_R4_0_bitola,41.062921,21.346701,2441,172829.2
shape_R4_0_bitola,41.062487,21.346691,2442,172877.4
shape_R4_0_bitola,41.062185,21.346707,2443,172911.0
shape_R4_0_bitola,41.061878,21.346740,2444,172945.3
shape_R4_0_bitola,41.061482,21.346782,2445,172989.4
shape_R4_0_bitola,41.060705,21.346938,2446,173076.8
shape_R4_0_bitola,41.060260,21.347080,2447,173127.7
shape_R4_0_bitola,41.059892,21.347217,2448,173170.2
shape_R4_0_bitola,41.059616,21.347345,2449,173202.7
shape_R4_0_bitola,41.059136,21.347582,2450,173259.7
shape_R4_0_bitola,41.058177,21.348075,2451,173374.1
shape_R4_0_bitola,41.057499,21.348446,2452,173455.6
shape_R4_0_bitola,41.057380,21.348508,2453,173469.8
shape_R4_0_bitola,41.056320,21.349062,2454,173596.5
shape_R4_0_bitola,41.054785,21.349899,2455,173781.1
shape_R4_0_bitola,41.054290,21.350124,2456,173839.3
shape_R4_0_bitola,41.053861,21.350317,2457,173889.6
shape_R4_0_bitola,41.053307,21.350484,2458,173952.8
shape_R4_0_bitola,41.052894,21.350559,2459,173999.2
shape_R4_0_bitola,41.052283,21.350602,2460,174067.2
shape_R4_0_bitola,41.051474,21.350500,2461,174157.6
shape_R4_0_bitola,41.051393,21.350484,2462,174166.7
shape_R4_0_bitola,41.050843,21.350312,2463,174229.5
shape_R4_0_bitola,41.050231,21.350074,2464,174300.4
shape_R4_0_bitola,41.049315,21.349668,2465,174407.8
shape_R4_0_bitola,41.048685,21.349409,2466,174481.1
shape_R4_0_bitola,41.046797,21.348660,2467,174700.3
shape_R4_0_bitola,41.045936,21.348333,2468,174799.9
shape_R4_0_bitola,41.045305,21.348218,2469,174870.7
shape_R4_0_bitola,41.044900,21.348204,2470,174915.7
shape_R4_0_bitola,41.044491,21.348273,2471,174961.6
shape_R4_0_bitola,41.043977,21.348440,2472,175020.4
shape_R4_0_bitola,41.043342,21.348687,2473,175094.0
shape_R4_0_bitola,41.042921,21.348815,2474,175142.0
shape_R4_0_bitola,41.042590,21.348831,2475,175178.9
shape_R4_0_bitola,41.042153,21.348837,2476,175227.5
shape_R4_0_bitola,41.041760,21.348713,2477,175272.4
shape_R4_0_bitola,41.040354,21.348157,2478,175435.5
shape_R4_0_bitola,41.040003,21.348014,2479,175476.4
shape_R4_0_bitola,41.039248,21.347791,2480,175562.4
shape_R4_0_bitola,41.038835,21.347779,2481,175608.3
shape_R4_0_bitola,41.038404,21.347830,2482,175656.4
shape_R4_0_bitola,41.036937,21.348322,2483,175824.7
shape_R4_0_bitola,41.035246,21.348960,2484,176020.2
shape_R4_0_bitola,41.033708,21.349523,2485,176197.6
shape_R4_0_bitola,41.033283,21.349679,2486,176246.6
shape_R4_0_bitola,41.032818,21.349786,2487,176299.1
shape_R4_0_bitola,41.032478,21.349829,2488,176337.1
shape_R4_0_bitola,41.032167,21.349797,2489,176371.8
shape_R4_0_bitola,41.031855,21.349716,2490,176407.1
shape_R4_0_bitola,41.031527,21.349582,2491,176445.3
shape_R4_0_bitola,41.031207,21.349384,2492,176484.6
shape_R4_0_bitola,41.031037,21.349250,2493,176506.6
shape_R4_0_bitola,41.030969,21.349191,2494,176515.6
shape_R4_0_bitola,41.030532,21.348805,2495,176574.0
shape_R4_0_bitola,41.029867,21.348182,2496,176664.5
shape_R4_0_bitola,41.029389,21.347707,2497,176731.0
shape_R4_0_bitola,41.029184,21.347505,2498,176759.4
shape_R4_0_bitola,41.028874,21.347226,2499,176801.0
shape_R4_0_bitola,41.028364,21.346780,2500,176869.0
shape_R4_0_bitola,41.028091,21.346603,2501,176902.8
shape_R4_0_bitola,41.027776,21.346433,2502,176940.6
shape_R4_0_bitola,41.027712,21.346397,2503,176948.3
shape_R4_0_bitola,41.026473,21.345678,2504,177098.7
shape_R4_0_bitola,41.025808,21.345298,2505,177179.2
shape_R4_0_bitola,41.025536,21.345156,2506,177211.7
shape_R4_0_bitola,41.025248,21.344941,2507,177248.5
shape_R4_0_bitola,41.024437,21.344482,2508,177346.5
shape_R4_0_bitola,41.023545,21.343984,2509,177454.2
shape_R4_0_bitola,41.023003,21.343689,2510,177519.3
shape_R4_0_bitola,41.022587,21.343515,2511,177567.8
shape_R4_0_bitola,41.022031,21.343327,2512,177631.6
shape_R4_0_bitola,41.021647,21.343218,2513,177675.3
shape_R4_0_bitola,41.021286,21.343143,2514,177715.9
shape_R4_0_bitola,41.020333,21.343033,2515,177822.3
shape_R4_0_bitola,41.019866,21.343011,2516,177874.3
shape_R4_0_zabeni,41.990965,21.445845,1,0.0
shape_R4_0_zabeni,41.989697,21.444469,2,181.1
shape_R4_0_zabeni,41.989623,21.444390,3,191.6
shape_R4_0_zabeni,41.989525,21.444290,4,205.3
shape_R4_0_zabeni,41.989433,21.444195,5,218.2
shape_R4_0_zabeni,41.989275,21.444032,6,240.4
shape_R4_0_zabeni,41.989118,21.443869,7,262.4
shape_R4_0_zabeni,41.988854,21.443586,8,299.9
shape_R4_0_zabeni,41.988572,21.443281,9,340.2
shape_R4_0_zabeni,41.988403,21.443097,10,364.3
shape_R4_0_zabeni,41.988332,21.443012,11,374.9
shape_R4_0_zabeni,41.988297,21.442968,12,380.2
shape_R4_0_zabeni,41.988264,21.442922,13,385.5
shape_R4_0_zabeni,41.988195,21.442826,14,396.6
shape_R4_0_zabeni,41.988119,21.442720,15,408.7
shape_R4_0_zabeni,41.988090,21.442680,16,413.4
shape_R4_0_zabeni,41.988060,21.442640,17,418.1
shape_R4_0_zabeni,41.987998,21.442564,18,427.4
shape_R4_0_zabeni,41.987690,21.442219,19,471.9
shape_R4_0_zabeni,41.987591,21.442107,20,486.3
shape_R4_0_zabeni,41.987503,21.442015,21,498.7
shape_R4_0_zabeni,41.987435,21.441952,22,507.9
shape_R4_0_zabeni,41.987356,21.441880,23,518.5
shape_R4_0_zabeni,41.987307,21.441840,24,524.9
shape_R4_0_zabeni,41.987225,21.441775,25,535.5
shape_R4_0_zabeni,41.987149,21.441719,26,545.1
shape_R4_0_zabeni,41.987063,21.441662,27,555.8
shape_R4_0_zabeni,41.986926,21.441582,28,572.4
shape_R4_0_zabeni,41.986819,21.441524,29,585.2
shape_R4_0_zabeni,41.986671,21.441456,30,602.6
shape_R4_0_zabeni,41.986537,21.441411,31,617.9
shape_R4_0_zabeni,41.986395,21.441365,32,634.2
shape_R4_0_zabeni,41.986259,21.441332,33,649.6
shape_R4_0_zabeni,41.986137,21.441315,34,663.2
shape_R4_0_zabeni,41.986025,21.441305,35,675.7
shape_R4_0_zabeni,41.985911,21.441298,36,688.4
shape_R4_0_zabeni,41.985773,21.441303,37,703.7
shape_R4_0_zabeni,41.985622,21.441316,38,720.5
shape_R4_0_zabeni,41.985512,21.441333,39,732.8
shape_R4_0_zabeni,41.985361,21.441369,40,749.9
shape_R4_0_zabeni,41.985195,21.441421,41,768.9
shape_R4_0_zabeni,41.985036,21.441481,42,787.2
shape_R4_0_zabeni,41.984930,21.441529,43,799.6
shape_R4_0_zabeni,41.984766,21.441624,44,819.5
shape_R4_0_zabeni,41.984594,21.441740,45,840.9
shape_R4_0_zabeni,41.984488,21.441823,46,854.5
shape_R4_0_zabeni,41.984371,21.441918,47,869.7
shape_R4_0_zabeni,41.984246,21.442035,48,886.7
shape_R4_0_zabeni,41.983786,21.442536,49,952.5
shape_R4_0_zabeni,41.983574,21.442780,50,983.5
shape_R4_0_zabeni,41.983401,21.442984,51,1009.1
shape_R4_0_zabeni,41.983217,21.443227,52,1037.7
shape_R4_0_zabeni,41.983094,21.443393,53,1057.1
shape_R4_0_zabeni,41.982994,21.443542,54,1073.7
shape_R4_0_zabeni,41.982944,21.443623,55,1082.4
shape_R4_0_zabeni,41.982853,21.443778,56,1098.7
shape_R4_0_zabeni,41.982733,21.444001,57,1121.5
shape_R4_0_zabeni,41.982666,21.444133,58,1134.7
shape_R4_0_zabeni,41.982563,21.444343,59,1155.5
shape_R4_0_zabeni,41.982311,21.444933,60,1211.8
shape_R4_0_zabeni,41.981920,21.445774,61,1293.7
shape_R4_0_zabeni,41.981653,21.446357,62,1350.3
shape_R4_0_zabeni,41.981528,21.446630,63,1376.8
shape_R4_0_zabeni,41.981078,21.447593,64,1470.9
shape_R4_0_zabeni,41.980340,21.449183,65,1625.8
shape_R4_0_zabeni,41.980046,21.449824,66,1688.1
shape_R4_0_zabeni,41.979703,21.450555,67,1759.5
shape_R4_0_zabeni,41.979423,21.451152,68,1817.9
shape_R4_0_zabeni,41.979246,21.451528,69,1854.7
shape_R4_0_zabeni,41.978972,21.452129,70,1912.9
shape_R4_0_zabeni,41.978835,21.452412,71,1940.9
shape_R4_0_zabeni,41.978636,21.452851,72,1983.4
shape_R4_0_zabeni,41.978222,21.453736,73,2069.8
shape_R4_0_zabeni,41.977648,21.454968,74,2190.0
shape_R4_0_zabeni,41.977250,21.455833,75,2274.1
shape_R4_0_zabeni,41.976987,21.456400,76,2329.3
shape_R4_0_zabeni,41.976779,21.456850,77,2373.1
shape_R4_0_zabeni,41.976530,21.457424,78,2428.1
shape_R4_0_zabeni,41.976347,21.457875,79,2470.5
shape_R4_0_zabeni,41.976201,21.458241,80,2504.9
shape_R4_0_zabeni,41.976113,21.458475,81,2526.5
shape_R4_0_zabeni,41.975890,21.459075,82,2582.0
shape_R4_0_zabeni,41.975338,21.460576,83,2720.4
shape_R4_0_zabeni,41.975058,21.461368,84,2792.9
shape_R4_0_zabeni,41.974794,21.462083,85,2858.9
shape_R4_0_zabeni,41.974724,21.462273,86,2876.4
shape_R4_0_zabeni,41.974593,21.462630,87,2909.4
shape_R4_0_zabeni,41.974443,21.463053,88,2948.1
shape_R4_0_zabeni,41.974300,21.463439,89,2983.8
shape_R4_0_zabeni,41.974178,21.463769,90,3014.2
shape_R4_0_zabeni,41.974085,21.464013,91,3036.9
shape_R4_0_zabeni,41.973921,21.464432,92,3076.0
shape_R4_0_zabeni,41.973795,21.464731,93,3104.4
shape_R4_0_zabeni,41.973600,21.465184,94,3147.7
shape_R4_0_zabeni,41.973392,21.465649,95,3192.6
shape_R4_0_zabeni,41.973213,21.466032,96,3230.0
shape_R4_0_zabeni,41.971711,21.469245,97,3543.7
shape_R4_0_zabeni,41.971254,21.470236,98,3640.1
shape_R4_0_zabeni,41.970625,21.471580,99,3771.4
shape_R4_0_zabeni,41.970374,21.472132,100,3824.9
shape_R4_0_zabeni,41.969943,21.473059,101,3915.3
shape_R4_0_zabeni,41.969829,21.473301,102,3939.0
shape_R4_0_zabeni,41.969781,21.473399,103,3948.7
shape_R4_0_zabeni,41.968971,21.475139,104,4118.4
shape_R4_0_zabeni,41.968691,21.475754,105,4178.1
shape_R4_0_zabeni,41.968147,21.476947,106,4293.8
shape_R4_0_zabeni,41.967257,21.478881,107,4481.8
shape_R4_0_zabeni,41.965390,21.482882,108,4872.3
shape_R4_0_zabeni,41.964805,21.484137,109,4994.8
shape_R4_0_zabeni,41.964742,21.484275,110,5008.2
shape_R4_0_zabeni,41.964646,21.484476,111,5027.9
shape_R4_0_zabeni,41.963780,21.486332,112,5209.1
shape_R4_0_zabeni,41.959532,21.495469,113,6100.1
shape_R4_0_zabeni,41.959437,21.495673,114,6120.0
shape_R4_0_zabeni,41.959281,21.496009,115,6152.8
shape_R4_0_zabeni,41.956262,21.502474,116,6784.0
shape_R4_0_zabeni,41.951832,21.511959,117,7710.2
shape_R4_0_zabeni,41.949496,21.516962,118,8198.7
shape_R4_0_zabeni,41.946583,21.523198,119,8807.7
shape_R4_0_zabeni,41.944502,21.527681,120,9244.8
shape_R4_0_zabeni,41.944390,21.527912,121,9267.6
shape_R4_0_zabeni,41.944290,21.528106,122,9287.1
shape_R4_0_zabeni,41.944157,21.528353,123,9312.3
shape_R4_0_zabeni,41.944018,21.528618,124,9339.2
shape_R4_0_zabeni,41.943880,21.528865,125,9364.7
shape_R4_0_zabeni,41.943715,21.529134,126,9393.5
shape_R4_0_zabeni,41.943519,21.529439,127,9426.9
shape_R4_0_zabeni,41.942863,21.530469,128,9539.0
shape_R4_0_zabeni,41.942825,21.530530,129,9545.6
shape_R4_0_zabeni,41.942791,21.530586,130,9551.6
shape_R4_0_zabeni,41.942777,21.530609,131,9554.0
shape_R4_0_zabeni,41.942437,21.531139,132,9611.9
shape_R4_0_zabeni,41.942271,21.531390,133,9639.7
shape_R4_0_zabeni,41.940119,21.534741,134,10005.9
shape_R4_0_zabeni,41.939892,21.535094,135,10044.5
shape_R4_0_zabeni,41.939577,21.535584,136,10098.0
shape_R4_0_zabeni,41.939527,21.535663,137,10106.6
shape_R4_0_zabeni,41.937950,21.538118,138,10374.9
shape_R4_0_zabeni,41.937576,21.538698,139,10438.4
shape_R4_0_zabeni,41.937237,21.539227,140,10496.2
shape_R4_0_zabeni,41.937174,21.539325,141,10506.9
shape_R4_0_zabeni,41.937141,21.539377,142,10512.5
shape_R4_0_zabeni,41.937101,21.539439,143,10519.3
shape_R4_0_zabeni,41.937063,21.539504,144,10526.2
shape_R4_0_zabeni,41.936706,21.540059,145,10586.8
shape_R4_0_zabeni,41.931031,21.548878,146,11551.4
shape_R4_0_zabeni,41.930779,21.549270,147,11594.3
shape_R4_0_zabeni,41.930554,21.549644,148,11634.1
shape_R4_0_zabeni,41.930501,21.549742,149,11644.1
shape_R4_0_zabeni,41.930482,21.549775,150,11647.5
shape_R4_0_zabeni,41.930153,21.550357,151,11708.0
shape_R4_0_zabeni,41.925871,21.558297,152,12519.3
shape_R4_0_zabeni,41.923722,21.562289,153,12926.9
shape_R4_0_zabeni,41.923552,21.562580,154,12957.5
shape_R4_0_zabeni,41.923372,21.562889,155,12990.0
shape_R4_0_zabeni,41.923144,21.563241,156,13028.6
shape_R4_0_zabeni,41.922883,21.563616,157,13071.1
shape_R4_0_zabeni,41.922613,21.563978,158,13113.5
shape_R4_0_zabeni,41.922370,21.564262,159,13149.3
shape_R4_0_zabeni,41.922074,21.564605,160,13192.8
shape_R4_0_zabeni,41.920953,21.565789,161,13351.3
shape_R4_0_zabeni,41.920864,21.565883,162,13363.9
shape_R4_0_zabeni,41.919541,21.567280,163,13551.0
shape_R4_0_zabeni,41.919307,21.567545,164,13585.0
shape_R4_0_zabeni,41.919105,21.567787,165,13615.1
shape_R4_0_zabeni,41.918897,21.568055,166,13647.1
shape_R4_0_zabeni,41.918725,21.568312,167,13675.7
shape_R4_0_zabeni,41.918536,21.568588,168,13706.8
shape_R4_0_zabeni,41.918383,21.568852,169,13734.4
shape_R4_0_zabeni,41.918229,21.569107,170,13761.6
shape_R4_0_zabeni,41.918107,21.569355,171,13786.2
shape_R4_0_zabeni,41.918005,21.569557,172,13806.4
shape_R4_0_zabeni,41.917878,21.569841,173,13833.8
shape_R4_0_zabeni,41.917761,21.570140,174,13861.8
shape_R4_0_zabeni,41.917631,21.570519,175,13896.3
shape_R4_0_zabeni,41.917487,21.570981,176,13937.8
shape_R4_0_zabeni,41.917403,21.571274,177,13963.7
shape_R4_0_zabeni,41.917304,21.571664,178,13997.8
shape_R4_0_zabeni,41.917223,21.572005,179,14027.5
shape_R4_0_zabeni,41.916518,21.575009,180,14288.1
shape_R4_0_zabeni,41.916326,21.575696,181,14348.8
shape_R4_0_zabeni,41.916071,21.576383,182,14412.3
shape_R4_0_zabeni,41.915828,21.576915,183,14464.0
shape_R4_0_zabeni,41.915400,21.577713,184,14545.4
shape_R4_0_zabeni,41.914998,21.578357,185,14614.9
shape_R4_0_zabeni,41.914665,21.578872,186,14671.4
shape_R4_0_zabeni,41.914346,21.579515,187,14735.3
shape_R4_0_zabeni,41.914122,21.580159,188,14794.1
shape_R4_0_zabeni,41.913886,21.580975,189,14866.6
shape_R4_0_zabeni,41.913516,21.582090,190,14967.6
shape_R4_0_zabeni,41.913069,21.583421,191,15088.4
shape_R4_0_zabeni,41.912781,21.584176,192,15158.6
shape_R4_0_zabeni,41.912494,21.584863,193,15223.8
shape_R4_0_zabeni,41.912079,21.585670,194,15305.0
shape_R4_0_zabeni,41.911600,21.586528,195,15393.8
shape_R4_0_zabeni,41.911216,21.587215,196,15464.9
shape_R4_0_zabeni,41.910718,21.588124,197,15558.3
shape_R4_0_zabeni,41.910031,21.589388,198,15687.8
shape_R4_0_zabeni,41.909931,21.589574,199,15706.8
shape_R4_0_zabeni,41.909484,21.590364,200,15788.9
shape_R4_0_zabeni,41.909034,21.591128,201,15869.5
shape_R4_0_zabeni,41.908419,21.592073,202,15973.4
shape_R4_0_zabeni,41.907873,21.592967,203,16069.1
shape_R4_0_zabeni,41.907366,21.593748,204,16154.9
shape_R4_0_zabeni,41.907089,21.594175,205,16201.7
shape_R4_0_zabeni,41.906752,21.594703,206,16259.3
shape_R4_0_zabeni,41.906423,21.595241,207,16316.9
shape_R4_0_zabeni,41.906060,21.595905,208,16385.1
shape_R4_0_zabeni,41.905530,21.596958,209,16490.3
shape_R4_0_zabeni,41.905427,21.597198,210,16513.2
shape_R4_0_zabeni,41.905162,21.597766,211,16568.7
shape_R4_0_zabeni,41.904824,21.598383,212,16632.1
shape_R4_0_zabeni,41.904635,21.598748,213,16668.9
shape_R4_0_zabeni,41.904469,21.599057,214,16700.5
shape_R4_0_zabeni,41.904330,21.599314,215,16726.7
shape_R4_0_zabeni,41.904137,21.599624,216,16760.2
shape_R4_0_zabeni,41.903904,21.599981,217,16799.5
shape_R4_0_zabeni,41.903779,21.600178,218,16820.9
shape_R4_0_zabeni,41.901435,21.603431,219,17195.6
shape_R4_0_zabeni,41.901219,21.603736,220,17230.5
shape_R4_0_zabeni,41.900962,21.604070,221,17270.2
shape_R4_0_zabeni,41.900654,21.604417,222,17314.9
shape_R4_0_zabeni,41.900392,21.604662,223,17350.4
shape_R4_0_zabeni,41.900134,21.604857,224,17383.3
shape_R4_0_zabeni,41.900009,21.604943,225,17399.0
shape_R4_0_zabeni,41.899861,21.605030,226,17416.9
shape_R4_0_zabeni,41.899639,21.605142,227,17443.3
shape_R4_0_zabeni,41.899423,21.605224,228,17468.2
shape_R4_0_zabeni,41.899237,21.605282,229,17489.5
shape_R4_0_zabeni,41.898991,21.605346,230,17517.3
shape_R4_0_zabeni,41.898762,21.605378,231,17542.9
shape_R4_0_zabeni,41.898598,21.605380,232,17561.2
shape_R4_0_zabeni,41.898436,21.605385,233,17579.2
shape_R4_0_zabeni,41.898232,21.605378,234,17601.9
shape_R4_0_zabeni,41.898003,21.605349,235,17627.5
shape_R4_0_zabeni,41.897769,21.605298,236,17653.8
shape_R4_0_zabeni,41.897454,21.605187,237,17690.0
shape_R4_0_zabeni,41.897177,21.605060,238,17722.6
shape_R4_0_zabeni,41.896849,21.604858,239,17762.7
shape_R4_0_zabeni,41.896502,21.604592,240,17807.1
shape_R4_0_zabeni,41.896221,21.604316,241,17845.8
shape_R4_0_zabeni,41.895975,21.604016,242,17882.8
shape_R4_0_zabeni,41.895757,21.603704,243,17918.2
shape_R4_0_zabeni,41.895535,21.603315,244,17958.8
shape_R4_0_zabeni,41.895380,21.602991,245,17990.6
shape_R4_0_zabeni,41.895208,21.602576,246,18030.0
shape_R4_0_zabeni,41.895047,21.602134,247,18070.7
shape_R4_0_zabeni,41.893970,21.598965,248,18359.0
shape_R4_0_zabeni,41.893859,21.598651,249,18387.8
shape_R4_0_zabeni,41.893723,21.598184,250,18429.3
shape_R4_0_zabeni,41.893637,21.597828,251,18460.3
shape_R4_0_zabeni,41.893529,21.597247,252,18509.9
shape_R4_0_zabeni,41.893449,21.596491,253,18573.1
shape_R4_0_zabeni,41.893311,21.594475,254,18740.6
shape_R4_0_zabeni,41.893284,21.594020,255,18778.4
shape_R4_0_zabeni,41.893246,21.593561,256,18816.6
shape_R4_0_zabeni,41.893163,21.592921,257,18870.4
shape_R4_0_zabeni,41.893054,21.592331,258,18920.7
shape_R4_0_zabeni,41.892901,21.591754,259,18971.4
shape_R4_0_zabeni,41.892741,21.591293,260,19013.5
shape_R4_0_zabeni,41.892525,21.590802,261,19060.7
shape_R4_0_zabeni,41.892252,21.590319,262,19110.9
shape_R4_0_zabeni,41.892048,21.589992,263,19146.3
shape_R4_0_zabeni,41.891653,21.589504,264,19205.9
shape_R4_0_zabeni,41.891363,21.589209,265,19246.4
shape_R4_0_zabeni,41.891024,21.588908,266,19291.6
shape_R4_0_zabeni,41.890732,21.588688,267,19328.8
shape_R4_0_zabeni,41.890373,21.588487,268,19372.0
shape_R4_0_zabeni,41.890141,21.588389,269,19399.1
shape_R4_0_zabeni,41.889985,21.588324,270,19417.2
shape_R4_0_zabeni,41.889582,21.588190,271,19463.4
shape_R4_0_zabeni,41.887823,21.587782,272,19661.9
shape_R4_0_zabeni,41.887587,21.587744,273,19688.3
shape_R4_0_zabeni,41.887272,21.587704,274,19723.5
shape_R4_0_zabeni,41.886992,21.587688,275,19754.7
shape_R4_0_zabeni,41.886701,21.587701,276,19787.0
shape_R4_0_zabeni,41.886376,21.587749,277,19823.4
shape_R4_0_zabeni,41.886173,21.587798,278,19846.3
shape_R4_0_zabeni,41.886110,21.587814,279,19853.5
shape_R4_0_zabeni,41.885818,21.587932,280,19887.4
shape_R4_0_zabeni,41.885529,21.588090,281,19922.1
shape_R4_0_zabeni,41.885181,21.588324,282,19965.3
shape_R4_0_zabeni,41.884858,21.588592,283,20007.6
shape_R4_0_zabeni,41.884534,21.588940,284,20053.7
shape_R4_0_zabeni,41.884271,21.589270,285,20093.7
shape_R4_0_zabeni,41.884031,21.589678,286,20136.7
shape_R4_0_zabeni,41.883935,21.589863,287,20155.4
shape_R4_0_zabeni,41.883794,21.590172,288,20185.4
shape_R4_0_zabeni,41.883652,21.590542,289,20219.9
shape_R4_0_zabeni,41.882461,21.594497,290,20573.1
shape_R4_0_zabeni,41.882061,21.595385,291,20659.0
shape_R4_0_zabeni,41.881759,21.595914,292,20714.2
shape_R4_0_zabeni,41.881383,21.596341,293,20768.9
shape_R4_0_zabeni,41.881041,21.596727,294,20818.6
shape_R4_0_zabeni,41.880735,21.596933,295,20856.7
shape_R4_0_zabeni,41.880663,21.596981,296,20865.6
shape_R4_0_zabeni,41.880176,21.597237,297,20923.7
shape_R4_0_zabeni,41.879623,21.597403,298,20986.8
shape_R4_0_zabeni,41.879069,21.597451,299,21048.5
shape_R4_0_zabeni,41.878481,21.597411,300,21114.0
shape_R4_0_zabeni,41.877891,21.597387,301,21179.6
shape_R4_0_zabeni,41.877004,21.597344,302,21278.3
shape_R4_0_zabeni,41.876427,21.597432,303,21342.9
shape_R4_0_zabeni,41.875641,21.597798,304,21435.4
shape_R4_0_zabeni,41.875103,21.598253,305,21506.1
shape_R4_0_zabeni,41.874701,21.598758,306,21567.3
shape_R4_0_zabeni,41.874355,21.599417,307,21634.0
shape_R4_0_zabeni,41.874072,21.600205,308,21706.5
shape_R4_0_zabeni,41.873929,21.600746,309,21754.0
shape_R4_0_zabeni,41.873804,21.601226,310,21796.1
shape_R4_0_zabeni,41.873566,21.602177,311,21879.2
shape_R4_0_zabeni,41.873388,21.602716,312,21928.0
shape_R4_0_zabeni,41.873222,21.603115,313,21965.8
shape_R4_0_zabeni,41.873068,21.603439,314,21997.7
shape_R4_0_zabeni,41.872675,21.604218,315,22075.6
shape_R4_0_zabeni,41.872287,21.604978,316,22151.9
shape_R4_0_zabeni,41.871334,21.606841,317,22339.0
shape_R4_0_zabeni,41.871179,21.607224,318,22375.1
shape_R4_0_zabeni,41.871038,21.607619,319,22411.4
shape_R4_0_zabeni,41.870852,21.608367,320,22476.7
shape_R4_0_zabeni,41.870742,21.609024,321,22532.4
shape_R4_0_zabeni,41.870694,21.609820,322,22598.6
shape_R4_0_zabeni,41.870673,21.610366,323,22643.8
shape_R4_0_zabeni,41.870655,21.610819,324,22681.4
shape_R4_0_zabeni,41.870624,21.611747,325,22758.3
shape_R4_0_zabeni,41.870429,21.612696,326,22839.8
shape_R4_0_zabeni,41.870149,21.613490,327,22912.6
shape_R4_0_zabeni,41.869819,21.613961,328,22966.1
shape_R4_0_zabeni,41.869541,21.614241,329,23004.8
shape_R4_0_zabeni,41.869237,21.614507,330,23045.1
shape_R4_0_zabeni,41.868831,21.614765,331,23095.0
shape_R4_0_zabeni,41.868432,21.614903,332,23140.9
shape_R4_0_zabeni,41.868052,21.614977,333,23183.6
shape_R4_0_zabeni,41.867674,21.614964,334,23225.6
shape_R4_0_zabeni,41.867288,21.614890,335,23269.0
shape_R4_0_zabeni,41.866871,21.614772,336,23316.3
shape_R4_0_zabeni,41.866388,21.614634,337,23371.3
shape_R4_0_zabeni,41.865924,21.614525,338,23423.6
shape_R4_0_zabeni,41.865428,21.614494,339,23478.8
shape_R4_0_zabeni,41.864969,21.614580,340,23530.4
shape_R4_0_zabeni,41.864543,21.614727,341,23579.3
shape_R4_0_zabeni,41.864147,21.614954,342,23627.2
shape_R4_0_zabeni,41.863788,21.615234,343,23673.3
shape_R4_0_zabeni,41.863417,21.615636,344,23726.3
shape_R4_0_zabeni,41.863132,21.616055,345,23773.3
shape_R4_0_zabeni,41.862824,21.616553,346,23826.9
shape_R4_0_zabeni,41.862427,21.617273,347,23901.1
shape_R4_0_zabeni,41.862056,21.617888,348,23966.7
shape_R4_0_zabeni,41.861696,21.618306,349,24019.6
shape_R4_0_zabeni,41.861331,21.618670,350,24070.1
shape_R4_0_zabeni,41.860917,21.618912,351,24120.4
shape_R4_0_zabeni,41.860541,21.619087,352,24164.6
shape_R4_0_zabeni,41.860109,21.619210,353,24213.7
shape_R4_0_zabeni,41.859631,21.619249,354,24267.0
shape_R4_0_zabeni,41.859171,21.619209,355,24318.2
shape_R4_0_zabeni,41.858633,21.619120,356,24378.5
shape_R4_0_zabeni,41.857968,21.619023,357,24452.9
shape_R4_0_zabeni,41.857204,21.618876,358,24538.7
shape_R4_0_zabeni,41.856588,21.618773,359,24607.7
shape_R4_0_zabeni,41.856124,21.618734,360,24659.4
shape_R4_0_zabeni,41.855589,21.618709,361,24718.9
shape_R4_0_zabeni,41.855453,21.618715,362,24734.1
shape_R4_0_zabeni,41.854998,21.618736,363,24784.7
shape_R4_0_zabeni,41.854345,21.618876,364,24858.2
shape_R4_0_zabeni,41.853694,21.619145,365,24934.0
shape_R4_0_zabeni,41.853055,21.619488,366,25010.5
shape_R4_0_zabeni,41.852549,21.619885,367,25075.6
shape_R4_0_zabeni,41.852106,21.620313,368,25136.3
shape_R4_0_zabeni,41.851604,21.620917,369,25211.3
shape_R4_0_zabeni,41.850984,21.621728,370,25307.5
shape_R4_0_zabeni,41.850548,21.622335,371,25377.4
shape_R4_0_zabeni,41.848872,21.624244,372,25621.8
shape_R4_0_zabeni,41.848220,21.625000,373,25717.6
shape_R4_0_zabeni,41.847407,21.625943,374,25837.1
shape_R4_0_zabeni,41.845525,21.628111,375,26112.8
shape_R4_0_zabeni,41.844217,21.629638,376,26305.6
shape_R4_0_zabeni,41.844051,21.629840,377,26330.5
shape_R4_0_zabeni,41.843503,21.630507,378,26412.7
shape_R4_0_zabeni,41.843223,21.630857,379,26455.3
shape_R4_0_zabeni,41.843025,21.630989,380,26479.9
shape_R4_0_zabeni,41.841972,21.631669,381,26609.8
shape_R4_0_zabeni,41.841514,21.631864,382,26663.2
shape_R4_0_zabeni,41.841328,21.631872,383,26683.9
shape_R4_0_zabeni,41.841022,21.631773,384,26718.9
shape_R4_0_zabeni,41.840329,21.631563,385,26797.9
shape_R4_0_zabeni,41.839536,21.631328,386,26888.2
shape_R4_0_zabeni,41.839002,21.631255,387,26947.9
shape_R4_0_zabeni,41.838421,21.631378,388,27013.3
shape_R4_0_zabeni,41.837556,21.631949,389,27120.5
shape_R4_0_zabeni,41.836973,21.632538,390,27201.6
shape_R4_0_zabeni,41.836508,21.633064,391,27269.3
shape_R4_0_zabeni,41.836000,21.633790,392,27351.8
shape_R4_0_zabeni,41.835613,21.634506,393,27425.1
shape_R4_0_zabeni,41.835212,21.635347,394,27507.8
shape_R4_0_zabeni,41.834844,21.636625,395,27621.3
shape_R4_0_zabeni,41.834525,21.637367,396,27692.3
shape_R4_0_zabeni,41.834095,21.638068,397,27767.5
shape_R4_0_zabeni,41.833668,21.638624,398,27833.6
shape_R4_0_zabeni,41.833337,21.638972,399,27880.4
shape_R4_0_zabeni,41.832948,21.639333,400,27933.0
shape_R4_0_zabeni,41.832742,21.639556,401,27962.4
shape_R4_0_zabeni,41.832413,21.639816,402,28004.9
shape_R4_0_zabeni,41.832159,21.639986,403,28036.4
shape_R4_0_zabeni,41.831906,21.640128,404,28066.9
shape_R4_0_zabeni,41.830391,21.640681,405,28241.5
shape_R4_0_zabeni,41.829971,21.640871,406,28290.8
shape_R4_0_zabeni,41.829597,21.641135,407,28337.8
shape_R4_0_zabeni,41.829240,21.641464,408,28385.9
shape_R4_0_zabeni,41.828847,21.641886,409,28441.9
shape_R4_0_zabeni,41.828481,21.642388,410,28500.1
shape_R4_0_zabeni,41.828185,21.642752,411,28544.7
shape_R4_0_zabeni,41.827912,21.643199,412,28592.6
shape_R4_0_zabeni,41.827506,21.643926,413,28667.9
shape_R4_0_zabeni,41.826972,21.644780,414,28760.3
shape_R4_0_zabeni,41.826795,21.645141,415,28796.1
shape_R4_0_zabeni,41.826619,21.645573,416,28836.9
shape_R4_0_zabeni,41.826489,21.646112,417,28883.8
shape_R4_0_zabeni,41.826445,21.646745,418,28936.5
shape_R4_0_zabeni,41.826465,21.647257,419,28979.0
shape_R4_0_zabeni,41.826525,21.647743,420,29019.8
shape_R4_0_zabeni,41.826661,21.648274,421,29066.3
shape_R4_0_zabeni,41.826827,21.648655,422,29102.9
shape_R4_0_zabeni,41.827091,21.649097,423,29149.8
shape_R4_0_zabeni,41.827666,21.649915,424,29243.0
shape_R4_0_zabeni,41.827920,21.650328,425,29287.4
shape_R4_0_zabeni,41.828072,21.650669,426,29320.3
shape_R4_0_zabeni,41.828202,21.651074,427,29356.8
shape_R4_0_zabeni,41.828318,21.651554,428,29398.6
shape_R4_0_zabeni,41.828386,21.652023,429,29438.2
shape_R4_0_zabeni,41.828394,21.652597,430,29485.8
shape_R4_0_zabeni,41.828366,21.653155,431,29532.1
shape_R4_0_zabeni,41.828310,21.653641,432,29572.9
shape_R4_0_zabeni,41.828244,21.654108,433,29612.3
shape_R4_0_zabeni,41.828030,21.655296,434,29713.5
shape_R4_0_zabeni,41.827946,21.655873,435,29762.2
shape_R4_0_zabeni,41.827924,21.656353,436,29802.1
shape_R4_0_zabeni,41.827954,21.656830,437,29841.7
shape_R4_0_zabeni,41.828002,21.657315,438,29882.3
shape_R4_0_zabeni,41.828088,21.657742,439,29918.9
shape_R4_0_zabeni,41.828212,21.658123,440,29953.4
shape_R4_0_zabeni,41.828414,21.658517,441,29993.0
shape_R4_0_zabeni,41.828660,21.658852,442,30032.0
shape_R4_0_zabeni,41.828895,21.659105,443,30065.5
shape_R4_0_zabeni,41.829171,21.659335,444,30101.6
shape_R4_0_zabeni,41.830256,21.660038,445,30235.6
shape_R4_0_zabeni,41.830634,21.660317,446,30283.5
shape_R4_0_zabeni,41.830930,21.660647,447,30326.3
shape_R4_0_zabeni,41.831218,21.661063,448,30373.4
shape_R4_0_zabeni,41.831392,21.661398,449,30407.2
shape_R4_0_zabeni,41.831559,21.661843,450,30448.5
shape_R4_0_zabeni,41.831681,21.662355,451,30493.0
shape_R4_0_zabeni,41.831747,21.662860,452,30535.5
shape_R4_0_zabeni,41.831757,21.663407,453,30580.8
shape_R4_0_zabeni,41.831725,21.663962,454,30627.0
shape_R4_0_zabeni,41.831542,21.666304,455,30822.1
shape_R4_0_zabeni,41.831517,21.666886,456,30870.4
shape_R4_0_zabeni,41.831550,21.667484,457,30920.1
shape_R4_0_zabeni,41.831611,21.668055,458,30967.8
shape_R4_0_zabeni,41.831781,21.669152,459,31060.7
shape_R4_0_zabeni,41.831855,21.669793,460,31114.4
shape_R4_0_zabeni,41.831953,21.670370,461,31163.5
shape_R4_0_zabeni,41.832082,21.670786,462,31200.8
shape_R4_0_zabeni,41.832269,21.671279,463,31246.6
shape_R4_0_zabeni,41.832442,21.671699,464,31286.4
shape_R4_0_zabeni,41.832608,21.672080,465,31322.9
shape_R4_0_zabeni,41.832732,21.672407,466,31353.3
shape_R4_0_zabeni,41.832897,21.672945,467,31401.5
shape_R4_0_zabeni,41.832972,21.673375,468,31438.1
shape_R4_0_zabeni,41.833002,21.673891,469,31481.0
shape_R4_0_zabeni,41.832982,21.674444,470,31526.9
shape_R4_0_zabeni,41.832890,21.674952,471,31570.2
shape_R4_0_zabeni,41.832729,21.675500,472,31619.0
shape_R4_0_zabeni,41.832551,21.675888,473,31656.8
shape_R4_0_zabeni,41.832314,21.676270,474,31697.9
shape_R4_0_zabeni,41.832074,21.676535,475,31732.5
shape_R4_0_zabeni,41.831880,21.676720,476,31759.0
shape_R4_0_zabeni,41.831652,21.676906,477,31788.6
shape_R4_0_zabeni,41.831443,21.677074,478,31815.7
shape_R4_0_zabeni,41.831173,21.677292,479,31850.8
shape_R4_0_zabeni,41.830843,21.677560,480,31893.6
shape_R4_0_zabeni,41.830599,21.677809,481,31927.7
shape_R4_0_zabeni,41.830399,21.678040,482,31957.1
shape_R4_0_zabeni,41.829856,21.678729,483,32040.2
shape_R4_0_zabeni,41.829612,21.679046,484,32077.9
shape_R4_0_zabeni,41.829248,21.679424,485,32129.1
shape_R4_0_zabeni,41.828966,21.679636,486,32165.0
shape_R4_0_zabeni,41.828641,21.679797,487,32203.6
shape_R4_0_zabeni,41.828313,21.679893,488,32240.9
shape_R4_0_zabeni,41.827991,21.679942,489,32276.9
shape_R4_0_zabeni,41.827653,21.679942,490,32314.5
shape_R4_0_zabeni,41.827335,21.679869,491,32350.4
shape_R4_0_zabeni,41.827034,21.679762,492,32385.0
shape_R4_0_zabeni,41.826736,21.679599,493,32420.8
shape_R4_0_zabeni,41.826482,21.679400,494,32453.5
shape_R4_0_zabeni,41.826288,21.679212,495,32480.1
shape_R4_0_zabeni,41.826088,21.678960,496,32510.6
shape_R4_0_zabeni,41.825938,21.678732,497,32535.8
shape_R4_0_zabeni,41.825775,21.678461,498,32564.7
shape_R4_0_zabeni,41.824764,21.676608,499,32755.0
shape_R4_0_zabeni,41.824591,21.676292,500,32787.5
shape_R4_0_zabeni,41.824325,21.675795,501,32838.2
shape_R4_0_zabeni,41.824120,21.675460,502,32874.1
shape_R4_0_zabeni,41.823925,21.675157,503,32907.3
shape_R4_0_zabeni,41.823693,21.674869,504,32942.4
shape_R4_0_zabeni,41.823507,21.674642,505,32970.4
shape_R4_0_zabeni,41.823328,21.674430,506,32996.9
shape_R4_0_zabeni,41.823119,21.674194,507,33027.3
shape_R4_0_zabeni,41.822935,21.673998,508,33053.4
shape_R4_0_zabeni,41.822769,21.673849,509,33075.6
shape_R4_0_zabeni,41.822524,21.673634,510,33108.2
shape_R4_0_zabeni,41.822133,21.673342,511,33157.9
shape_R4_0_zabeni,41.821391,21.672680,512,33257.0
shape_R4_0_zabeni,41.821309,21.672614,513,33267.6
shape_R4_0_zabeni,41.821166,21.672490,514,33286.6
shape_R4_0_zabeni,41.820809,21.672218,515,33332.2
shape_R4_0_zabeni,41.820583,21.672016,516,33362.4
shape_R4_0_zabeni,41.820305,21.671788,517,33398.6
shape_R4_0_zabeni,41.819871,21.671337,518,33459.7
shape_R4_0_zabeni,41.819663,21.671134,519,33488.3
shape_R4_0_zabeni,41.819582,21.671059,520,33499.2
shape_R4_0_zabeni,41.819052,21.670475,521,33575.5
shape_R4_0_zabeni,41.818658,21.670111,522,33628.7
shape_R4_0_zabeni,41.818599,21.670048,523,33637.0
shape_R4_0_zabeni,41.818542,21.669987,524,33645.1
shape_R4_0_zabeni,41.818236,21.669681,525,33687.6
shape_R4_0_zabeni,41.818048,21.669507,526,33713.0
shape_R4_0_zabeni,41.817860,21.669350,527,33737.6
shape_R4_0_zabeni,41.817764,21.669279,528,33749.8
shape_R4_0_zabeni,41.817586,21.669160,529,33771.9
shape_R4_0_zabeni,41.817351,21.669056,530,33799.4
shape_R4_0_zabeni,41.817112,21.668934,531,33827.9
shape_R4_0_zabeni,41.816879,21.668843,532,33854.8
shape_R4_0_zabeni,41.816659,21.668780,533,33879.8
shape_R4_0_zabeni,41.816408,21.668725,534,33908.1
shape_R4_0_zabeni,41.816191,21.668691,535,33932.4
shape_R4_0_zabeni,41.815378,21.668583,536,34023.3
shape_R4_0_zabeni,41.815131,21.668558,537,34050.8
shape_R4_0_zabeni,41.814875,21.668543,538,34079.3
shape_R4_0_zabeni,41.814621,21.668554,539,34107.6
shape_R4_0_zabeni,41.814393,21.668585,540,34133.0
shape_R4_0_zabeni,41.814179,21.668632,541,34157.2
shape_R4_0_zabeni,41.814089,21.668657,542,34167.4
shape_R4_0_zabeni,41.813889,21.668726,543,34190.3
shape_R4_0_zabeni,41.813600,21.668852,544,34224.1
shape_R4_0_zabeni,41.813245,21.669073,545,34267.6
shape_R4_0_zabeni,41.810208,21.671052,546,34643.1
shape_R4_0_zabeni,41.808704,21.672122,547,34832.4
shape_R4_0_zabeni,41.807928,21.672953,548,34942.8
shape_R4_0_zabeni,41.807507,21.673531,549,35009.7
shape_R4_0_zabeni,41.807072,21.674183,550,35082.3
shape_R4_0_zabeni,41.806688,21.674758,551,35146.3
shape_R4_0_zabeni,41.806291,21.675213,552,35204.3
shape_R4_0_zabeni,41.805811,21.675728,553,35272.7
shape_R4_0_zabeni,41.805332,21.676175,554,35337.5
shape_R4_0_zabeni,41.804833,21.676604,555,35403.4
shape_R4_0_zabeni,41.804404,21.677050,556,35463.8
shape_R4_0_zabeni,41.804078,21.677661,557,35526.1
shape_R4_0_zabeni,41.803874,21.678112,558,35569.8
shape_R4_0_zabeni,41.803685,21.678603,559,35615.6
shape_R4_0_zabeni,41.803533,21.679184,560,35666.6
shape_R4_0_zabeni,41.803369,21.679908,561,35729.4
shape_R4_0_zabeni,41.803061,21.681673,562,35879.6
shape_R4_0_zabeni,41.803027,21.681869,563,35896.3
shape_R4_0_zabeni,41.801572,21.690206,564,36606.0
shape_R4_0_zabeni,41.801432,21.690819,565,36659.2
shape_R4_0_zabeni,41.801229,21.691423,566,36714.1
shape_R4_0_zabeni,41.801027,21.691839,567,36755.3
shape_R4_0_zabeni,41.800702,21.692334,568,36809.9
shape_R4_0_zabeni,41.800334,21.692733,569,36862.6
shape_R4_0_zabeni,41.799923,21.693056,570,36915.5
shape_R4_0_zabeni,41.799483,21.693261,571,36967.3
shape_R4_0_zabeni,41.798935,21.693427,572,37029.8
shape_R4_0_zabeni,41.797856,21.693567,573,37150.3
shape_R4_0_zabeni,41.797069,21.693727,574,37238.8
shape_R4_0_zabeni,41.796510,21.693950,575,37303.7
shape_R4_0_zabeni,41.795938,21.694278,576,37372.9
shape_R4_0_zabeni,41.793911,21.695469,577,37618.9
shape_R4_0_zabeni,41.793411,21.695856,578,37683.1
shape_R4_0_zabeni,41.793072,21.696199,579,37730.3
shape_R4_0_zabeni,41.792598,21.696817,580,37803.8
shape_R4_0_zabeni,41.792023,21.697675,581,37899.5
shape_R4_0_zabeni,41.791666,21.698294,582,37964.4
shape_R4_0_zabeni,41.791560,21.698479,583,37983.7
shape_R4_0_zabeni,41.791398,21.698759,584,38013.1
shape_R4_0_zabeni,41.791224,21.699030,585,38042.7
shape_R4_0_zabeni,41.791035,21.699294,586,38073.1
shape_R4_0_zabeni,41.790761,21.699654,587,38115.7
shape_R4_0_zabeni,41.790503,21.699983,588,38155.3
shape_R4_0_zabeni,41.790283,21.700230,589,38187.2
shape_R4_0_zabeni,41.789989,21.700521,590,38227.8
shape_R4_0_zabeni,41.789646,21.700831,591,38273.8
shape_R4_0_zabeni,41.789379,21.701037,592,38308.1
shape_R4_0_zabeni,41.789181,21.701175,593,38332.9
shape_R4_0_zabeni,41.788808,21.701385,594,38377.9
shape_R4_0_zabeni,41.788574,21.701510,595,38405.9
shape_R4_0_zabeni,41.788381,21.701607,596,38428.8
shape_R4_0_zabeni,41.788312,21.701642,597,38437.0
shape_R4_0_zabeni,41.788047,21.701777,598,38468.5
shape_R4_0_zabeni,41.787630,21.701988,599,38518.1
shape_R4_0_zabeni,41.787283,21.702156,600,38559.1
shape_R4_0_zabeni,41.787025,21.702266,601,38589.2
shape_R4_0_zabeni,41.786671,21.702403,602,38630.2
shape_R4_0_zabeni,41.786392,21.702496,603,38662.1
shape_R4_0_zabeni,41.786154,21.702574,604,38689.4
shape_R4_0_zabeni,41.785806,21.702670,605,38728.9
shape_R4_0_zabeni,41.785554,21.702748,606,38757.7
shape_R4_0_zabeni,41.785284,21.702833,607,38788.5
shape_R4_0_zabeni,41.784267,21.703133,608,38904.3
shape_R4_0_zabeni,41.784031,21.703215,609,38931.4
shape_R4_0_zabeni,41.783644,21.703395,610,38976.9
shape_R4_0_zabeni,41.783545,21.703447,611,38988.8
shape_R4_0_zabeni,41.783293,21.703601,612,39019.5
shape_R4_0_zabeni,41.783060,21.703776,613,39049.2
shape_R4_0_zabeni,41.782790,21.703999,614,39084.5
shape_R4_0_zabeni,41.782543,21.704220,615,39117.5
shape_R4_0_zabeni,41.782307,21.704468,616,39150.9
shape_R4_0_zabeni,41.781839,21.705085,617,39223.8
shape_R4_0_zabeni,41.781477,21.705656,618,39286.0
shape_R4_0_zabeni,41.781198,21.706230,619,39342.8
shape_R4_0_zabeni,41.780938,21.706871,620,39403.3
shape_R4_0_zabeni,41.780846,21.707194,621,39432.0
shape_R4_0_zabeni,41.780731,21.707617,622,39469.3
shape_R4_0_zabeni,41.780651,21.707989,623,39501.4
shape_R4_0_zabeni,41.780613,21.708321,624,39529.3
shape_R4_0_zabeni,41.780607,21.708428,625,39538.1
shape_R4_0_zabeni,41.780598,21.708614,626,39553.6
shape_R4_0_zabeni,41.780601,21.708867,627,39574.6
shape_R4_0_zabeni,41.780627,21.709286,628,39609.4
shape_R4_0_zabeni,41.780698,21.709796,629,39652.5
shape_R4_0_zabeni,41.780792,21.710350,630,39699.6
shape_R4_0_zabeni,41.780904,21.710911,631,39747.7
shape_R4_0_zabeni,41.781002,21.711429,632,39792.0
shape_R4_0_zabeni,41.781058,21.711722,633,39817.1
shape_R4_0_zabeni,41.781099,21.712169,634,39854.5
shape_R4_0_zabeni,41.781108,21.712616,635,39891.5
shape_R4_0_zabeni,41.781052,21.712936,636,39918.8
shape_R4_0_zabeni,41.780943,21.713343,637,39954.7
shape_R4_0_zabeni,41.780828,21.713652,638,39983.3
shape_R4_0_zabeni,41.780675,21.713984,639,40015.7
shape_R4_0_zabeni,41.780492,21.714280,640,40047.5
shape_R4_0_zabeni,41.780300,21.714526,641,40077.1
shape_R4_0_zabeni,41.780052,21.714806,642,40113.1
shape_R4_0_zabeni,41.779802,21.715055,643,40147.7
shape_R4_0_zabeni,41.779598,21.715281,644,40177.2
shape_R4_0_zabeni,41.779321,21.715597,645,40217.6
shape_R4_0_zabeni,41.779179,21.715811,646,40241.4
shape_R4_0_zabeni,41.779070,21.715993,647,40260.7
shape_R4_0_zabeni,41.778946,21.716242,648,40285.5
shape_R4_0_zabeni,41.778737,21.716590,649,40322.6
shape_R4_0_zabeni,41.778510,21.716934,650,40360.7
shape_R4_0_zabeni,41.778236,21.717294,651,40403.3
shape_R4_0_zabeni,41.777941,21.717586,652,40444.1
shape_R4_0_zabeni,41.777543,21.717978,653,40499.0
shape_R4_0_zabeni,41.776877,21.718791,654,40599.2
shape_R4_0_zabeni,41.774542,21.722590,655,41007.4
shape_R4_0_zabeni,41.773959,21.723116,656,41085.5
shape_R4_0_zabeni,41.772724,21.723896,657,41237.3
shape_R4_0_zabeni,41.771910,21.724617,658,41345.8
shape_R4_0_zabeni,41.771383,21.725311,659,41427.9
shape_R4_0_zabeni,41.770745,21.726327,660,41538.1
shape_R4_0_zabeni,41.770242,21.727052,661,41620.2
shape_R4_0_zabeni,41.769799,21.728079,662,41718.6
shape_R4_0_zabeni,41.769517,21.729066,663,41806.3
shape_R4_0_zabeni,41.769365,21.729989,664,41884.6
shape_R4_0_zabeni,41.769359,21.730912,665,41961.2
shape_R4_0_zabeni,41.769869,21.733107,666,42151.9
shape_R4_0_zabeni,41.769851,21.733899,667,42217.6
shape_R4_0_zabeni,41.769251,21.736461,668,42440.3
shape_R4_0_zabeni,41.768843,21.737278,669,42521.8
shape_R4_0_zabeni,41.768219,21.737915,670,42609.0
shape_R4_0_zabeni,41.767801,21.738133,671,42658.9
shape_R4_0_zabeni,41.767213,21.738299,672,42725.7
shape_R4_0_zabeni,41.766428,21.738115,673,42814.3
shape_R4_0_zabeni,41.765144,21.737413,674,42968.5
shape_R4_0_zabeni,41.764151,21.736857,675,43088.2
shape_R4_0_zabeni,41.763726,21.736760,676,43136.1
shape_R4_0_zabeni,41.763217,21.736788,677,43192.8
shape_R4_0_zabeni,41.762510,21.736906,678,43272.0
shape_R4_0_zabeni,41.757144,21.739400,679,43903.5
shape_R4_0_zabeni,41.753425,21.741703,680,44359.0
shape_R4_0_zabeni,41.752572,21.742584,681,44478.8
shape_R4_0_zabeni,41.752141,21.743102,682,44543.1
shape_R4_0_zabeni,41.751805,21.743672,683,44603.4
shape_R4_0_zabeni,41.751007,21.745010,684,44745.5
shape_R4_0_zabeni,41.749185,21.748134,685,45074.4
shape_R4_0_zabeni,41.748699,21.749009,686,45164.9
shape_R4_0_zabeni,41.748100,21.750614,687,45313.8
shape_R4_0_zabeni,41.747791,21.751410,688,45388.3
shape_R4_0_zabeni,41.747353,21.752251,689,45473.4
shape_R4_0_zabeni,41.747012,21.752806,690,45533.0
shape_R4_0_zabeni,41.746547,21.753320,691,45600.0
shape_R4_0_zabeni,41.743661,21.755654,692,45974.8
shape_R4_0_zabeni,41.742316,21.756742,693,46149.5
shape_R4_0_zabeni,41.740744,21.757976,694,46352.1
shape_R4_0_zabeni,41.740292,21.758271,695,46408.0
shape_R4_0_zabeni,41.739718,21.758526,696,46475.2
shape_R4_0_zabeni,41.739118,21.758671,697,46543.0
shape_R4_0_zabeni,41.738476,21.758792,698,46615.1
shape_R4_0_zabeni,41.738002,21.758928,699,46669.0
shape_R4_0_zabeni,41.737696,21.759078,700,46705.2
shape_R4_0_zabeni,41.737244,21.759429,701,46763.3
shape_R4_0_zabeni,41.736951,21.759734,702,46804.6
shape_R4_0_zabeni,41.736517,21.760279,703,46870.7
shape_R4_0_zabeni,41.735528,21.761450,704,47017.5
shape_R4_0_zabeni,41.734852,21.762225,705,47116.4
shape_R4_0_zabeni,41.732990,21.764252,706,47383.1
shape_R4_0_zabeni,41.732395,21.764851,707,47465.9
shape_R4_0_zabeni,41.731796,21.765349,708,47544.3
shape_R4_0_zabeni,41.731293,21.765683,709,47606.7
shape_R4_0_zabeni,41.730531,21.766118,710,47698.8
shape_R4_0_zabeni,41.729246,21.766837,711,47853.6
shape_R4_0_zabeni,41.728824,21.767079,712,47904.7
shape_R4_0_zabeni,41.728466,21.767285,713,47948.0
shape_R4_0_zabeni,41.728036,21.767514,714,47999.5
shape_R4_0_zabeni,41.727283,21.767947,715,48090.6
shape_R4_0_zabeni,41.726533,21.768364,716,48180.9
shape_R4_0_zabeni,41.725719,21.768823,717,48279.1
shape_R4_0_zabeni,41.724035,21.769774,718,48482.3
shape_R4_0_zabeni,41.723760,21.769929,719,48515.5
shape_R4_0_zabeni,41.722205,21.770806,720,48703.1
shape_R4_0_zabeni,41.721554,21.771168,721,48781.4
shape_R4_0_zabeni,41.721172,21.771381,722,48827.4
shape_R4_0_zabeni,41.720910,21.771526,723,48859.0
shape_R4_0_zabeni,41.720608,21.771633,724,48893.7
shape_R4_0_zabeni,41.720526,21.771670,725,48903.3
shape_R4_0_zabeni,41.720309,21.771761,726,48928.6
shape_R4_0_zabeni,41.720199,21.771806,727,48941.4
shape_R4_0_zabeni,41.720115,21.771838,728,48951.1
shape_R4_0_zabeni,41.720048,21.771861,729,48958.8
shape_R4_0_zabeni,41.719962,21.771888,730,48968.6
shape_R4_0_zabeni,41.719879,21.771909,731,48978.0
shape_R4_0_zabeni,41.719804,21.771927,732,48986.5
shape_R4_0_zabeni,41.719749,21.771934,733,48992.6
shape_R4_0_zabeni,41.719544,21.771954,734,49015.5
shape_R4_0_zabeni,41.719367,21.771952,735,49035.2
shape_R4_0_zabeni,41.719223,21.771937,736,49051.2
shape_R4_0_zabeni,41.719171,21.771931,737,49057.0
shape_R4_0_zabeni,41.719094,21.771916,738,49065.7
shape_R4_0_zabeni,41.718995,21.771892,739,49076.9
shape_R4_0_zabeni,41.718926,21.771870,740,49084.7
shape_R4_0_zabeni,41.718850,21.771845,741,49093.4
shape_R4_0_zabeni,41.718664,21.771764,742,49115.2
shape_R4_0_zabeni,41.718549,21.771700,743,49129.0
shape_R4_0_zabeni,41.718415,21.771618,744,49145.4
shape_R4_0_zabeni,41.718295,21.771525,745,49160.8
shape_R4_0_zabeni,41.718133,21.771381,746,49182.5
shape_R4_0_zabeni,41.717999,21.771239,747,49201.5
shape_R4_0_zabeni,41.717895,21.771113,748,49217.0
shape_R4_0_zabeni,41.717794,21.770969,749,49233.4
shape_R4_0_zabeni,41.717719,21.770861,750,49245.7
shape_R4_0_zabeni,41.717656,21.770751,751,49257.2
shape_R4_0_zabeni,41.717532,21.770502,752,49282.0
shape_R4_0_zabeni,41.717416,21.770197,753,49310.5
shape_R4_0_zabeni,41.717324,21.769898,754,49337.3
shape_R4_0_zabeni,41.717271,21.769658,755,49358.1
shape_R4_0_zabeni,41.717246,21.769470,756,49373.9
shape_R4_0_zabeni,41.717228,21.769293,757,49388.7
shape_R4_0_zabeni,41.717216,21.769108,758,49404.2
shape_R4_0_zabeni,41.717218,21.768822,759,49427.9
shape_R4_0_zabeni,41.717227,21.768649,760,49442.3
shape_R4_0_zabeni,41.717248,21.768449,761,49459.1
shape_R4_0_zabeni,41.717266,21.768324,762,49469.6
shape_R4_0_zabeni,41.717338,21.767916,763,49504.4
shape_R4_0_zabeni,41.717507,21.767425,764,49549.3
shape_R4_0_zabeni,41.717640,21.767218,765,49572.0
shape_R4_0_zabeni,41.717706,21.767116,766,49583.2
shape_R4_0_zabeni,41.717910,21.766823,767,49616.4
shape_R4_0_zabeni,41.718381,21.766335,768,49682.6
shape_R4_0_zabeni,41.719548,21.765633,769,49824.9
shape_R4_0_zabeni,41.722504,21.763856,770,50185.1
shape_R4_0_zabeni,41.722927,21.763540,771,50239.0
shape_R4_0_zabeni,41.723277,21.763136,772,50290.4
shape_R4_0_zabeni,41.723575,21.762607,773,50345.4
shape_R4_0_zabeni,41.723779,21.762167,774,50388.4
shape_R4_0_zabeni,41.723951,21.761651,775,50435.3
shape_R4_0_zabeni,41.724063,21.760759,776,50510.3
shape_R4_0_zabeni,41.724058,21.759955,777,50577.1
shape_R4_0_zabeni,41.723901,21.759146,778,50646.4
shape_R4_0_zabeni,41.723638,21.758440,779,50711.9
shape_R4_0_zabeni,41.723328,21.757936,780,50766.1
shape_R4_0_zabeni,41.723069,21.757640,781,50804.0
shape_R4_0_zabeni,41.722596,21.757256,782,50865.5
shape_R4_0_zabeni,41.721951,21.756973,783,50940.9
shape_R4_0_zabeni,41.720935,21.756864,784,51054.3
shape_R4_0_zabeni,41.716723,21.756612,785,51523.1
shape_R4_0_zabeni,41.715841,21.756714,786,51621.5
shape_R4_0_zabeni,41.714927,21.757019,787,51726.3
shape_R4_0_zabeni,41.714568,21.757235,788,51770.0
shape_R4_0_zabeni,41.714111,21.757553,789,51827.3
shape_R4_0_zabeni,41.713766,21.757899,790,51875.2
shape_R4_0_zabeni,41.713548,21.758117,791,51905.5
shape_R4_0_zabeni,41.713361,21.758360,792,51934.4
shape_R4_0_zabeni,41.713182,21.758606,793,51962.9
shape_R4_0_zabeni,41.713022,21.758840,794,51989.3
shape_R4_0_zabeni,41.712875,21.759085,795,52015.4
shape_R4_0_zabeni,41.712056,21.760648,796,52173.9
shape_R4_0_zabeni,41.711924,21.760889,797,52198.7
shape_R4_0_zabeni,41.711801,21.761102,798,52221.0
shape_R4_0_zabeni,41.711612,21.761357,799,52250.9
shape_R4_0_zabeni,41.711450,21.761554,800,52275.2
shape_R4_0_zabeni,41.711262,21.761733,801,52300.8
shape_R4_0_zabeni,41.711052,21.761905,802,52328.2
shape_R4_0_zabeni,41.710861,21.762024,803,52351.6
shape_R4_0_zabeni,41.710686,21.762122,804,52372.7
shape_R4_0_zabeni,41.710420,21.762231,805,52403.7
shape_R4_0_zabeni,41.710188,21.762287,806,52429.9
shape_R4_0_zabeni,41.709980,21.762313,807,52453.1
shape_R4_0_zabeni,41.709716,21.762324,808,52482.5
shape_R4_0_zabeni,41.709475,21.762296,809,52509.4
shape_R4_0_zabeni,41.709260,21.762240,810,52533.7
shape_R4_0_zabeni,41.709033,21.762158,811,52559.9
shape_R4_0_zabeni,41.708855,21.762073,812,52580.9
shape_R4_0_zabeni,41.708677,21.761968,813,52602.5
shape_R4_0_zabeni,41.707718,21.761294,814,52722.9
shape_R4_0_zabeni,41.700520,21.756020,815,53635.2
shape_R4_0_zabeni,41.699976,21.755663,816,53702.6
shape_R4_0_zabeni,41.699823,21.755557,817,53721.8
shape_R4_0_zabeni,41.699795,21.755530,818,53725.6
shape_R4_0_zabeni,41.699631,21.755381,819,53747.6
shape_R4_0_zabeni,41.699477,21.755249,820,53768.0
shape_R4_0_zabeni,41.699333,21.755101,821,53788.1
shape_R4_0_zabeni,41.699175,21.754911,822,53811.8
shape_R4_0_zabeni,41.698773,21.754387,823,53874.1
shape_R4_0_zabeni,41.698692,21.754282,824,53886.7
shape_R4_0_zabeni,41.698552,21.754101,825,53908.3
shape_R4_0_zabeni,41.698388,21.753898,826,53933.1
shape_R4_0_zabeni,41.697829,21.753187,827,54018.9
shape_R4_0_zabeni,41.697727,21.753057,828,54034.5
shape_R4_0_zabeni,41.697211,21.752460,829,54110.3
shape_R4_0_zabeni,41.697002,21.752258,830,54139.0
shape_R4_0_zabeni,41.696767,21.752077,831,54169.1
shape_R4_0_zabeni,41.696530,21.751917,832,54198.6
shape_R4_0_zabeni,41.696294,21.751790,833,54226.9
shape_R4_0_zabeni,41.695962,21.751637,834,54266.0
shape_R4_0_zabeni,41.695434,21.751397,835,54328.0
shape_R4_0_zabeni,41.688553,21.748382,836,55133.0
shape_R4_0_zabeni,41.688132,21.748181,837,55182.7
shape_R4_0_zabeni,41.687721,21.747936,838,55232.7
shape_R4_0_zabeni,41.687325,21.747656,839,55282.5
shape_R4_0_zabeni,41.686254,21.746748,840,55423.5
shape_R4_0_zabeni,41.685909,21.746467,841,55468.4
shape_R4_0_zabeni,41.685595,21.746292,842,55506.2
shape_R4_0_zabeni,41.685255,21.746158,843,55545.6
shape_R4_0_zabeni,41.685112,21.746116,844,55561.9
shape_R4_0_zabeni,41.684822,21.746067,845,55594.4
shape_R4_0_zabeni,41.684464,21.746057,846,55634.2
shape_R4_0_zabeni,41.683903,21.746079,847,55696.6
shape_R4_0_zabeni,41.683788,21.746078,848,55709.4
shape_R4_0_zabeni,41.683635,21.746080,849,55726.4
shape_R4_0_zabeni,41.683312,21.746066,850,55762.4
shape_R4_0_zabeni,41.683048,21.746032,851,55791.9
shape_R4_0_zabeni,41.682801,21.745958,852,55820.0
shape_R4_0_zabeni,41.682512,21.745840,853,55853.6
shape_R4_0_zabeni,41.682299,21.745742,854,55878.6
shape_R4_0_zabeni,41.682107,21.745663,855,55901.0
shape_R4_0_zabeni,41.681631,21.745457,856,55956.6
shape_R4_0_zabeni,41.679093,21.744332,857,56253.9
shape_R4_0_zabeni,41.676369,21.743050,858,56574.9
shape_R4_0_zabeni,41.675669,21.742722,859,56657.4
shape_R4_0_zabeni,41.675525,21.742635,860,56675.0
shape_R4_0_zabeni,41.675428,21.742572,861,56687.0
shape_R4_0_zabeni,41.675213,21.742393,862,56715.1
shape_R4_0_zabeni,41.675057,21.742258,863,56735.8
shape_R4_0_zabeni,41.674824,21.741977,864,56770.6
shape_R4_0_zabeni,41.674668,21.741778,865,56794.6
shape_R4_0_zabeni,41.674491,21.741519,866,56823.7
shape_R4_0_zabeni,41.673839,21.740514,867,56934.3
shape_R4_0_zabeni,41.673276,21.739647,868,57029.7
shape_R4_0_zabeni,41.672092,21.737900,869,57225.7
shape_R4_0_zabeni,41.671564,21.737090,870,57314.9
shape_R4_0_zabeni,41.671287,21.736671,871,57361.4
shape_R4_0_zabeni,41.671009,21.736192,872,57411.8
shape_R4_0_zabeni,41.670788,21.735722,873,57457.9
shape_R4_0_zabeni,41.670631,21.735322,874,57495.5
shape_R4_0_zabeni,41.670519,21.734980,875,57526.5
shape_R4_0_zabeni,41.670492,21.734849,876,57537.8
shape_R4_0_zabeni,41.670389,21.734322,877,57583.0
shape_R4_0_zabeni,41.670365,21.734189,878,57594.4
shape_R4_0_zabeni,41.670291,21.733768,879,57630.3
shape_R4_0_zabeni,41.670147,21.732863,880,57707.2
shape_R4_0_zabeni,41.670063,21.732294,881,57755.3
shape_R4_0_zabeni,41.670011,21.731882,882,57790.0
shape_R4_0_zabeni,41.669931,21.731408,883,57830.4
shape_R4_0_zabeni,41.669845,21.731052,884,57861.5
shape_R4_0_zabeni,41.669781,21.730840,885,57880.5
shape_R4_0_zabeni,41.669657,21.730583,886,57905.9
shape_R4_0_zabeni,41.669477,21.730251,887,57940.0
shape_R4_0_zabeni,41.669267,21.730002,888,57971.2
shape_R4_0_zabeni,41.669064,21.729796,889,57999.5
shape_R4_0_zabeni,41.668907,21.729654,890,58020.5
shape_R4_0_zabeni,41.668774,21.729543,891,58038.0
shape_R4_0_zabeni,41.668565,21.729401,892,58064.0
shape_R4_0_zabeni,41.668275,21.729231,893,58099.2
shape_R4_0_zabeni,41.668003,21.729116,894,58131.0
shape_R4_0_zabeni,41.667649,21.729029,895,58171.0
shape_R4_0_zabeni,41.666359,21.728890,896,58314.9
shape_R4_0_zabeni,41.665726,21.728693,897,58387.1
shape_R4_0_zabeni,41.665278,21.728429,898,58441.6
shape_R4_0_zabeni,41.664747,21.727967,899,58512.0
shape_R4_0_zabeni,41.664203,21.727084,900,58607.1
shape_R4_0_zabeni,41.662556,21.723692,901,58943.1
shape_R4_0_zabeni,41.661890,21.722091,902,59095.4
shape_R4_0_zabeni,41.661667,21.720923,903,59195.5
shape_R4_0_zabeni,41.661631,21.719667,904,59299.9
shape_R4_0_zabeni,41.661684,21.717863,905,59449.9
shape_R4_0_zabeni,41.661913,21.716820,906,59540.2
shape_R4_0_zabeni,41.662277,21.716009,907,59618.8
shape_R4_0_zabeni,41.662938,21.714751,908,59746.6
shape_R4_0_zabeni,41.663124,21.714291,909,59790.0
shape_R4_0_zabeni,41.664024,21.710542,910,60117.1
shape_R4_0_zabeni,41.664048,21.709539,911,60200.5
shape_R4_0_zabeni,41.663939,21.708462,912,60290.8
shape_R4_0_zabeni,41.663884,21.707874,913,60340.0
shape_R4_0_zabeni,41.663913,21.707358,914,60383.0
shape_R4_0_zabeni,41.664005,21.706454,915,60458.8
shape_R4_0_zabeni,41.664176,21.705471,916,60542.6
shape_R4_0_zabeni,41.664220,21.705214,917,60564.5
shape_R4_0_zabeni,41.664248,21.704968,918,60585.2
shape_R4_0_zabeni,41.664260,21.704732,919,60604.8
shape_R4_0_zabeni,41.664262,21.704429,920,60630.0
shape_R4_0_zabeni,41.664217,21.703895,921,60674.6
shape_R4_0_zabeni,41.664112,21.703394,922,60717.9
shape_R4_0_zabeni,41.663842,21.702720,923,60781.4
shape_R4_0_zabeni,41.663565,21.702194,924,60834.8
shape_R4_0_zabeni,41.663207,21.701790,925,60886.9
shape_R4_0_zabeni,41.662774,21.701494,926,60941.0
shape_R4_0_zabeni,41.662286,21.701116,927,61003.7
shape_R4_0_zabeni,41.661661,21.700672,928,61082.4
shape_R4_0_zabeni,41.661374,21.700392,929,61121.8
shape_R4_0_zabeni,41.661276,21.700296,930,61135.3
shape_R4_0_zabeni,41.661138,21.700129,931,61156.0
shape_R4_0_zabeni,41.661007,21.699951,932,61176.8
shape_R4_0_zabeni,41.660885,21.699766,933,61197.3
shape_R4_0_zabeni,41.660795,21.699606,934,61213.9
shape_R4_0_zabeni,41.660708,21.699428,935,61231.6
shape_R4_0_zabeni,41.660627,21.699232,936,61250.2
shape_R4_0_zabeni,41.660558,21.699033,937,61268.4
shape_R4_0_zabeni,41.660457,21.698688,938,61299.2
shape_R4_0_zabeni,41.660312,21.698127,939,61348.5
shape_R4_0_zabeni,41.660266,21.697968,940,61362.7
shape_R4_0_zabeni,41.660210,21.697806,941,61377.5
shape_R4_0_zabeni,41.660081,21.697498,942,61406.9
shape_R4_0_zabeni,41.660000,21.697343,943,61422.6
shape_R4_0_zabeni,41.659919,21.697208,944,61436.9
shape_R4_0_zabeni,41.659813,21.697057,945,61454.2
shape_R4_0_zabeni,41.659709,21.696921,946,61470.3
shape_R4_0_zabeni,41.659594,21.696792,947,61487.0
shape_R4_0_zabeni,41.659441,21.696634,948,61508.5
shape_R4_0_zabeni,41.659369,21.696564,949,61518.4
shape_R4_0_zabeni,41.659276,21.696494,950,61530.3
shape_R4_0_zabeni,41.659041,21.696354,951,61558.9
shape_R4_0_zabeni,41.658237,21.696076,952,61651.2
shape_R4_0_zabeni,41.657652,21.695723,953,61722.6
shape_R4_0_zabeni,41.657187,21.695260,954,61787.0
shape_R4_0_zabeni,41.656866,21.694756,955,61842.0
shape_R4_0_zabeni,41.656474,21.694059,956,61914.5
shape_R4_0_zabeni,41.655969,21.693437,957,61990.8
shape_R4_0_zabeni,41.655449,21.693109,958,62054.7
shape_R4_0_zabeni,41.654956,21.692979,959,62110.6
shape_R4_0_zabeni,41.654625,21.692943,960,62147.5
shape_R4_0_zabeni,41.654286,21.692984,961,62185.4
shape_R4_0_zabeni,41.654025,21.693063,962,62215.1
shape_R4_0_zabeni,41.653761,21.693185,963,62246.2
shape_R4_0_zabeni,41.653413,21.693401,964,62288.8
shape_R4_0_zabeni,41.652326,21.694197,965,62426.6
shape_R4_0_zabeni,41.651894,21.694438,966,62478.7
shape_R4_0_zabeni,41.651462,21.694582,967,62528.2
shape_R4_0_zabeni,41.651122,21.694624,968,62566.1
shape_R4_0_zabeni,41.650594,21.694593,969,62624.9
shape_R4_0_zabeni,41.650124,21.694461,970,62678.3
shape_R4_0_zabeni,41.649679,21.694289,971,62729.8
shape_R4_0_zabeni,41.649395,21.694179,972,62762.7
shape_R4_0_zabeni,41.647308,21.693390,973,63003.8
shape_R4_0_zabeni,41.646301,21.693030,974,63119.7
shape_R4_0_zabeni,41.645476,21.692668,975,63216.3
shape_R4_0_zabeni,41.644760,21.692385,976,63299.3
shape_R4_0_zabeni,41.644138,21.692105,977,63372.3
shape_R4_0_zabeni,41.643678,21.691844,978,63427.8
shape_R4_0_zabeni,41.643127,21.691540,979,63494.1
shape_R4_0_zabeni,41.640239,21.689893,980,63843.2
shape_R4_0_zabeni,41.638470,21.688891,981,64056.8
shape_R4_0_zabeni,41.637599,21.688312,982,64164.9
shape_R4_0_zabeni,41.637130,21.687889,983,64227.8
shape_R4_0_zabeni,41.636724,21.687333,984,64292.4
shape_R4_0_zabeni,41.636064,21.686451,985,64396.1
shape_R4_0_zabeni,41.635277,21.685770,986,64500.3
shape_R4_0_zabeni,41.634672,21.685536,987,64570.4
shape_R4_0_zabeni,41.634109,21.685495,988,64633.1
shape_R4_0_zabeni,41.633255,21.685733,989,64730.1
shape_R4_0_zabeni,41.632090,21.686480,990,64873.7
shape_R4_0_zabeni,41.630384,21.687519,991,65082.1
shape_R4_0_zabeni,41.629603,21.687878,992,65174.0
shape_R4_0_zabeni,41.628565,21.688062,993,65290.4
shape_R4_0_zabeni,41.627615,21.687982,994,65396.2
shape_R4_0_zabeni,41.626845,21.687792,995,65483.3
shape_R4_0_zabeni,41.624905,21.687157,996,65705.4
shape_R4_0_zabeni,41.624050,21.687001,997,65801.3
shape_R4_0_zabeni,41.623149,21.687053,998,65901.6
shape_R4_0_zabeni,41.621490,21.687255,999,66086.8
shape_R4_0_zabeni,41.617608,21.688006,1000,66523.0
shape_R4_0_zabeni,41.616837,21.688099,1001,66609.1
shape_R4_0_zabeni,41.615956,21.688103,1002,66707.0
shape_R4_0_zabeni,41.615131,21.687908,1003,66800.2
shape_R4_0_zabeni,41.614468,21.687673,1004,66876.5
shape_R4_0_zabeni,41.613579,21.687464,1005,66976.8
shape_R4_0_zabeni,41.612780,21.687457,1006,67065.7
shape_R4_0_zabeni,41.611238,21.687874,1007,67240.6
shape_R4_0_zabeni,41.610097,21.687920,1008,67367.5
shape_R4_0_zabeni,41.608753,21.687543,1009,67520.2
shape_R4_0_zabeni,41.607768,21.686986,1010,67639.2
shape_R4_0_zabeni,41.606507,21.686008,1011,67801.2
shape_R4_0_zabeni,41.605455,21.685140,1012,67938.7
shape_R4_0_zabeni,41.603937,21.683949,1013,68134.4
shape_R4_0_zabeni,41.603472,21.683677,1014,68190.8
shape_R4_0_zabeni,41.603087,21.683522,1015,68235.5
shape_R4_0_zabeni,41.602727,21.683442,1016,68276.1
shape_R4_0_zabeni,41.602213,21.683489,1017,68333.4
shape_R4_0_zabeni,41.601612,21.683644,1018,68401.5
shape_R4_0_zabeni,41.601027,21.683951,1019,68471.3
shape_R4_0_zabeni,41.600455,21.684352,1020,68543.2
shape_R4_0_zabeni,41.599649,21.684878,1021,68642.9
shape_R4_0_zabeni,41.599211,21.685022,1022,68693.0
shape_R4_0_zabeni,41.598794,21.685072,1023,68739.6
shape_R4_0_zabeni,41.597670,21.685078,1024,68864.6
shape_R4_0_zabeni,41.595611,21.684853,1025,69094.3
shape_R4_0_zabeni,41.592746,21.684403,1026,69415.0
shape_R4_0_zabeni,41.591093,21.684244,1027,69599.3
shape_R4_0_zabeni,41.590453,21.684368,1028,69671.2
shape_R4_0_zabeni,41.589000,21.684908,1029,69838.9
shape_R4_0_zabeni,41.588608,21.684946,1030,69882.6
shape_R4_0_zabeni,41.588244,21.684881,1031,69923.5
shape_R4_0_zabeni,41.587634,21.684683,1032,69993.3
shape_R4_0_zabeni,41.582591,21.682897,1033,70573.4
shape_R4_0_zabeni,41.581964,21.682620,1034,70646.8
shape_R4_0_zabeni,41.581315,21.682263,1035,70724.8
shape_R4_0_zabeni,41.580767,21.681805,1036,70796.7
shape_R4_0_zabeni,41.580144,21.681286,1037,70878.3
shape_R4_0_zabeni,41.578044,21.679887,1038,71139.2
shape_R4_0_zabeni,41.577852,21.679762,1039,71163.0
shape_R4_0_zabeni,41.576772,21.679015,1040,71298.2
shape_R4_0_zabeni,41.575490,21.678087,1041,71460.3
shape_R4_0_zabeni,41.574874,21.677792,1042,71533.0
shape_R4_0_zabeni,41.572975,21.677579,1043,71744.9
shape_R4_0_zabeni,41.572146,21.677278,1044,71840.5
shape_R4_0_zabeni,41.571536,21.676869,1045,71916.3
shape_R4_0_zabeni,41.570526,21.675673,1046,72066.4
shape_R4_0_zabeni,41.570025,21.675082,1047,72140.7
shape_R4_0_zabeni,41.569590,21.674723,1048,72197.5
shape_R4_0_zabeni,41.568911,21.674390,1049,72278.0
shape_R4_0_zabeni,41.568160,21.673887,1050,72371.4
shape_R4_0_zabeni,41.567845,21.673575,1051,72415.0
shape_R4_0_zabeni,41.567566,21.673157,1052,72461.6
shape_R4_0_zabeni,41.567406,21.672794,1053,72496.6
shape_R4_0_zabeni,41.567273,21.672368,1054,72535.0
shape_R4_0_zabeni,41.567218,21.671850,1055,72578.5
shape_R4_0_zabeni,41.567196,21.671381,1056,72617.6
shape_R4_0_zabeni,41.567262,21.670825,1057,72664.5
shape_R4_0_zabeni,41.567425,21.670087,1058,72728.5
shape_R4_0_zabeni,41.567514,21.669452,1059,72782.2
shape_R4_0_zabeni,41.567544,21.668705,1060,72844.5
shape_R4_0_zabeni,41.567424,21.667884,1061,72914.1
shape_R4_0_zabeni,41.567179,21.667163,1062,72979.9
shape_R4_0_zabeni,41.566443,21.665211,1063,73161.8
shape_R4_0_zabeni,41.563099,21.659131,1064,73789.6
shape_R4_0_zabeni,41.562336,21.658054,1065,73913.0
shape_R4_0_zabeni,41.560643,21.656640,1066,74135.0
shape_R4_0_zabeni,41.560219,21.656191,1067,74195.1
shape_R4_0_zabeni,41.560015,21.655901,1068,74228.2
shape_R4_0_zabeni,41.559869,21.655617,1069,74256.9
shape_R4_0_zabeni,41.559511,21.654909,1070,74328.0
shape_R4_0_zabeni,41.558545,21.651988,1071,74593.7
shape_R4_0_zabeni,41.557675,21.650192,1072,74771.7
shape_R4_0_zabeni,41.556215,21.647444,1073,75052.2
shape_R4_0_zabeni,41.555700,21.646796,1074,75130.8
shape_R4_0_zabeni,41.555284,21.646474,1075,75184.3
shape_R4_0_zabeni,41.554841,21.646265,1076,75236.5
shape_R4_0_zabeni,41.554210,21.646141,1077,75307.4
shape_R4_0_zabeni,41.553736,21.646152,1078,75360.2
shape_R4_0_zabeni,41.553261,21.646087,1079,75413.2
shape_R4_0_zabeni,41.552551,21.645791,1080,75495.9
shape_R4_0_zabeni,41.552176,21.645461,1081,75545.9
shape_R4_0_zabeni,41.551866,21.645032,1082,75595.5
shape_R4_0_zabeni,41.551580,21.644505,1083,75649.7
shape_R4_0_zabeni,41.551363,21.643917,1084,75704.2
shape_R4_0_zabeni,41.551324,21.643387,1085,75748.5
shape_R4_0_zabeni,41.551352,21.642870,1086,75791.7
shape_R4_0_zabeni,41.551514,21.641930,1087,75871.9
shape_R4_0_zabeni,41.551958,21.639755,1088,76059.5
shape_R4_0_zabeni,41.552003,21.638967,1089,76125.3
shape_R4_0_zabeni,41.551915,21.638272,1090,76184.0
shape_R4_0_zabeni,41.551647,21.637440,1091,76259.3
shape_R4_0_zabeni,41.549619,21.633646,1092,76647.3
shape_R4_0_zabeni,41.547645,21.630133,1093,77012.9
shape_R4_0_zabeni,41.547370,21.629545,1094,77070.6
shape_R4_0_zabeni,41.547228,21.629116,1095,77109.6
shape_R4_0_zabeni,41.547098,21.628466,1096,77165.6
shape_R4_0_zabeni,41.547087,21.628088,1097,77197.1
shape_R4_0_zabeni,41.547108,21.627677,1098,77231.4
shape_R4_0_zabeni,41.547196,21.627176,1099,77274.2
shape_R4_0_zabeni,41.547299,21.626653,1100,77319.2
shape_R4_0_zabeni,41.547484,21.626165,1101,77364.7
shape_R4_0_zabeni,41.548675,21.624119,1102,77580.4
shape_R4_0_zabeni,41.550487,21.619853,1103,77988.6
shape_R4_0_zabeni,41.550700,21.619141,1104,78052.4
shape_R4_0_zabeni,41.550796,21.618456,1105,78110.4
shape_R4_0_zabeni,41.550828,21.617714,1106,78172.3
shape_R4_0_zabeni,41.550857,21.616982,1107,78233.3
shape_R4_0_zabeni,41.550927,21.616171,1108,78301.2
shape_R4_0_zabeni,41.551204,21.613968,1109,78487.1
shape_R4_0_zabeni,41.551246,21.613647,1110,78514.2
shape_R4_0_zabeni,41.551281,21.613384,1111,78536.5
shape_R4_0_zabeni,41.551710,21.610093,1112,78814.4
shape_R4_0_zabeni,41.552175,21.606419,1113,79124.5
shape_R4_0_zabeni,41.552252,21.605852,1114,79172.5
shape_R4_0_zabeni,41.552438,21.604340,1115,79300.0
shape_R4_0_zabeni,41.552589,21.603271,1116,79390.5
shape_R4_0_zabeni,41.552712,21.602571,1117,79450.3
shape_R4_0_zabeni,41.552868,21.601989,1118,79501.8
shape_R4_0_zabeni,41.553058,21.601536,1119,79545.0
shape_R4_0_zabeni,41.553488,21.600776,1120,79624.3
shape_R4_0_zabeni,41.553761,21.600369,1121,79669.7
shape_R4_0_zabeni,41.554093,21.599803,1122,79729.6
shape_R4_0_zabeni,41.554282,21.599296,1123,79776.7
shape_R4_0_zabeni,41.554389,21.598895,1124,79812.1
shape_R4_0_zabeni,41.554451,21.598554,1125,79841.3
shape_R4_0_zabeni,41.554495,21.598044,1126,79884.1
shape_R4_0_zabeni,41.554489,21.597548,1127,79925.3
shape_R4_0_zabeni,41.554426,21.597074,1128,79965.4
shape_R4_0_zabeni,41.554356,21.596711,1129,79996.6
shape_R4_0_zabeni,41.554112,21.595973,1130,80063.7
shape_R4_0_zabeni,41.553833,21.595093,1131,80143.2
shape_R4_0_zabeni,41.553734,21.594628,1132,80183.5
shape_R4_0_zabeni,41.553675,21.594024,1133,80234.2
shape_R4_0_zabeni,41.553687,21.593666,1134,80264.0
shape_R4_0_zabeni,41.553708,21.593232,1135,80300.2
shape_R4_0_zabeni,41.553829,21.592661,1136,80349.5
shape_R4_0_zabeni,41.554005,21.592205,1137,80392.2
shape_R4_0_zabeni,41.554297,21.591657,1138,80448.2
shape_R4_0_zabeni,41.554711,21.591069,1139,80515.4
shape_R4_0_zabeni,41.555385,21.590085,1140,80626.4
shape_R4_0_zabeni,41.556456,21.588657,1141,80794.6
shape_R4_0_zabeni,41.556728,21.588413,1142,80831.1
shape_R4_0_zabeni,41.556997,21.588216,1143,80865.2
shape_R4_0_zabeni,41.557244,21.588110,1144,80894.0
shape_R4_0_zabeni,41.562518,21.585660,1145,81514.9
shape_R4_0_zabeni,41.565092,21.584252,1146,81824.1
shape_R4_0_zabeni,41.567080,21.582836,1147,82074.6
shape_R4_0_zabeni,41.568219,21.581779,1148,82228.8
shape_R4_0_zabeni,41.568775,21.581272,1149,82303.6
shape_R4_0_zabeni,41.570126,21.579981,1150,82488.3
shape_R4_0_zabeni,41.570811,21.579596,1151,82570.9
shape_R4_0_zabeni,41.571616,21.579320,1152,82663.3
shape_R4_0_zabeni,41.572382,21.578911,1153,82755.1
shape_R4_0_zabeni,41.572961,21.578309,1154,82836.6
shape_R4_0_zabeni,41.573400,21.577464,1155,82922.2
shape_R4_0_zabeni,41.573718,21.576245,1156,83029.6
shape_R4_0_zabeni,41.573851,21.575634,1157,83082.5
shape_R4_0_zabeni,41.574030,21.575023,1158,83137.1
shape_R4_0_zabeni,41.574529,21.574277,1159,83220.4
shape_R4_0_zabeni,41.574898,21.573951,1160,83269.5
shape_R4_0_zabeni,41.575268,21.573717,1161,83315.1
shape_R4_0_zabeni,41.575733,21.573594,1162,83367.8
shape_R4_0_zabeni,41.576199,21.573580,1163,83419.6
shape_R4_0_zabeni,41.576694,21.573688,1164,83475.4
shape_R4_0_zabeni,41.577726,21.574020,1165,83593.4
shape_R4_0_zabeni,41.578094,21.574029,1166,83634.3
shape_R4_0_zabeni,41.578404,21.573999,1167,83668.9
shape_R4_0_zabeni,41.578664,21.573936,1168,83698.3
shape_R4_0_zabeni,41.579022,21.573796,1169,83739.7
shape_R4_0_zabeni,41.579777,21.573279,1170,83834.1
shape_R4_0_zabeni,41.580215,21.572920,1171,83891.2
shape_R4_0_zabeni,41.580651,21.572449,1172,83953.5
shape_R4_0_zabeni,41.580998,21.571825,1173,84018.2
shape_R4_0_zabeni,41.581288,21.571035,1174,84091.4
shape_R4_0_zabeni,41.581418,21.570010,1175,84177.9
shape_R4_0_zabeni,41.581395,21.569026,1176,84259.8
shape_R4_0_zabeni,41.581437,21.568165,1177,84331.5
shape_R4_0_zabeni,41.581596,21.567524,1178,84387.7
shape_R4_0_zabeni,41.581668,21.567369,1179,84402.9
shape_R4_0_zabeni,41.581823,21.567033,1180,84435.7
shape_R4_0_zabeni,41.582250,21.566443,1181,84504.0
shape_R4_0_zabeni,41.582651,21.566089,1182,84557.4
shape_R4_0_zabeni,41.583109,21.565883,1183,84611.1
shape_R4_0_zabeni,41.583612,21.565753,1184,84668.1
shape_R4_0_zabeni,41.584289,21.565775,1185,84743.4
shape_R4_0_zabeni,41.584882,21.565665,1186,84810.0
shape_R4_0_zabeni,41.585285,21.565476,1187,84857.5
shape_R4_0_zabeni,41.585474,21.565349,1188,84881.0
shape_R4_0_zabeni,41.585670,21.565185,1189,84906.7
shape_R4_0_zabeni,41.585930,21.564860,1190,84946.3
shape_R4_0_zabeni,41.586177,21.564498,1191,84987.0
shape_R4_0_zabeni,41.587306,21.562825,1192,85174.4
shape_R4_0_zabeni,41.587666,21.562106,1193,85246.4
shape_R4_0_zabeni,41.587790,21.561681,1194,85284.3
shape_R4_0_zabeni,41.587972,21.560824,1195,85358.4
shape_R4_0_zabeni,41.588056,21.560192,1196,85411.8
shape_R4_0_zabeni,41.588168,21.559644,1197,85459.1
shape_R4_0_zabeni,41.588387,21.559062,1198,85513.2
shape_R4_0_zabeni,41.588651,21.558632,1199,85559.5
shape_R4_0_zabeni,41.588910,21.558352,1200,85596.5
shape_R4_0_zabeni,41.589196,21.558099,1201,85634.7
shape_R4_0_zabeni,41.590053,21.557606,1202,85738.4
shape_R4_0_zabeni,41.590450,21.557341,1203,85787.8
shape_R4_0_zabeni,41.590678,21.557115,1204,85819.3
shape_R4_0_zabeni,41.590894,21.556844,1205,85852.3
shape_R4_0_zabeni,41.591132,21.556420,1206,85896.3
shape_R4_0_zabeni,41.591327,21.555972,1207,85939.5
shape_R4_0_zabeni,41.591637,21.555216,1208,86011.2
shape_R4_0_zabeni,41.591805,21.554763,1209,86053.2
shape_R4_0_zabeni,41.591951,21.554300,1210,86095.0
shape_R4_0_zabeni,41.592088,21.553691,1211,86147.9
shape_R4_0_zabeni,41.592197,21.553054,1212,86202.2
shape_R4_0_zabeni,41.592248,21.551958,1213,86293.5
shape_R4_0_zabeni,41.592180,21.550584,1214,86408.1
shape_R4_0_zabeni,41.591721,21.546844,1215,86723.2
shape_R4_0_zabeni,41.591775,21.545841,1216,86806.9
shape_R4_0_zabeni,41.591914,21.545215,1217,86861.2
shape_R4_0_zabeni,41.592150,21.544595,1218,86919.0
shape_R4_0_zabeni,41.593108,21.543027,1219,87087.4
shape_R4_0_zabeni,41.593371,21.542207,1220,87161.6
shape_R4_0_zabeni,41.593468,21.541710,1221,87204.3
shape_R4_0_zabeni,41.593511,21.541177,1222,87248.9
shape_R4_0_zabeni,41.593488,21.540630,1223,87294.5
shape_R4_0_zabeni,41.593392,21.540060,1224,87343.0
shape_R4_0_zabeni,41.593175,21.539377,1225,87404.8
shape_R4_0_zabeni,41.592712,21.538570,1226,87489.3
shape_R4_0_zabeni,41.592078,21.537976,1227,87575.4
shape_R4_0_zabeni,41.590683,21.537261,1228,87741.5
shape_R4_0_zabeni,41.590056,21.536545,1229,87833.2
shape_R4_0_zabeni,41.589712,21.535764,1230,87908.6
shape_R4_0_zabeni,41.589562,21.535158,1231,87961.7
shape_R4_0_zabeni,41.589532,21.534405,1232,88024.4
shape_R4_0_zabeni,41.589705,21.533473,1233,88104.3
shape_R4_0_zabeni,41.590643,21.530428,1234,88378.1
shape_R4_0_zabeni,41.591366,21.528415,1235,88563.8
shape_R4_0_zabeni,41.591660,21.527495,1236,88647.0
shape_R4_0_zabeni,41.591874,21.526552,1237,88729.0
shape_R4_0_zabeni,41.591957,21.525675,1238,88802.5
shape_R4_0_zabeni,41.591988,21.524735,1239,88880.8
shape_R4_0_zabeni,41.591970,21.523963,1240,88945.0
shape_R4_0_zabeni,41.591895,21.523145,1241,89013.5
shape_R4_0_zabeni,41.591736,21.522433,1242,89075.3
shape_R4_0_zabeni,41.591496,21.521733,1243,89139.4
shape_R4_0_zabeni,41.590867,21.520237,1244,89282.1
shape_R4_0_zabeni,41.590364,21.518770,1245,89416.3
shape_R4_0_zabeni,41.590152,21.518080,1246,89478.3
shape_R4_0_zabeni,41.590065,21.517209,1247,89551.4
shape_R4_0_zabeni,41.590075,21.516129,1248,89641.2
shape_R4_0_zabeni,41.590197,21.514993,1249,89736.7
shape_R4_0_zabeni,41.590249,21.514688,1250,89762.7
shape_R4_0_zabeni,41.590757,21.512024,1251,89991.3
shape_R4_0_zabeni,41.590999,21.511274,1252,90059.3
shape_R4_0_zabeni,41.591306,21.510533,1253,90129.7
shape_R4_0_zabeni,41.592398,21.508693,1254,90325.1
shape_R4_0_zabeni,41.594669,21.505228,1255,90708.2
shape_R4_0_zabeni,41.594953,21.504576,1256,90770.9
shape_R4_0_zabeni,41.595188,21.503905,1257,90832.6
shape_R4_0_zabeni,41.595263,21.503153,1258,90895.6
shape_R4_0_zabeni,41.595239,21.502191,1259,90975.7
shape_R4_0_zabeni,41.595195,21.499631,1260,91188.6
shape_R4_0_zabeni,41.595248,21.498902,1261,91249.5
shape_R4_0_zabeni,41.595743,21.497429,1262,91383.8
shape_R4_0_zabeni,41.595961,21.496560,1263,91460.0
shape_R4_0_zabeni,41.596010,21.495870,1264,91517.7
shape_R4_0_zabeni,41.595983,21.495230,1265,91571.0
shape_R4_0_zabeni,41.595897,21.494853,1266,91603.8
shape_R4_0_zabeni,41.595809,21.494420,1267,91641.1
shape_R4_0_zabeni,41.595720,21.493993,1268,91677.9
shape_R4_0_zabeni,41.595670,21.493569,1269,91713.6
shape_R4_0_zabeni,41.595652,21.493170,1270,91746.9
shape_R4_0_zabeni,41.595661,21.492825,1271,91775.6
shape_R4_0_zabeni,41.595704,21.492431,1272,91808.7
shape_R4_0_zabeni,41.595775,21.492090,1273,91838.1
shape_R4_0_zabeni,41.595860,21.491773,1274,91866.1
shape_R4_0_zabeni,41.595982,21.491373,1275,91902.0
shape_R4_0_zabeni,41.596115,21.490918,1276,91942.7
shape_R4_0_zabeni,41.596219,21.490511,1277,91978.4
shape_R4_0_zabeni,41.596290,21.490128,1278,92011.2
shape_R4_0_zabeni,41.596321,21.489729,1279,92044.6
shape_R4_0_zabeni,41.596328,21.489458,1280,92067.2
shape_R4_0_zabeni,41.596322,21.489282,1281,92081.8
shape_R4_0_zabeni,41.596285,21.488825,1282,92120.0
shape_R4_0_zabeni,41.596264,21.488231,1283,92169.5
shape_R4_0_zabeni,41.595903,21.483881,1284,92533.4
shape_R4_0_zabeni,41.595851,21.483252,1285,92586.1
shape_R4_0_zabeni,41.595836,21.483073,1286,92601.0
shape_R4_0_zabeni,41.595616,21.480595,1287,92808.5
shape_R4_0_zabeni,41.595594,21.480475,1288,92818.8
shape_R4_0_zabeni,41.595526,21.480015,1289,92857.8
shape_R4_0_zabeni,41.595495,21.479583,1290,92893.9
shape_R4_0_zabeni,41.595493,21.479257,1291,92921.0
shape_R4_0_zabeni,41.595501,21.478994,1292,92942.9
shape_R4_0_zabeni,41.595530,21.478741,1293,92964.2
shape_R4_0_zabeni,41.595566,21.478524,1294,92982.7
shape_R4_0_zabeni,41.595620,21.478267,1295,93004.9
shape_R4_0_zabeni,41.595721,21.477941,1296,93034.2
shape_R4_0_zabeni,41.596167,21.476495,1297,93164.3
shape_R4_0_zabeni,41.596296,21.475877,1298,93217.6
shape_R4_0_zabeni,41.596378,21.475267,1299,93269.2
shape_R4_0_zabeni,41.596557,21.474466,1300,93338.7
shape_R4_0_zabeni,41.597176,21.472203,1301,93539.1
shape_R4_0_zabeni,41.597753,21.470391,1302,93702.8
shape_R4_0_zabeni,41.598396,21.468802,1303,93853.1
shape_R4_0_zabeni,41.599772,21.466274,1304,94113.1
shape_R4_0_zabeni,41.600822,21.465091,1305,94265.7
shape_R4_0_zabeni,41.602614,21.463126,1306,94523.4
shape_R4_0_zabeni,41.605940,21.459520,1307,94999.5
shape_R4_0_zabeni,41.607260,21.457474,1308,95224.2
shape_R4_0_zabeni,41.607825,21.456933,1309,95301.5
shape_R4_0_zabeni,41.608443,21.456477,1310,95379.9
shape_R4_0_zabeni,41.611050,21.454873,1311,95699.0
shape_R4_0_zabeni,41.612145,21.453799,1312,95850.0
shape_R4_0_zabeni,41.612733,21.453315,1313,95926.8
shape_R4_0_zabeni,41.614408,21.452449,1314,96126.5
shape_R4_0_zabeni,41.614890,21.452260,1315,96182.3
shape_R4_0_zabeni,41.615376,21.452154,1316,96237.1
shape_R4_0_zabeni,41.616431,21.452242,1317,96354.6
shape_R4_0_zabeni,41.617299,21.452056,1318,96452.4
shape_R4_0_zabeni,41.617747,21.451842,1319,96505.3
shape_R4_0_zabeni,41.618201,21.451327,1320,96571.5
shape_R4_0_zabeni,41.618677,21.450534,1321,96656.0
shape_R4_0_zabeni,41.618974,21.449876,1322,96719.9
shape_R4_0_zabeni,41.619042,21.449621,1323,96742.4
shape_R4_0_zabeni,41.619195,21.449135,1324,96786.2
shape_R4_0_zabeni,41.619182,21.448553,1325,96834.6
shape_R4_0_zabeni,41.619102,21.448123,1326,96871.5
shape_R4_0_zabeni,41.618882,21.447565,1327,96923.9
shape_R4_0_zabeni,41.618605,21.447118,1328,96972.2
shape_R4_0_zabeni,41.618217,21.446751,1329,97025.0
shape_R4_0_zabeni,41.617749,21.446358,1330,97086.5
shape_R4_0_zabeni,41.617164,21.446188,1331,97153.0
shape_R4_0_zabeni,41.616488,21.446174,1332,97228.2
shape_R4_0_zabeni,41.615999,21.446300,1333,97283.6
shape_R4_0_zabeni,41.615521,21.446601,1334,97342.3
shape_R4_0_zabeni,41.614450,21.448094,1335,97514.3
shape_R4_0_zabeni,41.614018,21.448995,1336,97603.3
shape_R4_0_zabeni,41.613921,21.449199,1337,97623.4
shape_R4_0_zabeni,41.613540,21.449908,1338,97696.0
shape_R4_0_zabeni,41.612909,21.450445,1339,97779.2
shape_R4_0_zabeni,41.612491,21.450562,1340,97826.6
shape_R4_0_zabeni,41.611900,21.450556,1341,97892.4
shape_R4_0_zabeni,41.609185,21.449879,1342,98199.5
shape_R4_0_zabeni,41.607722,21.449569,1343,98364.2
shape_R4_0_zabeni,41.606912,21.449645,1344,98454.5
shape_R4_0_zabeni,41.606302,21.449998,1345,98528.4
shape_R4_0_zabeni,41.605797,21.450383,1346,98593.0
shape_R4_0_zabeni,41.605756,21.450414,1347,98598.2
shape_R4_0_zabeni,41.604942,21.451084,1348,98704.5
shape_R4_0_zabeni,41.603670,21.451664,1349,98853.9
shape_R4_0_zabeni,41.602896,21.451852,1350,98941.4
shape_R4_0_zabeni,41.602192,21.451963,1351,99020.2
shape_R4_0_zabeni,41.601655,21.451966,1352,99080.0
shape_R4_0_zabeni,41.601045,21.451897,1353,99148.0
shape_R4_0_zabeni,41.599009,21.451706,1354,99375.0
shape_R4_0_zabeni,41.598426,21.451744,1355,99439.9
shape_R4_0_zabeni,41.597761,21.452025,1356,99517.4
shape_R4_0_zabeni,41.596447,21.453091,1357,99688.3
shape_R4_0_zabeni,41.595599,21.453455,1358,99787.4
shape_R4_0_zabeni,41.594901,21.453518,1359,99865.2
shape_R4_0_zabeni,41.594052,21.453467,1360,99959.7
shape_R4_0_zabeni,41.593452,21.453574,1361,100027.0
shape_R4_0_zabeni,41.592765,21.453882,1362,100107.5
shape_R4_0_zabeni,41.591249,21.455216,1363,100309.3
shape_R4_0_zabeni,41.590659,21.455495,1364,100378.9
shape_R4_0_zabeni,41.590162,21.455547,1365,100434.3
shape_R4_0_zabeni,41.589683,21.455509,1366,100487.7
shape_R4_0_zabeni,41.589306,21.455419,1367,100530.3
shape_R4_0_zabeni,41.588821,21.455125,1368,100589.5
shape_R4_0_zabeni,41.587777,21.454006,1369,100738.3
shape_R4_0_zabeni,41.587487,21.453666,1370,100781.2
shape_R4_0_zabeni,41.587149,21.453364,1371,100826.4
shape_R4_0_zabeni,41.586757,21.453183,1372,100872.5
shape_R4_0_zabeni,41.586357,21.453095,1373,100917.6
shape_R4_0_zabeni,41.585984,21.453103,1374,100959.1
shape_R4_0_zabeni,41.585627,21.453178,1375,100999.2
shape_R4_0_zabeni,41.585415,21.453241,1376,101023.4
shape_R4_0_zabeni,41.584848,21.453535,1377,101091.0
shape_R4_0_zabeni,41.584660,21.453590,1378,101112.4
shape_R4_0_zabeni,41.584455,21.453616,1379,101135.3
shape_R4_0_zabeni,41.583901,21.453597,1380,101196.9
shape_R4_0_zabeni,41.583373,21.453529,1381,101255.9
shape_R4_0_zabeni,41.582845,21.453360,1382,101316.3
shape_R4_0_zabeni,41.582226,21.452810,1383,101398.9
shape_R4_0_zabeni,41.581725,21.452089,1384,101480.8
shape_R4_0_zabeni,41.581442,21.451394,1385,101546.6
shape_R4_0_zabeni,41.580993,21.449801,1386,101688.2
shape_R4_0_zabeni,41.580466,21.447934,1387,101854.2
shape_R4_0_zabeni,41.580073,21.446830,1388,101955.9
shape_R4_0_zabeni,41.579512,21.445589,1389,102076.5
shape_R4_0_zabeni,41.579106,21.444698,1390,102163.2
shape_R4_0_zabeni,41.577847,21.442724,1391,102379.0
shape_R4_0_zabeni,41.563433,21.424572,1392,104581.1
shape_R4_0_zabeni,41.563221,21.424307,1393,104613.4
shape_R4_0_zabeni,41.562912,21.423990,1394,104656.7
shape_R4_0_zabeni,41.562543,21.423695,1395,104704.5
shape_R4_0_zabeni,41.562121,21.423448,1396,104755.7
shape_R4_0_zabeni,41.561656,21.423282,1397,104809.2
shape_R4_0_zabeni,41.561222,21.423207,1398,104857.9
shape_R4_0_zabeni,41.560829,21.423218,1399,104901.6
shape_R4_0_zabeni,41.560427,21.423244,1400,104946.4
shape_R4_0_zabeni,41.560006,21.423352,1401,104994.0
shape_R4_0_zabeni,41.559604,21.423497,1402,105040.3
shape_R4_0_zabeni,41.559279,21.423690,1403,105079.9
shape_R4_0_zabeni,41.558938,21.423931,1404,105122.8
shape_R4_0_zabeni,41.558673,21.424183,1405,105158.9
shape_R4_0_zabeni,41.558276,21.424645,1406,105217.5
shape_R4_0_zabeni,41.557758,21.425326,1407,105298.3
shape_R4_0_zabeni,41.557585,21.425524,1408,105323.6
shape_R4_0_zabeni,41.557525,21.425594,1409,105332.4
shape_R4_0_zabeni,41.557333,21.425766,1410,105358.2
shape_R4_0_zabeni,41.557112,21.425953,1411,105387.2
shape_R4_0_zabeni,41.556927,21.426082,1412,105410.4
shape_R4_0_zabeni,41.556718,21.426222,1413,105436.4
shape_R4_0_zabeni,41.556421,21.426345,1414,105471.0
shape_R4_0_zabeni,41.555847,21.426570,1415,105537.5
shape_R4_0_zabeni,41.555349,21.426763,1416,105595.2
shape_R4_0_zabeni,41.554976,21.426951,1417,105639.5
shape_R4_0_zabeni,41.554627,21.427193,1418,105683.2
shape_R4_0_zabeni,41.554434,21.427364,1419,105709.0
shape_R4_0_zabeni,41.554361,21.427437,1420,105719.1
shape_R4_0_zabeni,41.554213,21.427584,1421,105739.6
shape_R4_0_zabeni,41.553978,21.427850,1422,105773.9
shape_R4_0_zabeni,41.553768,21.428107,1423,105805.5
shape_R4_0_zabeni,41.553663,21.428229,1424,105821.0
shape_R4_0_zabeni,41.553356,21.428630,1425,105868.7
shape_R4_0_zabeni,41.552863,21.429200,1426,105941.2
shape_R4_0_zabeni,41.552745,21.429325,1427,105958.0
shape_R4_0_zabeni,41.552451,21.429634,1428,105999.6
shape_R4_0_zabeni,41.552146,21.429903,1429,106040.2
shape_R4_0_zabeni,41.551669,21.430335,1430,106104.3
shape_R4_0_zabeni,41.551504,21.430484,1431,106126.4
shape_R4_0_zabeni,41.551282,21.430733,1432,106158.6
shape_R4_0_zabeni,41.550921,21.431083,1433,106208.2
shape_R4_0_zabeni,41.550511,21.431439,1434,106262.6
shape_R4_0_zabeni,41.550156,21.431727,1435,106308.8
shape_R4_0_zabeni,41.549846,21.431929,1436,106347.1
shape_R4_0_zabeni,41.549493,21.432141,1437,106390.2
shape_R4_0_zabeni,41.548896,21.432429,1438,106460.8
shape_R4_0_zabeni,41.548550,21.432568,1439,106500.9
shape_R4_0_zabeni,41.548272,21.432651,1440,106532.6
shape_R4_0_zabeni,41.547865,21.432769,1441,106578.9
shape_R4_0_zabeni,41.547461,21.432829,1442,106624.1
shape_R4_0_zabeni,41.547140,21.432856,1443,106659.9
shape_R4_0_zabeni,41.546755,21.432829,1444,106702.7
shape_R4_0_zabeni,41.546661,21.432837,1445,106713.2
shape_R4_0_zabeni,41.546179,21.432858,1446,106766.8
shape_R4_0_zabeni,41.545786,21.432855,1447,106810.5
shape_R4_0_zabeni,41.545485,21.432804,1448,106844.3
shape_R4_0_zabeni,41.545266,21.432703,1449,106870.0
shape_R4_0_zabeni,41.545168,21.432662,1450,106881.5
shape_R4_0_zabeni,41.544898,21.432518,1451,106913.8
shape_R4_0_zabeni,41.544671,21.432362,1452,106942.2
shape_R4_0_zabeni,41.544533,21.432246,1453,106960.3
shape_R4_0_zabeni,41.544401,21.432120,1454,106978.3
shape_R4_0_zabeni,41.544195,21.431889,1455,107008.2
shape_R4_0_zabeni,41.544096,21.431760,1456,107023.6
shape_R4_0_zabeni,41.543991,21.431604,1457,107041.1
shape_R4_0_zabeni,41.543903,21.431464,1458,107056.3
shape_R4_0_zabeni,41.543815,21.431302,1459,107073.0
shape_R4_0_zabeni,41.543718,21.431113,1460,107092.0
shape_R4_0_zabeni,41.543615,21.430893,1461,107113.6
shape_R4_0_zabeni,41.543233,21.430030,1462,107197.1
shape_R4_0_zabeni,41.543089,21.429706,1463,107228.4
shape_R4_0_zabeni,41.542950,21.429416,1464,107257.1
shape_R4_0_zabeni,41.542746,21.429056,1465,107294.7
shape_R4_0_zabeni,41.542612,21.428857,1466,107316.9
shape_R4_0_zabeni,41.542467,21.428673,1467,107339.2
shape_R4_0_zabeni,41.542345,21.428536,1468,107356.9
shape_R4_0_zabeni,41.542220,21.428415,1469,107374.1
shape_R4_0_zabeni,41.542060,21.428276,1470,107395.3
shape_R4_0_zabeni,41.541931,21.428185,1471,107411.5
shape_R4_0_zabeni,41.541710,21.428042,1472,107438.8
shape_R4_0_zabeni,41.541507,21.427950,1473,107462.6
shape_R4_0_zabeni,41.541286,21.427862,1474,107488.3
shape_R4_0_zabeni,41.540912,21.427754,1475,107530.8
shape_R4_0_zabeni,41.540058,21.427520,1476,107627.8
shape_R4_0_zabeni,41.539806,21.427437,1477,107656.6
shape_R4_0_zabeni,41.539561,21.427330,1478,107685.3
shape_R4_0_zabeni,41.539216,21.427133,1479,107727.0
shape_R4_0_zabeni,41.539016,21.426994,1480,107752.1
shape_R4_0_zabeni,41.538818,21.426827,1481,107778.1
shape_R4_0_zabeni,41.538608,21.426631,1482,107806.6
shape_R4_0_zabeni,41.538192,21.426202,1483,107865.0
shape_R4_0_zabeni,41.537810,21.425805,1484,107918.9
shape_R4_0_zabeni,41.537598,21.425594,1485,107948.2
shape_R4_0_zabeni,41.537386,21.425410,1486,107976.4
shape_R4_0_zabeni,41.537165,21.425238,1487,108004.8
shape_R4_0_zabeni,41.536979,21.425117,1488,108027.8
shape_R4_0_zabeni,41.536798,21.425013,1489,108049.7
shape_R4_0_zabeni,41.536617,21.424924,1490,108071.2
shape_R4_0_zabeni,41.536419,21.424839,1491,108094.3
shape_R4_0_zabeni,41.536226,21.424780,1492,108116.3
shape_R4_0_zabeni,41.536012,21.424731,1493,108140.4
shape_R4_0_zabeni,41.535797,21.424701,1494,108164.5
shape_R4_0_zabeni,41.535607,21.424681,1495,108185.7
shape_R4_0_zabeni,41.535421,21.424683,1496,108206.4
shape_R4_0_zabeni,41.535240,21.424695,1497,108226.5
shape_R4_0_zabeni,41.535066,21.424712,1498,108245.9
shape_R4_0_zabeni,41.534875,21.424745,1499,108267.3
shape_R4_0_zabeni,41.534807,21.424763,1500,108275.0
shape_R4_0_zabeni,41.534575,21.424827,1501,108301.4
shape_R4_0_zabeni,41.534322,21.424929,1502,108330.8
shape_R4_0_zabeni,41.534141,21.425019,1503,108352.2
shape_R4_0_zabeni,41.533964,21.425121,1504,108373.7
shape_R4_0_zabeni,41.533768,21.425255,1505,108398.1
shape_R4_0_zabeni,41.533441,21.425479,1506,108439.0
shape_R4_0_zabeni,41.532517,21.426137,1507,108555.4
shape_R4_0_zabeni,41.532081,21.426436,1508,108609.9
shape_R4_0_zabeni,41.532021,21.426479,1509,108617.5
shape_R4_0_zabeni,41.531471,21.426867,1510,108686.7
shape_R4_0_zabeni,41.531409,21.426907,1511,108694.3
shape_R4_0_zabeni,41.531141,21.427056,1512,108726.6
shape_R4_0_zabeni,41.530905,21.427162,1513,108754.3
shape_R4_0_zabeni,41.530669,21.427246,1514,108781.4
shape_R4_0_zabeni,41.530415,21.427308,1515,108810.2
shape_R4_0_zabeni,41.530274,21.427335,1516,108826.0
shape_R4_0_zabeni,41.530105,21.427351,1517,108844.8
shape_R4_0_zabeni,41.529984,21.427356,1518,108858.3
shape_R4_0_zabeni,41.529773,21.427357,1519,108881.8
shape_R4_0_zabeni,41.529635,21.427348,1520,108897.1
shape_R4_0_zabeni,41.529563,21.427342,1521,108905.1
shape_R4_0_zabeni,41.529176,21.427300,1522,108948.3
shape_R4_0_zabeni,41.528616,21.427226,1523,109010.9
shape_R4_0_zabeni,41.527885,21.427148,1524,109092.4
shape_R4_0_zabeni,41.527222,21.427055,1525,109166.6
shape_R4_0_zabeni,41.527060,21.427025,1526,109184.7
shape_R4_0_zabeni,41.526860,21.426973,1527,109207.4
shape_R4_0_zabeni,41.526773,21.426940,1528,109217.5
shape_R4_0_zabeni,41.526690,21.426907,1529,109227.1
shape_R4_0_zabeni,41.526605,21.426869,1530,109237.1
shape_R4_0_zabeni,41.526518,21.426825,1531,109247.4
shape_R4_0_zabeni,41.526355,21.426735,1532,109267.0
shape_R4_0_zabeni,41.526193,21.426626,1533,109287.2
shape_R4_0_zabeni,41.526032,21.426500,1534,109307.9
shape_R4_0_zabeni,41.525765,21.426244,1535,109344.5
shape_R4_0_zabeni,41.525506,21.425971,1536,109381.2
shape_R4_0_zabeni,41.525291,21.425745,1537,109411.6
shape_R4_0_zabeni,41.524811,21.425253,1538,109478.9
shape_R4_0_zabeni,41.524597,21.425060,1539,109507.6
shape_R4_0_zabeni,41.524415,21.424926,1540,109530.7
shape_R4_0_zabeni,41.524137,21.424762,1541,109564.5
shape_R4_0_zabeni,41.523915,21.424662,1542,109590.5
shape_R4_0_zabeni,41.523635,21.424585,1543,109622.3
shape_R4_0_zabeni,41.523359,21.424545,1544,109653.2
shape_R4_0_zabeni,41.523136,21.424540,1545,109678.0
shape_R4_0_zabeni,41.522879,21.424565,1546,109706.6
shape_R4_0_zabeni,41.522517,21.424649,1547,109747.5
shape_R4_0_zabeni,41.522215,21.424752,1548,109782.2
shape_R4_0_zabeni,41.521003,21.425226,1549,109922.6
shape_R4_0_zabeni,41.520105,21.425576,1550,110026.6
shape_R4_0_zabeni,41.519311,21.425889,1551,110118.7
shape_R4_0_zabeni,41.519230,21.425917,1552,110128.0
shape_R4_0_zabeni,41.519183,21.425934,1553,110133.4
shape_R4_0_zabeni,41.517891,21.426438,1554,110283.0
shape_R4_0_zabeni,41.517671,21.426525,1555,110308.6
shape_R4_0_zabeni,41.516586,21.426950,1556,110434.3
shape_R4_0_zabeni,41.516112,21.427128,1557,110489.0
shape_R4_0_zabeni,41.516043,21.427155,1558,110497.0
shape_R4_0_zabeni,41.515610,21.427269,1559,110546.1
shape_R4_0_zabeni,41.515309,21.427299,1560,110579.7
shape_R4_0_zabeni,41.515038,21.427305,1561,110609.8
shape_R4_0_zabeni,41.514858,21.427289,1562,110629.9
shape_R4_0_zabeni,41.514508,21.427228,1563,110669.1
shape_R4_0_zabeni,41.514412,21.427208,1564,110679.9
shape_R4_0_zabeni,41.514185,21.427133,1565,110705.9
shape_R4_0_zabeni,41.513905,21.427015,1566,110738.6
shape_R4_0_zabeni,41.513602,21.426857,1567,110774.7
shape_R4_0_zabeni,41.513352,21.426723,1568,110804.7
shape_R4_0_zabeni,41.513113,21.426612,1569,110832.8
shape_R4_0_zabeni,41.512732,21.426459,1570,110877.1
shape_R4_0_zabeni,41.512433,21.426379,1571,110911.0
shape_R4_0_zabeni,41.511256,21.426174,1572,111043.0
shape_R4_0_zabeni,41.510716,21.426104,1573,111103.3
shape_R4_0_zabeni,41.510257,21.426072,1574,111154.4
shape_R4_0_zabeni,41.509764,21.426154,1575,111209.6
shape_R4_0_zabeni,41.509353,21.426247,1576,111256.0
shape_R4_0_zabeni,41.508915,21.426394,1577,111306.2
shape_R4_0_zabeni,41.508461,21.426633,1578,111360.5
shape_R4_0_zabeni,41.508208,21.426778,1579,111391.1
shape_R4_0_zabeni,41.508145,21.426820,1580,111398.9
shape_R4_0_zabeni,41.504970,21.428971,1581,111794.8
shape_R4_0_zabeni,41.504457,21.429286,1582,111857.6
shape_R4_0_zabeni,41.504356,21.429335,1583,111869.5
shape_R4_0_zabeni,41.503812,21.429643,1584,111935.2
shape_R4_0_zabeni,41.503751,21.429677,1585,111942.6
shape_R4_0_zabeni,41.502914,21.430155,1586,112043.8
shape_R4_0_zabeni,41.502416,21.430477,1587,112105.3
shape_R4_0_zabeni,41.501765,21.430987,1588,112189.3
shape_R4_0_zabeni,41.501343,21.431389,1589,112246.9
shape_R4_0_zabeni,41.500965,21.431802,1590,112301.2
shape_R4_0_zabeni,41.500604,21.432258,1591,112356.5
shape_R4_0_zabeni,41.500218,21.432811,1592,112419.4
shape_R4_0_zabeni,41.498957,21.434999,1593,112649.3
shape_R4_0_zabeni,41.498872,21.435134,1594,112664.0
shape_R4_0_zabeni,41.498579,21.435579,1595,112713.4
shape_R4_0_zabeni,41.498358,21.435826,1596,112745.4
shape_R4_0_zabeni,41.498053,21.436126,1597,112787.5
shape_R4_0_zabeni,41.497811,21.436298,1598,112818.0
shape_R4_0_zabeni,41.497558,21.436475,1599,112849.8
shape_R4_0_zabeni,41.497100,21.436727,1600,112904.9
shape_R4_0_zabeni,41.497008,21.436770,1601,112915.7
shape_R4_0_zabeni,41.496072,21.437263,1602,113027.6
shape_R4_0_zabeni,41.495477,21.437580,1603,113098.8
shape_R4_0_zabeni,41.495373,21.437628,1604,113111.1
shape_R4_0_zabeni,41.492938,21.438932,1605,113402.8
shape_R4_0_zabeni,41.492865,21.438980,1606,113411.8
shape_R4_0_zabeni,41.491210,21.439844,1607,113609.4
shape_R4_0_zabeni,41.489569,21.440712,1608,113805.7
shape_R4_0_zabeni,41.488613,21.441229,1609,113920.4
shape_R4_0_zabeni,41.488498,21.441279,1610,113933.9
shape_R4_0_zabeni,41.488429,21.441322,1611,113942.3
shape_R4_0_zabeni,41.486416,21.442369,1612,114182.6
shape_R4_0_zabeni,41.484475,21.443424,1613,114415.6
shape_R4_0_zabeni,41.484356,21.443457,1614,114429.1
shape_R4_0_zabeni,41.483639,21.443825,1615,114514.5
shape_R4_0_zabeni,41.483058,21.444120,1616,114583.6
shape_R4_0_zabeni,41.482967,21.444162,1617,114594.3
shape_R4_0_zabeni,41.482558,21.444344,1618,114642.3
shape_R4_0_zabeni,41.481879,21.444549,1619,114719.7
shape_R4_0_zabeni,41.481329,21.444696,1620,114782.1
shape_R4_0_zabeni,41.480916,21.444767,1621,114828.4
shape_R4_0_zabeni,41.480167,21.444865,1622,114912.0
shape_R4_0_zabeni,41.480080,21.444879,1623,114921.8
shape_R4_0_zabeni,41.478287,21.445158,1624,115122.5
shape_R4_0_zabeni,41.478223,21.445163,1625,115129.6
shape_R4_0_zabeni,41.476611,21.445421,1626,115310.2
shape_R4_0_zabeni,41.475554,21.445667,1627,115429.5
shape_R4_0_zabeni,41.474083,21.446155,1628,115598.0
shape_R4_0_zabeni,41.473513,21.446354,1629,115663.5
shape_R4_0_zabeni,41.472078,21.446869,1630,115828.8
shape_R4_0_zabeni,41.471270,21.447232,1631,115923.6
shape_R4_0_zabeni,41.470551,21.447541,1632,116007.6
shape_R4_0_zabeni,41.470484,21.447573,1633,116015.5
shape_R4_0_zabeni,41.469287,21.448106,1634,116155.8
shape_R4_0_zabeni,41.467968,21.448691,1635,116310.3
shape_R4_0_zabeni,41.467319,21.448980,1636,116386.4
shape_R4_0_zabeni,41.466480,21.449358,1637,116484.9
shape_R4_0_zabeni,41.466286,21.449445,1638,116507.6
shape_R4_0_zabeni,41.465616,21.449744,1639,116586.2
shape_R4_0_zabeni,41.465324,21.449893,1640,116621.0
shape_R4_0_zabeni,41.465024,21.450070,1641,116657.4
shape_R4_0_zabeni,41.464807,21.450222,1642,116684.7
shape_R4_0_zabeni,41.464571,21.450409,1643,116715.2
shape_R4_0_zabeni,41.464331,21.450622,1644,116747.3
shape_R4_0_zabeni,41.464130,21.450834,1645,116775.7
shape_R4_0_zabeni,41.464030,21.450945,1646,116790.2
shape_R4_0_zabeni,41.463834,21.451195,1647,116820.4
shape_R4_0_zabeni,41.463548,21.451614,1648,116867.6
shape_R4_0_zabeni,41.463305,21.452051,1649,116912.9
shape_R4_0_zabeni,41.462522,21.453630,1650,117070.7
shape_R4_0_zabeni,41.462245,21.454236,1651,117129.8
shape_R4_0_zabeni,41.460995,21.456782,1652,117383.5
shape_R4_0_zabeni,41.459868,21.459077,1653,117612.1
shape_R4_0_zabeni,41.459390,21.460015,1654,117706.7
shape_R4_0_zabeni,41.459145,21.460515,1655,117756.4
shape_R4_0_zabeni,41.458879,21.460974,1656,117804.8
shape_R4_0_zabeni,41.458452,21.461641,1657,117877.9
shape_R4_0_zabeni,41.458102,21.462088,1658,117931.8
shape_R4_0_zabeni,41.457721,21.462539,1659,117988.4
shape_R4_0_zabeni,41.457304,21.462958,1660,118046.4
shape_R4_0_zabeni,41.456645,21.463516,1661,118133.2
shape_R4_0_zabeni,41.455612,21.464358,1662,118267.8
shape_R4_0_zabeni,41.455222,21.464664,1663,118318.1
shape_R4_0_zabeni,41.454836,21.464895,1664,118365.2
shape_R4_0_zabeni,41.454450,21.465120,1665,118412.0
shape_R4_0_zabeni,41.454337,21.465184,1666,118425.7
shape_R4_0_zabeni,41.451712,21.466407,1667,118734.8
shape_R4_0_zabeni,41.450517,21.466960,1668,118875.5
shape_R4_0_zabeni,41.447968,21.468140,1669,119175.5
shape_R4_0_zabeni,41.447900,21.468172,1670,119183.5
shape_R4_0_zabeni,41.446535,21.468805,1671,119344.2
shape_R4_0_zabeni,41.445429,21.469315,1672,119474.3
shape_R4_0_zabeni,41.444013,21.469980,1673,119641.2
shape_R4_0_zabeni,41.443913,21.470023,1674,119652.9
shape_R4_0_zabeni,41.443326,21.470291,1675,119721.9
shape_R4_0_zabeni,41.441948,21.470924,1676,119884.0
shape_R4_0_zabeni,41.441565,21.471108,1677,119929.2
shape_R4_0_zabeni,41.441503,21.471133,1678,119936.4
shape_R4_0_zabeni,41.441399,21.471176,1679,119948.5
shape_R4_0_zabeni,41.439696,21.471967,1680,120149.1
shape_R4_0_zabeni,41.438639,21.472450,1681,120273.3
shape_R4_0_zabeni,41.438321,21.472600,1682,120310.8
shape_R4_0_zabeni,41.437405,21.473026,1683,120418.7
shape_R4_0_zabeni,41.437061,21.473183,1684,120459.1
shape_R4_0_zabeni,41.437006,21.473211,1685,120465.6
shape_R4_0_zabeni,41.436650,21.473393,1686,120508.0
shape_R4_0_zabeni,41.436281,21.473587,1687,120552.1
shape_R4_0_zabeni,41.435876,21.473828,1688,120601.5
shape_R4_0_zabeni,41.435593,21.474011,1689,120636.4
shape_R4_0_zabeni,41.435526,21.474056,1690,120644.8
shape_R4_0_zabeni,41.435377,21.474166,1691,120663.7
shape_R4_0_zabeni,41.434947,21.474495,1692,120718.8
shape_R4_0_zabeni,41.434499,21.474877,1693,120777.9
shape_R4_0_zabeni,41.434029,21.475324,1694,120842.1
shape_R4_0_zabeni,41.433167,21.476198,1695,120962.5
shape_R4_0_zabeni,41.432304,21.477081,1696,121083.5
shape_R4_0_zabeni,41.431929,21.477475,1697,121136.6
shape_R4_0_zabeni,41.431564,21.477829,1698,121186.7
shape_R4_0_zabeni,41.431503,21.477890,1699,121195.2
shape_R4_0_zabeni,41.431201,21.478174,1700,121236.3
shape_R4_0_zabeni,41.430853,21.478479,1701,121282.6
shape_R4_0_zabeni,41.430546,21.478695,1702,121321.2
shape_R4_0_zabeni,41.430171,21.478914,1703,121366.7
shape_R4_0_zabeni,41.429759,21.479125,1704,121415.8
shape_R4_0_zabeni,41.429652,21.479166,1705,121428.2
shape_R4_0_zabeni,41.429357,21.479284,1706,121462.4
shape_R4_0_zabeni,41.429003,21.479386,1707,121502.7
shape_R4_0_zabeni,41.428656,21.479451,1708,121541.7
shape_R4_0_zabeni,41.428244,21.479504,1709,121587.7
shape_R4_0_zabeni,41.427778,21.479516,1710,121639.5
shape_R4_0_zabeni,41.427382,21.479479,1711,121683.7
shape_R4_0_zabeni,41.427006,21.479426,1712,121725.7
shape_R4_0_zabeni,41.426667,21.479332,1713,121764.2
shape_R4_0_zabeni,41.425975,21.479109,1714,121843.4
shape_R4_0_zabeni,41.425633,21.479005,1715,121882.4
shape_R4_0_zabeni,41.425100,21.478841,1716,121943.2
shape_R4_0_zabeni,41.424511,21.478647,1717,122010.6
shape_R4_0_zabeni,41.423864,21.478449,1718,122084.5
shape_R4_0_zabeni,41.423783,21.478419,1719,122093.8
shape_R4_0_zabeni,41.422860,21.478130,1720,122199.2
shape_R4_0_zabeni,41.422291,21.477953,1721,122264.2
shape_R4_0_zabeni,41.421631,21.477738,1722,122339.7
shape_R4_0_zabeni,41.420774,21.477467,1723,122437.7
shape_R4_0_zabeni,41.420008,21.477228,1724,122525.2
shape_R4_0_zabeni,41.419342,21.477019,1725,122601.2
shape_R4_0_zabeni,41.418588,21.476788,1726,122687.3
shape_R4_0_zabeni,41.417958,21.476593,1727,122759.2
shape_R4_0_zabeni,41.417468,21.476445,1728,122815.0
shape_R4_0_zabeni,41.417108,21.476343,1729,122856.0
shape_R4_0_zabeni,41.416601,21.476247,1730,122912.9
shape_R4_0_zabeni,41.416190,21.476209,1731,122958.7
shape_R4_0_zabeni,41.415766,21.476177,1732,123005.9
shape_R4_0_zabeni,41.415488,21.476180,1733,123036.9
shape_R4_0_zabeni,41.415116,21.476177,1734,123078.2
shape_R4_0_zabeni,41.415070,21.476182,1735,123083.4
shape_R4_0_zabeni,41.414668,21.476233,1736,123128.3
shape_R4_0_zabeni,41.414233,21.476314,1737,123177.1
shape_R4_0_zabeni,41.414057,21.476361,1738,123197.1
shape_R4_0_zabeni,41.413877,21.476409,1739,123217.5
shape_R4_0_zabeni,41.411886,21.476951,1740,123443.4
shape_R4_0_zabeni,41.411402,21.477085,1741,123498.4
shape_R4_0_zabeni,41.410512,21.477311,1742,123599.1
shape_R4_0_zabeni,41.409878,21.477455,1743,123670.6
shape_R4_0_zabeni,41.409817,21.477474,1744,123677.6
shape_R4_0_zabeni,41.409441,21.477578,1745,123720.3
shape_R4_0_zabeni,41.408876,21.477708,1746,123784.1
shape_R4_0_zabeni,41.408501,21.477769,1747,123826.1
shape_R4_0_zabeni,41.408422,21.477777,1748,123834.9
shape_R4_0_zabeni,41.408111,21.477814,1749,123869.6
shape_R4_0_zabeni,41.407537,21.477851,1750,123933.5
shape_R4_0_zabeni,41.407025,21.477846,1751,123990.4
shape_R4_0_zabeni,41.406324,21.477788,1752,124068.5
shape_R4_0_zabeni,41.406266,21.477785,1753,124075.0
shape_R4_0_zabeni,41.404961,21.477562,1754,124221.3
shape_R4_0_zabeni,41.404278,21.477456,1755,124297.7
shape_R4_0_zabeni,41.403911,21.477456,1756,124338.5
shape_R4_0_zabeni,41.403609,21.477456,1757,124372.1
shape_R4_0_zabeni,41.403516,21.477463,1758,124382.5
shape_R4_0_zabeni,41.403274,21.477498,1759,124409.5
shape_R4_0_zabeni,41.402852,21.477608,1760,124457.4
shape_R4_0_zabeni,41.402648,21.477689,1761,124481.0
shape_R4_0_zabeni,41.402250,21.477863,1762,124527.6
shape_R4_0_zabeni,41.400997,21.478577,1763,124679.1
shape_R4_0_zabeni,41.399898,21.479197,1764,124811.8
shape_R4_0_zabeni,41.398727,21.479866,1765,124953.5
shape_R4_0_zabeni,41.397944,21.480326,1766,125048.6
shape_R4_0_zabeni,41.397567,21.480598,1767,125096.3
shape_R4_0_zabeni,41.397171,21.480899,1768,125147.0
shape_R4_0_zabeni,41.397134,21.480931,1769,125151.9
shape_R4_0_zabeni,41.396858,21.481189,1770,125189.4
shape_R4_0_zabeni,41.396438,21.481582,1771,125246.4
shape_R4_0_zabeni,41.395894,21.482194,1772,125325.6
shape_R4_0_zabeni,41.395637,21.482509,1773,125364.4
shape_R4_0_zabeni,41.394814,21.483651,1774,125496.5
shape_R4_0_zabeni,41.394150,21.484573,1775,125603.1
shape_R4_0_zabeni,41.393680,21.485221,1776,125678.3
shape_R4_0_zabeni,41.393117,21.485900,1777,125762.7
shape_R4_0_zabeni,41.392539,21.486481,1778,125843.2
shape_R4_0_zabeni,41.392234,21.486752,1779,125884.0
shape_R4_0_zabeni,41.391730,21.487154,1780,125949.3
shape_R4_0_zabeni,41.391071,21.487602,1781,126031.5
shape_R4_0_zabeni,41.390269,21.488144,1782,126131.5
shape_R4_0_zabeni,41.389593,21.488592,1783,126215.5
shape_R4_0_zabeni,41.388189,21.489503,1784,126389.1
shape_R4_0_zabeni,41.387678,21.489850,1785,126452.9
shape_R4_0_zabeni,41.386413,21.490695,1786,126610.2
shape_R4_0_zabeni,41.385946,21.491009,1787,126668.4
shape_R4_0_zabeni,41.385881,21.491058,1788,126676.7
shape_R4_0_zabeni,41.384774,21.491805,1789,126814.6
shape_R4_0_zabeni,41.384431,21.491984,1790,126855.6
shape_R4_0_zabeni,41.383893,21.492287,1791,126920.5
shape_R4_0_zabeni,41.383378,21.492502,1792,126980.6
shape_R4_0_zabeni,41.383188,21.492570,1793,127002.4
shape_R4_0_zabeni,41.383059,21.492617,1794,127017.3
shape_R4_0_zabeni,41.382162,21.492942,1795,127120.7
shape_R4_0_zabeni,41.381923,21.492998,1796,127147.6
shape_R4_0_zabeni,41.381392,21.493180,1797,127208.6
shape_R4_0_zabeni,41.381336,21.493196,1798,127215.0
shape_R4_0_zabeni,41.381188,21.493246,1799,127232.0
shape_R4_0_zabeni,41.380527,21.493470,1800,127307.8
shape_R4_0_zabeni,41.379504,21.493818,1801,127425.2
shape_R4_0_zabeni,41.378856,21.494017,1802,127499.1
shape_R4_0_zabeni,41.378571,21.494065,1803,127531.1
shape_R4_0_zabeni,41.378184,21.494097,1804,127574.2
shape_R4_0_zabeni,41.377769,21.494060,1805,127620.4
shape_R4_0_zabeni,41.377355,21.493947,1806,127667.4
shape_R4_0_zabeni,41.377013,21.493818,1807,127707.0
shape_R4_0_zabeni,41.376707,21.493641,1808,127744.1
shape_R4_0_zabeni,41.376506,21.493502,1809,127769.2
shape_R4_0_zabeni,41.376437,21.493464,1810,127777.5
shape_R4_0_zabeni,41.375873,21.493081,1811,127847.9
shape_R4_0_zabeni,41.375378,21.492746,1812,127909.7
shape_R4_0_zabeni,41.374976,21.492547,1813,127957.3
shape_R4_0_zabeni,41.374442,21.492348,1814,128019.0
shape_R4_0_zabeni,41.374067,21.492274,1815,128061.1
shape_R4_0_zabeni,41.373572,21.492213,1816,128116.4
shape_R4_0_zabeni,41.373151,21.492249,1817,128163.3
shape_R4_0_zabeni,41.372734,21.492316,1818,128210.0
shape_R4_0_zabeni,41.372090,21.492483,1819,128283.0
shape_R4_0_zabeni,41.370789,21.492858,1820,128431.0
shape_R4_0_zabeni,41.370725,21.492869,1821,128438.2
shape_R4_0_zabeni,41.369376,21.493239,1822,128591.3
shape_R4_0_zabeni,41.369007,21.493380,1823,128634.0
shape_R4_0_zabeni,41.368752,21.493497,1824,128664.0
shape_R4_0_zabeni,41.368529,21.493631,1825,128691.2
shape_R4_0_zabeni,41.368285,21.493809,1826,128722.1
shape_R4_0_zabeni,41.367804,21.494201,1827,128784.8
shape_R4_0_zabeni,41.367158,21.494739,1828,128869.5
shape_R4_0_zabeni,41.366805,21.495019,1829,128915.2
shape_R4_0_zabeni,41.366527,21.495251,1830,128951.7
shape_R4_0_zabeni,41.366298,21.495387,1831,128979.6
shape_R4_0_zabeni,41.365989,21.495552,1832,129016.6
shape_R4_0_zabeni,41.365671,21.495702,1833,129054.1
shape_R4_0_zabeni,41.365296,21.495797,1834,129096.5
shape_R4_0_zabeni,41.364829,21.495921,1835,129149.5
shape_R4_0_zabeni,41.364327,21.496042,1836,129206.2
shape_R4_0_zabeni,41.363618,21.496219,1837,129286.4
shape_R4_0_zabeni,41.362989,21.496370,1838,129357.5
shape_R4_0_zabeni,41.362530,21.496488,1839,129409.5
shape_R4_0_zabeni,41.362488,21.496507,1840,129414.4
shape_R4_0_zabeni,41.362214,21.496595,1841,129445.7
shape_R4_0_zabeni,41.361701,21.496796,1842,129505.2
shape_R4_0_zabeni,41.361274,21.497003,1843,129555.7
shape_R4_0_zabeni,41.360732,21.497322,1844,129621.6
shape_R4_0_zabeni,41.360138,21.497743,1845,129696.4
shape_R4_0_zabeni,41.359742,21.498078,1846,129748.6
shape_R4_0_zabeni,41.359313,21.498497,1847,129807.7
shape_R4_0_zabeni,41.359009,21.498832,1848,129851.6
shape_R4_0_zabeni,41.358675,21.499213,1849,129900.5
shape_R4_0_zabeni,41.358417,21.499559,1850,129941.2
shape_R4_0_zabeni,41.358061,21.500109,1851,130001.8
shape_R4_0_zabeni,41.357773,21.500597,1852,130053.6
shape_R4_0_zabeni,41.357541,21.501021,1853,130097.4
shape_R4_0_zabeni,41.357308,21.501547,1854,130148.4
shape_R4_0_zabeni,41.357253,21.501649,1855,130158.9
shape_R4_0_zabeni,41.357068,21.502112,1856,130202.7
shape_R4_0_zabeni,41.356875,21.502670,1857,130253.9
shape_R4_0_zabeni,41.356666,21.503389,1858,130318.3
shape_R4_0_zabeni,41.356277,21.504677,1859,130434.2
shape_R4_0_zabeni,41.355742,21.506511,1860,130598.4
shape_R4_0_zabeni,41.355371,21.507745,1861,130709.3
shape_R4_0_zabeni,41.354896,21.509379,1862,130855.6
shape_R4_0_zabeni,41.354618,21.510328,1863,130940.6
shape_R4_0_zabeni,41.354119,21.512037,1864,131093.7
shape_R4_0_zabeni,41.354093,21.512123,1865,131101.4
shape_R4_0_zabeni,41.353787,21.513148,1866,131193.5
shape_R4_0_zabeni,41.353547,21.513981,1867,131268.0
shape_R4_0_zabeni,41.353539,21.514006,1868,131270.2
shape_R4_0_zabeni,41.353121,21.515413,1869,131396.5
shape_R4_0_zabeni,41.352574,21.517328,1870,131567.6
shape_R4_0_zabeni,41.352337,21.518095,1871,131636.8
shape_R4_0_zabeni,41.352184,21.518550,1872,131678.4
shape_R4_0_zabeni,41.352169,21.518604,1873,131683.2
shape_R4_0_zabeni,41.352043,21.518940,1874,131714.6
shape_R4_0_zabeni,41.351624,21.519873,1875,131805.3
shape_R4_0_zabeni,41.351417,21.520242,1876,131843.8
shape_R4_0_zabeni,41.351187,21.520635,1877,131885.4
shape_R4_0_zabeni,41.350933,21.521033,1878,131929.0
shape_R4_0_zabeni,41.350712,21.521364,1879,131965.9
shape_R4_0_zabeni,41.350448,21.521654,1880,132004.0
shape_R4_0_zabeni,41.350395,21.521705,1881,132011.3
shape_R4_0_zabeni,41.350135,21.521986,1882,132048.5
shape_R4_0_zabeni,41.349615,21.522467,1883,132118.9
shape_R4_0_zabeni,41.349404,21.522661,1884,132147.4
shape_R4_0_zabeni,41.349016,21.523016,1885,132199.7
shape_R4_0_zabeni,41.348624,21.523363,1886,132252.1
shape_R4_0_zabeni,41.348314,21.523648,1887,132294.0
shape_R4_0_zabeni,41.347861,21.524065,1888,132355.2
shape_R4_0_zabeni,41.347560,21.524376,1889,132397.5
shape_R4_0_zabeni,41.347278,21.524672,1890,132437.5
shape_R4_0_zabeni,41.346940,21.525106,1891,132489.7
shape_R4_0_zabeni,41.346750,21.525358,1892,132519.5
shape_R4_0_zabeni,41.346428,21.525885,1893,132576.2
shape_R4_0_zabeni,41.346217,21.526257,1894,132615.1
shape_R4_0_zabeni,41.346012,21.526716,1895,132659.7
shape_R4_0_zabeni,41.345881,21.527094,1896,132694.5
shape_R4_0_zabeni,41.345710,21.527622,1897,132742.5
shape_R4_0_zabeni,41.345573,21.528167,1898,132790.4
shape_R4_0_zabeni,41.345453,21.528807,1899,132845.5
shape_R4_0_zabeni,41.345374,21.529253,1900,132883.8
shape_R4_0_zabeni,41.345143,21.530683,1901,133005.9
shape_R4_0_zabeni,41.344943,21.531913,1902,133110.9
shape_R4_0_zabeni,41.344870,21.532349,1903,133148.2
shape_R4_0_zabeni,41.344752,21.532814,1904,133189.2
shape_R4_0_zabeni,41.344625,21.533330,1905,133234.5
shape_R4_0_zabeni,41.344331,21.535110,1906,133386.7
shape_R4_0_zabeni,41.343974,21.537262,1907,133570.7
shape_R4_0_zabeni,41.343950,21.537409,1908,133583.2
shape_R4_0_zabeni,41.343579,21.539650,1909,133774.8
shape_R4_0_zabeni,41.343528,21.540260,1910,133826.0
shape_R4_0_zabeni,41.343458,21.541034,1911,133891.1
shape_R4_0_zabeni,41.343370,21.541496,1912,133930.9
shape_R4_0_zabeni,41.343309,21.541869,1913,133962.8
shape_R4_0_zabeni,41.343232,21.542153,1914,133988.0
shape_R4_0_zabeni,41.343160,21.542387,1915,134009.1
shape_R4_0_zabeni,41.343046,21.542653,1916,134034.7
shape_R4_0_zabeni,41.342894,21.542975,1917,134066.4
shape_R4_0_zabeni,41.342732,21.543244,1918,134095.2
shape_R4_0_zabeni,41.342565,21.543474,1919,134121.9
shape_R4_0_zabeni,41.342412,21.543646,1920,134144.2
shape_R4_0_zabeni,41.342286,21.543780,1921,134162.1
shape_R4_0_zabeni,41.342177,21.543877,1922,134176.7
shape_R4_0_zabeni,41.341956,21.544031,1923,134204.4
shape_R4_0_zabeni,41.341749,21.544147,1924,134229.4
shape_R4_0_zabeni,41.341534,21.544261,1925,134255.1
shape_R4_0_zabeni,41.341304,21.544356,1926,134281.9
shape_R4_0_zabeni,41.341017,21.544412,1927,134314.1
shape_R4_0_zabeni,41.340789,21.544436,1928,134339.6
shape_R4_0_zabeni,41.340587,21.544433,1929,134362.0
shape_R4_0_zabeni,41.340393,21.544418,1930,134383.6
shape_R4_0_zabeni,41.340156,21.544366,1931,134410.4
shape_R4_0_zabeni,41.339840,21.544260,1932,134446.6
shape_R4_0_zabeni,41.339433,21.544086,1933,134494.1
shape_R4_0_zabeni,41.339301,21.544031,1934,134509.5
shape_R4_0_zabeni,41.338720,21.543776,1935,134577.5
shape_R4_0_zabeni,41.338223,21.543579,1936,134635.2
shape_R4_0_zabeni,41.337624,21.543335,1937,134704.8
shape_R4_0_zabeni,41.337286,21.543226,1938,134743.5
shape_R4_0_zabeni,41.337002,21.543084,1939,134777.2
shape_R4_0_zabeni,41.336797,21.542964,1940,134802.1
shape_R4_0_zabeni,41.336716,21.542909,1941,134812.2
shape_R4_0_zabeni,41.336477,21.542765,1942,134841.4
shape_R4_0_zabeni,41.336156,21.542511,1943,134882.9
shape_R4_0_zabeni,41.335852,21.542257,1944,134922.8
shape_R4_0_zabeni,41.335564,21.541998,1945,134961.5
shape_R4_0_zabeni,41.335224,21.541588,1946,135012.5
shape_R4_0_zabeni,41.335008,21.541286,1947,135047.3
shape_R4_0_zabeni,41.334736,21.540863,1948,135093.8
shape_R4_0_zabeni,41.334302,21.540120,1949,135172.4
shape_R4_0_zabeni,41.333940,21.539446,1950,135241.6
shape_R4_0_zabeni,41.333626,21.538767,1951,135308.2
shape_R4_0_zabeni,41.333582,21.538653,1952,135318.9
shape_R4_0_zabeni,41.333543,21.538553,1953,135328.3
shape_R4_0_zabeni,41.333402,21.538213,1954,135360.7
shape_R4_0_zabeni,41.333253,21.537761,1955,135401.9
shape_R4_0_zabeni,41.333181,21.537533,1956,135422.6
shape_R4_0_zabeni,41.333060,21.537144,1957,135457.7
shape_R4_0_zabeni,41.332947,21.536747,1958,135493.2
shape_R4_0_zabeni,41.332697,21.535733,1959,135582.3
shape_R4_0_zabeni,41.332540,21.534979,1960,135647.6
shape_R4_0_zabeni,41.332488,21.534730,1961,135669.2
shape_R4_0_zabeni,41.332451,21.534575,1962,135682.8
shape_R4_0_zabeni,41.332071,21.532889,1963,135829.8
shape_R4_0_zabeni,41.331665,21.531092,1964,135986.4
shape_R4_0_zabeni,41.331293,21.529447,1965,136129.9
shape_R4_0_zabeni,41.331160,21.528951,1966,136173.9
shape_R4_0_zabeni,41.331029,21.528541,1967,136211.1
shape_R4_0_zabeni,41.330853,21.528051,1968,136256.4
shape_R4_0_zabeni,41.330729,21.527736,1969,136286.1
shape_R4_0_zabeni,41.330505,21.527186,1970,136338.4
shape_R4_0_zabeni,41.330456,21.527065,1971,136349.8
shape_R4_0_zabeni,41.330207,21.526546,1972,136401.3
shape_R4_0_zabeni,41.329998,21.526168,1973,136440.5
shape_R4_0_zabeni,41.329821,21.525851,1974,136473.4
shape_R4_0_zabeni,41.329518,21.525366,1975,136526.1
shape_R4_0_zabeni,41.329165,21.524870,1976,136583.2
shape_R4_0_zabeni,41.328750,21.524352,1977,136646.4
shape_R4_0_zabeni,41.328384,21.523907,1978,136701.5
shape_R4_0_zabeni,41.328330,21.523845,1979,136709.5
shape_R4_0_zabeni,41.327939,21.523364,1980,136768.7
shape_R4_0_zabeni,41.327353,21.522669,1981,136855.9
shape_R4_0_zabeni,41.327297,21.522603,1982,136864.2
shape_R4_0_zabeni,41.326750,21.521966,1983,136945.0
shape_R4_0_zabeni,41.326378,21.521455,1984,137004.5
shape_R4_0_zabeni,41.326156,21.521166,1985,137039.0
shape_R4_0_zabeni,41.325862,21.520750,1986,137086.7
shape_R4_0_zabeni,41.325641,21.520439,1987,137122.4
shape_R4_0_zabeni,41.325349,21.520007,1988,137171.0
shape_R4_0_zabeni,41.325126,21.519663,1989,137208.9
shape_R4_0_zabeni,41.325069,21.519558,1990,137219.7
shape_R4_0_zabeni,41.324978,21.519417,1991,137235.3
shape_R4_0_zabeni,41.324856,21.519201,1992,137257.8
shape_R4_0_zabeni,41.324466,21.518513,1993,137329.8
shape_R4_0_zabeni,41.324352,21.518317,1994,137350.5
shape_R4_0_zabeni,41.324225,21.518086,1995,137374.4
shape_R4_0_zabeni,41.323892,21.517491,1996,137436.4
shape_R4_0_zabeni,41.323350,21.516512,1997,137538.0
shape_R4_0_zabeni,41.322839,21.515589,1998,137633.7
shape_R4_0_zabeni,41.321608,21.513376,1999,137863.7
shape_R4_0_zabeni,41.321546,21.513267,2000,137875.1
shape_R4_0_zabeni,41.321443,21.513081,2001,137894.4
shape_R4_0_zabeni,41.320750,21.511859,2002,138022.3
shape_R4_0_zabeni,41.320256,21.510968,2003,138114.8
shape_R4_0_zabeni,41.320062,21.510619,2004,138151.0
shape_R4_0_zabeni,41.319679,21.509928,2005,138222.7
shape_R4_0_zabeni,41.319646,21.509868,2006,138229.0
shape_R4_0_zabeni,41.319075,21.508828,2007,138336.5
shape_R4_0_zabeni,41.319024,21.508735,2008,138346.2
shape_R4_0_zabeni,41.318092,21.507063,2009,138520.0
shape_R4_0_zabeni,41.317015,21.505144,2010,138720.1
shape_R4_0_zabeni,41.316569,21.504342,2011,138803.5
shape_R4_0_zabeni,41.316072,21.503445,2012,138896.5
shape_R4_0_zabeni,41.315972,21.503261,2013,138915.5
shape_R4_0_zabeni,41.315667,21.502700,2014,138973.4
shape_R4_0_zabeni,41.315239,21.501868,2015,139057.6
shape_R4_0_zabeni,41.314972,21.501335,2016,139111.1
shape_R4_0_zabeni,41.314930,21.501245,2017,139119.9
shape_R4_0_zabeni,41.314849,21.501055,2018,139138.2
shape_R4_0_zabeni,41.314733,21.500799,2019,139163.1
shape_R4_0_zabeni,41.314601,21.500508,2020,139191.5
shape_R4_0_zabeni,41.314456,21.500154,2021,139225.2
shape_R4_0_zabeni,41.314199,21.499482,2022,139288.2
shape_R4_0_zabeni,41.313935,21.498737,2023,139357.0
shape_R4_0_zabeni,41.313747,21.498154,2024,139410.0
shape_R4_0_zabeni,41.313532,21.497449,2025,139473.5
shape_R4_0_zabeni,41.313273,21.496512,2026,139556.9
shape_R4_0_zabeni,41.313223,21.496303,2027,139575.2
shape_R4_0_zabeni,41.312970,21.495252,2028,139667.4
shape_R4_0_zabeni,41.312722,21.494035,2029,139772.7
shape_R4_0_zabeni,41.312526,21.493098,2030,139854.0
shape_R4_0_zabeni,41.312380,21.492402,2031,139914.3
shape_R4_0_zabeni,41.312208,21.491610,2032,139983.2
shape_R4_0_zabeni,41.311977,21.490541,2033,140076.1
shape_R4_0_zabeni,41.311902,21.490178,2034,140107.5
shape_R4_0_zabeni,41.311692,21.489164,2035,140195.4
shape_R4_0_zabeni,41.311600,21.488804,2036,140227.1
shape_R4_0_zabeni,41.311468,21.488289,2037,140272.6
shape_R4_0_zabeni,41.311310,21.487802,2038,140316.9
shape_R4_0_zabeni,41.311135,21.487321,2039,140361.5
shape_R4_0_zabeni,41.310953,21.486811,2040,140408.7
shape_R4_0_zabeni,41.310764,21.486357,2041,140452.1
shape_R4_0_zabeni,41.310158,21.484714,2042,140604.9
shape_R4_0_zabeni,41.310082,21.484524,2043,140622.9
shape_R4_0_zabeni,41.309927,21.484096,2044,140662.6
shape_R4_0_zabeni,41.309825,21.483817,2045,140688.5
shape_R4_0_zabeni,41.309701,21.483515,2046,140717.3
shape_R4_0_zabeni,41.309588,21.483209,2047,140745.7
shape_R4_0_zabeni,41.309126,21.481961,2048,140862.0
shape_R4_0_zabeni,41.308823,21.481157,2049,140937.1
shape_R4_0_zabeni,41.308699,21.480827,2050,140967.9
shape_R4_0_zabeni,41.308498,21.480295,2051,141017.6
shape_R4_0_zabeni,41.308354,21.479910,2052,141053.6
shape_R4_0_zabeni,41.308154,21.479435,2053,141099.1
shape_R4_0_zabeni,41.307953,21.479002,2054,141141.6
shape_R4_0_zabeni,41.307672,21.478543,2055,141191.0
shape_R4_0_zabeni,41.307610,21.478456,2056,141201.0
shape_R4_0_zabeni,41.307342,21.478050,2057,141246.2
shape_R4_0_zabeni,41.306736,21.477118,2058,141349.2
shape_R4_0_zabeni,41.306330,21.476510,2059,141417.1
shape_R4_0_zabeni,41.305733,21.475583,2060,141519.1
shape_R4_0_zabeni,41.305177,21.474729,2061,141613.5
shape_R4_0_zabeni,41.304548,21.473753,2062,141720.9
shape_R4_0_zabeni,41.304490,21.473650,2063,141731.7
shape_R4_0_zabeni,41.304416,21.473542,2064,141743.9
shape_R4_0_zabeni,41.304225,21.473256,2065,141775.8
shape_R4_0_zabeni,41.303954,21.472850,2066,141821.2
shape_R4_0_zabeni,41.303893,21.472758,2067,141831.5
shape_R4_0_zabeni,41.303836,21.472672,2068,141841.0
shape_R4_0_zabeni,41.303287,21.471828,2069,141934.3
shape_R4_0_zabeni,41.303147,21.471624,2070,141957.4
shape_R4_0_zabeni,41.302937,21.471304,2071,141992.9
shape_R4_0_zabeni,41.302294,21.470300,2072,142103.1
shape_R4_0_zabeni,41.300995,21.468301,2073,142323.9
shape_R4_0_zabeni,41.299697,21.466326,2074,142543.1
shape_R4_0_zabeni,41.299206,21.465569,2075,142626.6
shape_R4_0_zabeni,41.298831,21.464992,2076,142690.3
shape_R4_0_zabeni,41.298167,21.463978,2077,142802.7
shape_R4_0_zabeni,41.296940,21.462105,2078,143010.3
shape_R4_0_zabeni,41.295868,21.460472,2079,143191.5
shape_R4_0_zabeni,41.295005,21.459132,2080,143338.9
shape_R4_0_zabeni,41.293692,21.457135,2081,143560.6
shape_R4_0_zabeni,41.292393,21.455154,2082,143780.3
shape_R4_0_zabeni,41.291560,21.453875,2083,143921.7
shape_R4_0_zabeni,41.290176,21.451768,2084,144155.5
shape_R4_0_zabeni,41.289231,21.450317,2085,144316.0
shape_R4_0_zabeni,41.288662,21.449448,2086,144412.3
shape_R4_0_zabeni,41.287629,21.447864,2087,144587.5
shape_R4_0_zabeni,41.286800,21.446595,2088,144728.0
shape_R4_0_zabeni,41.285721,21.444962,2089,144909.7
shape_R4_0_zabeni,41.285126,21.444053,2090,145010.4
shape_R4_0_zabeni,41.284446,21.442996,2091,145126.7
shape_R4_0_zabeni,41.281334,21.438248,2092,145653.1
shape_R4_0_zabeni,41.280844,21.437370,2093,145744.5
shape_R4_0_zabeni,41.280493,21.436717,2094,145811.6
shape_R4_0_zabeni,41.280118,21.435947,2095,145888.3
shape_R4_0_zabeni,41.279441,21.434465,2096,146033.2
shape_R4_0_zabeni,41.277728,21.430721,2097,146399.5
shape_R4_0_zabeni,41.277661,21.430571,2098,146414.1
shape_R4_0_zabeni,41.275962,21.426936,2099,146771.8
shape_R4_0_zabeni,41.275903,21.426808,2100,146784.3
shape_R4_0_zabeni,41.275653,21.426267,2101,146837.4
shape_R4_0_zabeni,41.274243,21.423059,2102,147148.0
shape_R4_0_zabeni,41.271176,21.416334,2103,147805.4
shape_R4_0_zabeni,41.271057,21.416074,2104,147830.8
shape_R4_0_zabeni,41.270724,21.415354,2105,147901.5
shape_R4_0_zabeni,41.270526,21.414957,2106,147941.3
shape_R4_0_zabeni,41.270350,21.414623,2107,147975.4
shape_R4_0_zabeni,41.270120,21.414268,2108,148014.6
shape_R4_0_zabeni,41.269965,21.414061,2109,148039.0
shape_R4_0_zabeni,41.269683,21.413701,2110,148082.4
shape_R4_0_zabeni,41.269492,21.413487,2111,148110.2
shape_R4_0_zabeni,41.269233,21.413235,2112,148145.9
shape_R4_0_zabeni,41.268949,21.412996,2113,148183.2
shape_R4_0_zabeni,41.268776,21.412845,2114,148206.3
shape_R4_0_zabeni,41.268455,21.412658,2115,148245.2
shape_R4_0_zabeni,41.267927,21.412379,2116,148308.4
shape_R4_0_zabeni,41.267689,21.412266,2117,148336.5
shape_R4_0_zabeni,41.267441,21.412183,2118,148364.9
shape_R4_0_zabeni,41.267145,21.412108,2119,148398.4
shape_R4_0_zabeni,41.266705,21.412049,2120,148447.6
shape_R4_0_zabeni,41.266375,21.412033,2121,148484.3
shape_R4_0_zabeni,41.265951,21.412030,2122,148531.5
shape_R4_0_zabeni,41.265305,21.412019,2123,148603.3
shape_R4_0_zabeni,41.264177,21.411998,2124,148728.7
shape_R4_0_zabeni,41.263883,21.411982,2125,148761.5
shape_R4_0_zabeni,41.263423,21.411958,2126,148812.7
shape_R4_0_zabeni,41.262530,21.411926,2127,148912.0
shape_R4_0_zabeni,41.261058,21.411886,2128,149075.7
shape_R4_0_zabeni,41.259805,21.411872,2129,149215.0
shape_R4_0_zabeni,41.259559,21.411869,2130,149242.4
shape_R4_0_zabeni,41.256631,21.411741,2131,149568.1
shape_R4_0_zabeni,41.256123,21.411687,2132,149624.8
shape_R4_0_zabeni,41.255802,21.411590,2133,149661.4
shape_R4_0_zabeni,41.255621,21.411521,2134,149682.3
shape_R4_0_zabeni,41.255290,21.411338,2135,149722.2
shape_R4_0_zabeni,41.254838,21.411065,2136,149777.4
shape_R4_0_zabeni,41.254455,21.410804,2137,149825.3
shape_R4_0_zabeni,41.254294,21.410695,2138,149845.3
shape_R4_0_zabeni,41.253350,21.410040,2139,149963.7
shape_R4_0_zabeni,41.252479,21.409445,2140,150072.6
shape_R4_0_zabeni,41.251938,21.409093,2141,150139.6
shape_R4_0_zabeni,41.251694,21.408898,2142,150171.2
shape_R4_0_zabeni,41.250041,21.407747,2143,150378.7
shape_R4_0_zabeni,41.249960,21.407699,2144,150388.6
shape_R4_0_zabeni,41.249640,21.407524,2145,150427.0
shape_R4_0_zabeni,41.249236,21.407320,2146,150475.1
shape_R4_0_zabeni,41.248990,21.407229,2147,150503.5
shape_R4_0_zabeni,41.248724,21.407170,2148,150533.5
shape_R4_0_zabeni,41.248442,21.407159,2149,150564.8
shape_R4_0_zabeni,41.248151,21.407176,2150,150597.2
shape_R4_0_zabeni,41.247748,21.407245,2151,150642.4
shape_R4_0_zabeni,41.246937,21.407438,2152,150734.0
shape_R4_0_zabeni,41.245461,21.407803,2153,150901.0
shape_R4_0_zabeni,41.244404,21.408045,2154,151020.2
shape_R4_0_zabeni,41.243809,21.408187,2155,151087.4
shape_R4_0_zabeni,41.243485,21.408265,2156,151124.0
shape_R4_0_zabeni,41.243228,21.408315,2157,151152.9
shape_R4_0_zabeni,41.242888,21.408382,2158,151191.1
shape_R4_0_zabeni,41.242420,21.408436,2159,151243.4
shape_R4_0_zabeni,41.241867,21.408463,2160,151304.9
shape_R4_0_zabeni,41.240946,21.408490,2161,151407.3
shape_R4_0_zabeni,41.240665,21.408505,2162,151438.6
shape_R4_0_zabeni,41.240395,21.408518,2163,151468.7
shape_R4_0_zabeni,41.240209,21.408527,2164,151489.4
shape_R4_0_zabeni,41.240000,21.408537,2165,151512.6
shape_R4_0_zabeni,41.238910,21.408586,2166,151633.9
shape_R4_0_zabeni,41.238342,21.408583,2167,151697.0
shape_R4_0_zabeni,41.237839,21.408505,2168,151753.4
shape_R4_0_zabeni,41.237485,21.408392,2169,151793.8
shape_R4_0_zabeni,41.237107,21.408233,2170,151837.9
shape_R4_0_zabeni,41.236793,21.408045,2171,151876.2
shape_R4_0_zabeni,41.236514,21.407822,2172,151912.4
shape_R4_0_zabeni,41.236338,21.407620,2173,151938.3
shape_R4_0_zabeni,41.235465,21.406729,2174,152060.6
shape_R4_0_zabeni,41.235005,21.406332,2175,152121.6
shape_R4_0_zabeni,41.234475,21.405844,2176,152193.3
shape_R4_0_zabeni,41.234177,21.405628,2177,152231.0
shape_R4_0_zabeni,41.233770,21.405373,2178,152281.1
shape_R4_0_zabeni,41.233309,21.405122,2179,152336.4
shape_R4_0_zabeni,41.231867,21.404531,2180,152504.2
shape_R4_0_zabeni,41.231654,21.404449,2181,152528.9
shape_R4_0_zabeni,41.230651,21.404047,2182,152645.4
shape_R4_0_zabeni,41.229719,21.403669,2183,152753.7
shape_R4_0_zabeni,41.228781,21.403275,2184,152863.1
shape_R4_0_zabeni,41.227746,21.402859,2185,152983.3
shape_R4_0_zabeni,41.227342,21.402702,2186,153030.1
shape_R4_0_zabeni,41.226939,21.402556,2187,153076.6
shape_R4_0_zabeni,41.226523,21.402406,2188,153124.5
shape_R4_0_zabeni,41.226172,21.402317,2189,153164.2
shape_R4_0_zabeni,41.225772,21.402219,2190,153209.5
shape_R4_0_zabeni,41.225324,21.402163,2191,153259.5
shape_R4_0_zabeni,41.224971,21.402117,2192,153298.9
shape_R4_0_zabeni,41.224648,21.402112,2193,153334.9
shape_R4_0_zabeni,41.224223,21.402107,2194,153382.1
shape_R4_0_zabeni,41.223945,21.402120,2195,153413.1
shape_R4_0_zabeni,41.223689,21.402149,2196,153441.6
shape_R4_0_zabeni,41.223381,21.402209,2197,153476.2
shape_R4_0_zabeni,41.223040,21.402269,2198,153514.5
shape_R4_0_zabeni,41.222707,21.402350,2199,153552.1
shape_R4_0_zabeni,41.222175,21.402525,2200,153613.1
shape_R4_0_zabeni,41.221804,21.402672,2201,153656.1
shape_R4_0_zabeni,41.221244,21.402918,2202,153721.7
shape_R4_0_zabeni,41.220507,21.403268,2203,153808.7
shape_R4_0_zabeni,41.219985,21.403492,2204,153869.7
shape_R4_0_zabeni,41.219133,21.403887,2205,153970.0
shape_R4_0_zabeni,41.218339,21.404249,2206,154063.4
shape_R4_0_zabeni,41.217579,21.404599,2207,154152.8
shape_R4_0_zabeni,41.216400,21.405141,2208,154291.5
shape_R4_0_zabeni,41.215964,21.405337,2209,154342.7
shape_R4_0_zabeni,41.215028,21.405771,2210,154452.9
shape_R4_0_zabeni,41.214573,21.405979,2211,154506.4
shape_R4_0_zabeni,41.213887,21.406294,2212,154587.1
shape_R4_0_zabeni,41.213073,21.406672,2213,154683.0
shape_R4_0_zabeni,41.212244,21.407048,2214,154780.4
shape_R4_0_zabeni,41.211791,21.407247,2215,154833.5
shape_R4_0_zabeni,41.211433,21.407377,2216,154874.7
shape_R4_0_zabeni,41.211164,21.407462,2217,154905.5
shape_R4_0_zabeni,41.210728,21.407576,2218,154954.9
shape_R4_0_zabeni,41.210533,21.407618,2219,154976.8
shape_R4_0_zabeni,41.210194,21.407679,2220,155014.9
shape_R4_0_zabeni,41.209427,21.407770,2221,155100.5
shape_R4_0_zabeni,41.208626,21.407858,2222,155189.9
shape_R4_0_zabeni,41.208244,21.407893,2223,155232.5
shape_R4_0_zabeni,41.207427,21.407934,2224,155323.4
shape_R4_0_zabeni,41.206876,21.407993,2225,155384.8
shape_R4_0_zabeni,41.206604,21.408021,2226,155415.2
shape_R4_0_zabeni,41.206248,21.408058,2227,155454.9
shape_R4_0_zabeni,41.205826,21.408103,2228,155502.0
shape_R4_0_zabeni,41.205653,21.408125,2229,155521.3
shape_R4_0_zabeni,41.205564,21.408138,2230,155531.2
shape_R4_0_zabeni,41.204768,21.408226,2231,155620.1
shape_R4_0_zabeni,41.204091,21.408290,2232,155695.5
shape_R4_0_zabeni,41.203237,21.408382,2233,155790.8
shape_R4_0_zabeni,41.202730,21.408442,2234,155847.4
shape_R4_0_zabeni,41.202315,21.408497,2235,155893.8
shape_R4_0_zabeni,41.202256,21.408502,2236,155900.3
shape_R4_0_zabeni,41.201786,21.408548,2237,155952.7
shape_R4_0_zabeni,41.200955,21.408640,2238,156045.5
shape_R4_0_zabeni,41.200753,21.408659,2239,156068.0
shape_R4_0_zabeni,41.200297,21.408703,2240,156118.8
shape_R4_0_zabeni,41.198792,21.408870,2241,156286.8
shape_R4_0_zabeni,41.197661,21.408996,2242,156413.0
shape_R4_0_zabeni,41.197539,21.409012,2243,156426.6
shape_R4_0_zabeni,41.196454,21.409124,2244,156547.6
shape_R4_0_zabeni,41.195182,21.409258,2245,156689.5
shape_R4_0_zabeni,41.195039,21.409272,2246,156705.4
shape_R4_0_zabeni,41.193960,21.409388,2247,156825.8
shape_R4_0_zabeni,41.193887,21.409395,2248,156833.9
shape_R4_0_zabeni,41.193742,21.409411,2249,156850.1
shape_R4_0_zabeni,41.193369,21.409451,2250,156891.7
shape_R4_0_zabeni,41.192942,21.409496,2251,156939.4
shape_R4_0_zabeni,41.192327,21.409574,2252,157008.0
shape_R4_0_zabeni,41.192098,21.409595,2253,157033.6
shape_R4_0_zabeni,41.191750,21.409647,2254,157072.5
shape_R4_0_zabeni,41.191504,21.409653,2255,157099.9
shape_R4_0_zabeni,41.191372,21.409654,2256,157114.5
shape_R4_0_zabeni,41.191282,21.409642,2257,157124.6
shape_R4_0_zabeni,41.191095,21.409616,2258,157145.5
shape_R4_0_zabeni,41.190866,21.409586,2259,157171.1
shape_R4_0_zabeni,41.190625,21.409518,2260,157198.5
shape_R4_0_zabeni,41.190320,21.409395,2261,157233.9
shape_R4_0_zabeni,41.189988,21.409220,2262,157273.7
shape_R4_0_zabeni,41.189703,21.409041,2263,157308.7
shape_R4_0_zabeni,41.189363,21.408801,2264,157351.5
shape_R4_0_zabeni,41.188365,21.408122,2265,157476.2
shape_R4_0_zabeni,41.187663,21.407632,2266,157564.4
shape_R4_0_zabeni,41.187355,21.407388,2267,157604.2
shape_R4_0_zabeni,41.186254,21.406589,2268,157743.7
shape_R4_0_zabeni,41.185448,21.406035,2269,157844.6
shape_R4_0_zabeni,41.185072,21.405763,2270,157892.2
shape_R4_0_zabeni,41.185004,21.405718,2271,157900.7
shape_R4_0_zabeni,41.184516,21.405376,2272,157962.0
shape_R4_0_zabeni,41.183977,21.404993,2273,158030.0
shape_R4_0_zabeni,41.183355,21.404554,2274,158108.3
shape_R4_0_zabeni,41.182735,21.404118,2275,158186.3
shape_R4_0_zabeni,41.182228,21.403754,2276,158250.4
shape_R4_0_zabeni,41.181747,21.403427,2277,158310.5
shape_R4_0_zabeni,41.181344,21.403208,2278,158358.9
shape_R4_0_zabeni,41.181015,21.403069,2279,158397.3
shape_R4_0_zabeni,41.180740,21.403005,2280,158428.3
shape_R4_0_zabeni,41.180434,21.402961,2281,158462.5
shape_R4_0_zabeni,41.180163,21.402953,2282,158492.7
shape_R4_0_zabeni,41.180054,21.402950,2283,158504.8
shape_R4_0_zabeni,41.179765,21.402976,2284,158537.0
shape_R4_0_zabeni,41.179489,21.403041,2285,158568.2
shape_R4_0_zabeni,41.179140,21.403164,2286,158608.3
shape_R4_0_zabeni,41.178698,21.403338,2287,158659.6
shape_R4_0_zabeni,41.177932,21.403674,2288,158749.3
shape_R4_0_zabeni,41.177363,21.403915,2289,158815.7
shape_R4_0_zabeni,41.176983,21.404041,2290,158859.2
shape_R4_0_zabeni,41.176731,21.404084,2291,158887.5
shape_R4_0_zabeni,41.176447,21.404106,2292,158919.1
shape_R4_0_zabeni,41.176150,21.404080,2293,158952.2
shape_R4_0_zabeni,41.175881,21.404030,2294,158982.4
shape_R4_0_zabeni,41.175756,21.404007,2295,158996.5
shape_R4_0_zabeni,41.175528,21.403954,2296,159022.2
shape_R4_0_zabeni,41.175223,21.403804,2297,159058.4
shape_R4_0_zabeni,41.174775,21.403506,2298,159114.1
shape_R4_0_zabeni,41.174477,21.403226,2299,159154.7
shape_R4_0_zabeni,41.174192,21.402914,2300,159195.7
shape_R4_0_zabeni,41.173996,21.402698,2301,159224.0
shape_R4_0_zabeni,41.173934,21.402613,2302,159233.9
shape_R4_0_zabeni,41.173636,21.402291,2303,159276.7
shape_R4_0_zabeni,41.173210,21.401802,2304,159339.3
shape_R4_0_zabeni,41.173049,21.401616,2305,159363.0
shape_R4_0_zabeni,41.172851,21.401390,2306,159392.0
shape_R4_0_zabeni,41.172633,21.401154,2307,159423.3
shape_R4_0_zabeni,41.171533,21.399917,2308,159583.5
shape_R4_0_zabeni,41.171448,21.399825,2309,159595.7
shape_R4_0_zabeni,41.170652,21.398981,2310,159709.0
shape_R4_0_zabeni,41.169483,21.397683,2311,159878.4
shape_R4_0_zabeni,41.169006,21.397173,2312,159946.5
shape_R4_0_zabeni,41.168582,21.396766,2313,160004.6
shape_R4_0_zabeni,41.168190,21.396462,2314,160055.1
shape_R4_0_zabeni,41.167906,21.396230,2315,160092.2
shape_R4_0_zabeni,41.167748,21.396154,2316,160110.9
shape_R4_0_zabeni,41.167346,21.395889,2317,160160.8
shape_R4_0_zabeni,41.166762,21.395560,2318,160231.3
shape_R4_0_zabeni,41.165902,21.395036,2319,160336.5
shape_R4_0_zabeni,41.164718,21.394335,2320,160480.7
shape_R4_0_zabeni,41.163383,21.393547,2321,160643.1
shape_R4_0_zabeni,41.162168,21.392775,2322,160792.9
shape_R4_0_zabeni,41.160491,21.391776,2323,160997.2
shape_R4_0_zabeni,41.159450,21.391201,2324,161122.6
shape_R4_0_zabeni,41.159382,21.391163,2325,161130.8
shape_R4_0_zabeni,41.158200,21.390460,2326,161274.8
shape_R4_0_zabeni,41.157273,21.389908,2327,161387.8
shape_R4_0_zabeni,41.157168,21.389838,2328,161400.8
shape_R4_0_zabeni,41.156857,21.389640,2329,161439.2
shape_R4_0_zabeni,41.156716,21.389560,2330,161456.2
shape_R4_0_zabeni,41.155864,21.388996,2331,161562.1
shape_R4_0_zabeni,41.154587,21.387998,2332,161726.8
shape_R4_0_zabeni,41.154535,21.387950,2333,161733.9
shape_R4_0_zabeni,41.153957,21.387424,2334,161811.8
shape_R4_0_zabeni,41.153242,21.386732,2335,161910.2
shape_R4_0_zabeni,41.152713,21.386110,2336,161988.7
shape_R4_0_zabeni,41.152091,21.385386,2337,162080.7
shape_R4_0_zabeni,41.151368,21.384469,2338,162191.9
shape_R4_0_zabeni,41.150084,21.382823,2339,162390.3
shape_R4_0_zabeni,41.148759,21.381191,2340,162591.2
shape_R4_0_zabeni,41.148632,21.381011,2341,162611.9
shape_R4_0_zabeni,41.146755,21.378680,2342,162897.6
shape_R4_0_zabeni,41.144986,21.376497,2343,163166.2
shape_R4_0_zabeni,41.144190,21.375510,2344,163287.3
shape_R4_0_zabeni,41.143249,21.374491,2345,163422.3
shape_R4_0_zabeni,41.142946,21.374201,2346,163463.8
shape_R4_0_zabeni,41.142905,21.374164,2347,163469.3
shape_R4_0_zabeni,41.142518,21.373834,2348,163520.5
shape_R4_0_zabeni,41.141592,21.373112,2349,163639.9
shape_R4_0_zabeni,41.141044,21.372761,2350,163707.5
shape_R4_0_zabeni,41.140803,21.372619,2351,163736.8
shape_R4_0_zabeni,41.140225,21.372270,2352,163807.4
shape_R4_0_zabeni,41.139563,21.371932,2353,163886.3
shape_R4_0_zabeni,41.138254,21.371449,2354,164037.4
shape_R4_0_zabeni,41.137846,21.371315,2355,164084.1
shape_R4_0_zabeni,41.136856,21.370967,2356,164198.0
shape_R4_0_zabeni,41.136048,21.370672,2357,164291.2
shape_R4_0_zabeni,41.134509,21.370124,2358,164468.4
shape_R4_0_zabeni,41.133385,21.369620,2359,164600.3
shape_R4_0_zabeni,41.132363,21.369046,2360,164723.7
shape_R4_0_zabeni,41.131131,21.368225,2361,164876.9
shape_R4_0_zabeni,41.130363,21.367619,2362,164976.3
shape_R4_0_zabeni,41.129791,21.367117,2363,165052.5
shape_R4_0_zabeni,41.129434,21.366804,2364,165100.1
shape_R4_0_zabeni,41.128610,21.366083,2365,165209.8
shape_R4_0_zabeni,41.126763,21.364479,2366,165455.2
shape_R4_0_zabeni,41.125726,21.363608,2367,165591.7
shape_R4_0_zabeni,41.125555,21.363465,2368,165614.2
shape_R4_0_zabeni,41.124876,21.362950,2369,165701.1
shape_R4_0_zabeni,41.124659,21.362823,2370,165727.5
shape_R4_0_zabeni,41.124120,21.362505,2371,165793.1
shape_R4_0_zabeni,41.123054,21.362054,2372,165917.5
shape_R4_0_zabeni,41.122391,21.361867,2373,165992.9
shape_R4_0_zabeni,41.121934,21.361775,2374,166044.3
shape_R4_0_zabeni,41.121425,21.361722,2375,166101.0
shape_R4_0_zabeni,41.120710,21.361706,2376,166180.5
shape_R4_0_zabeni,41.120253,21.361732,2377,166231.4
shape_R4_0_zabeni,41.120023,21.361754,2378,166257.0
shape_R4_0_zabeni,41.119946,21.361765,2379,166265.7
shape_R4_0_zabeni,41.119643,21.361818,2380,166299.6
shape_R4_0_zabeni,41.118358,21.362060,2381,166444.0
shape_R4_0_zabeni,41.116454,21.362457,2382,166658.3
shape_R4_0_zabeni,41.116026,21.362526,2383,166706.2
shape_R4_0_zabeni,41.115193,21.362687,2384,166799.8
shape_R4_0_zabeni,41.114429,21.362727,2385,166884.8
shape_R4_0_zabeni,41.113512,21.362720,2386,166986.8
shape_R4_0_zabeni,41.113204,21.362707,2387,167021.1
shape_R4_0_zabeni,41.112763,21.362703,2388,167070.1
shape_R4_0_zabeni,41.111842,21.362694,2389,167172.5
shape_R4_0_zabeni,41.111491,21.362693,2390,167211.5
shape_R4_0_zabeni,41.110413,21.362657,2391,167331.4
shape_R4_0_zabeni,41.108755,21.362602,2392,167515.9
shape_R4_0_zabeni,41.108598,21.362596,2393,167533.3
shape_R4_0_zabeni,41.106652,21.362525,2394,167749.8
shape_R4_0_zabeni,41.105513,21.362494,2395,167876.5
shape_R4_0_zabeni,41.104907,21.362478,2396,167943.9
shape_R4_0_zabeni,41.104369,21.362382,2397,168004.2
shape_R4_0_zabeni,41.104054,21.362285,2398,168040.2
shape_R4_0_zabeni,41.103626,21.362097,2399,168090.3
shape_R4_0_zabeni,41.103376,21.361961,2400,168120.4
shape_R4_0_zabeni,41.102910,21.361706,2401,168176.4
shape_R4_0_zabeni,41.101742,21.360981,2402,168319.8
shape_R4_0_zabeni,41.100901,21.360475,2403,168422.5
shape_R4_0_zabeni,41.100157,21.360027,2404,168513.3
shape_R4_0_zabeni,41.098718,21.359141,2405,168689.7
shape_R4_0_zabeni,41.097732,21.358549,2406,168810.1
shape_R4_0_zabeni,41.097077,21.358154,2407,168890.1
shape_R4_0_zabeni,41.096815,21.357994,2408,168922.1
shape_R4_0_zabeni,41.094954,21.356852,2409,169150.1
shape_R4_0_zabeni,41.094639,21.356652,2410,169188.9
shape_R4_0_zabeni,41.093192,21.355773,2411,169365.9
shape_R4_0_zabeni,41.092416,21.355295,2412,169461.0
shape_R4_0_zabeni,41.092222,21.355177,2413,169484.8
shape_R4_0_zabeni,41.091065,21.354466,2414,169626.5
shape_R4_0_zabeni,41.090325,21.354029,2415,169716.6
shape_R4_0_zabeni,41.089873,21.353809,2416,169770.1
shape_R4_0_zabeni,41.089327,21.353605,2417,169833.2
shape_R4_0_zabeni,41.088660,21.353357,2418,169910.2
shape_R4_0_zabeni,41.088530,21.353307,2419,169925.3
shape_R4_0_zabeni,41.088264,21.353193,2420,169956.4
shape_R4_0_zabeni,41.083355,21.351432,2421,170521.8
shape_R4_0_zabeni,41.083091,21.351338,2422,170552.2
shape_R4_0_zabeni,41.082708,21.351201,2423,170596.3
shape_R4_0_zabeni,41.081924,21.351004,2424,170685.1
shape_R4_0_zabeni,41.079813,21.350505,2425,170923.5
shape_R4_0_zabeni,41.079568,21.350447,2426,170951.2
shape_R4_0_zabeni,41.079262,21.350374,2427,170985.7
shape_R4_0_zabeni,41.078345,21.350156,2428,171089.3
shape_R4_0_zabeni,41.077120,21.349840,2429,171228.1
shape_R4_0_zabeni,41.075227,21.349394,2430,171441.9
shape_R4_0_zabeni,41.074727,21.349284,2431,171498.2
shape_R4_0_zabeni,41.072902,21.348858,2432,171704.3
shape_R4_0_zabeni,41.072728,21.348820,2433,171723.9
shape_R4_0_zabeni,41.072441,21.348767,2434,171756.1
shape_R4_0_zabeni,41.071622,21.348626,2435,171847.9
shape_R4_0_zabeni,41.068981,21.347975,2436,172146.6
shape_R4_0_zabeni,41.066569,21.347458,2437,172418.3
shape_R4_0_zabeni,41.064817,21.347025,2438,172616.5
shape_R4_0_zabeni,41.063853,21.346822,2439,172725.0
shape_R4_0_zabeni,41.063246,21.346741,2440,172792.9
shape_R4_0_zabeni,41.062921,21.346701,2441,172829.2
shape_R4_0_zabeni,41.062487,21.346691,2442,172877.4
shape_R4_0_zabeni,41.062185,21.346707,2443,172911.0
shape_R4_0_zabeni,41.061878,21.346740,2444,172945.3
shape_R4_0_zabeni,41.061482,21.346782,2445,172989.4
shape_R4_0_zabeni,41.060705,21.346938,2446,173076.8
shape_R4_0_zabeni,41.060260,21.347080,2447,173127.7
shape_R4_0_zabeni,41.059892,21.347217,2448,173170.2
shape_R4_0_zabeni,41.059616,21.347345,2449,173202.7
shape_R4_0_zabeni,41.059136,21.347582,2450,173259.7
shape_R4_0_zabeni,41.058177,21.348075,2451,173374.1
shape_R4_0_zabeni,41.057499,21.348446,2452,173455.6
shape_R4_0_zabeni,41.057380,21.348508,2453,173469.8
shape_R4_0_zabeni,41.056320,21.349062,2454,173596.5
shape_R4_0_zabeni,41.054785,21.349899,2455,173781.1
shape_R4_0_zabeni,41.054290,21.350124,2456,173839.3
shape_R4_0_zabeni,41.053861,21.350317,2457,173889.6
shape_R4_0_zabeni,41.053307,21.350484,2458,173952.8
shape_R4_0_zabeni,41.052894,21.350559,2459,173999.2
shape_R4_0_zabeni,41.052283,21.350602,2460,174067.2
shape_R4_0_zabeni,41.051474,21.350500,2461,174157.6
shape_R4_0_zabeni,41.051393,21.350484,2462,174166.7
shape_R4_0_zabeni,41.050843,21.350312,2463,174229.5
shape_R4_0_zabeni,41.050231,21.350074,2464,174300.4
shape_R4_0_zabeni,41.049315,21.349668,2465,174407.8
shape_R4_0_zabeni,41.048685,21.349409,2466,174481.1
shape_R4_0_zabeni,41.046797,21.348660,2467,174700.3
shape_R4_0_zabeni,41.045936,21.348333,2468,174799.9
shape_R4_0_zabeni,41.045305,21.348218,2469,174870.7
shape_R4_0_zabeni,41.044900,21.348204,2470,174915.7
shape_R4_0_zabeni,41.044491,21.348273,2471,174961.6
shape_R4_0_zabeni,41.043977,21.348440,2472,175020.4
shape_R4_0_zabeni,41.043342,21.348687,2473,175094.0
shape_R4_0_zabeni,41.042921,21.348815,2474,175142.0
shape_R4_0_zabeni,41.042590,21.348831,2475,175178.9
shape_R4_0_zabeni,41.042153,21.348837,2476,175227.5
shape_R4_0_zabeni,41.041760,21.348713,2477,175272.4
shape_R4_0_zabeni,41.040354,21.348157,2478,175435.5
shape_R4_0_zabeni,41.040003,21.348014,2479,175476.4
shape_R4_0_zabeni,41.039248,21.347791,2480,175562.4
shape_R4_0_zabeni,41.038835,21.347779,2481,175608.3
shape_R4_0_zabeni,41.038404,21.347830,2482,175656.4
shape_R4_0_zabeni,41.036937,21.348322,2483,175824.7
shape_R4_0_zabeni,41.035246,21.348960,2484,176020.2
shape_R4_0_zabeni,41.033708,21.349523,2485,176197.6
shape_R4_0_zabeni,41.033283,21.349679,2486,176246.6
shape_R4_0_zabeni,41.032818,21.349786,2487,176299.1
shape_R4_0_zabeni,41.032478,21.349829,2488,176337.1
shape_R4_0_zabeni,41.032167,21.349797,2489,176371.8
shape_R4_0_zabeni,41.031855,21.349716,2490,176407.1
shape_R4_0_zabeni,41.031527,21.349582,2491,176445.3
shape_R4_0_zabeni,41.031207,21.349384,2492,176484.6
shape_R4_0_zabeni,41.031037,21.349250,2493,176506.6
shape_R4_0_zabeni,41.030969,21.349191,2494,176515.6
shape_R4_0_zabeni,41.030532,21.348805,2495,176574.0
shape_R4_0_zabeni,41.029867,21.348182,2496,176664.5
shape_R4_0_zabeni,41.029389,21.347707,2497,176731.0
shape_R4_0_zabeni,41.029184,21.347505,2498,176759.4
shape_R4_0_zabeni,41.028874,21.347226,2499,176801.0
shape_R4_0_zabeni,41.028364,21.346780,2500,176869.0
shape_R4_0_zabeni,41.028091,21.346603,2501,176902.8
shape_R4_0_zabeni,41.027776,21.346433,2502,176940.6
shape_R4_0_zabeni,41.027712,21.346397,2503,176948.3
shape_R4_0_zabeni,41.026473,21.345678,2504,177098.7
shape_R4_0_zabeni,41.025808,21.345298,2505,177179.2
shape_R4_0_zabeni,41.025536,21.345156,2506,177211.7
shape_R4_0_zabeni,41.025248,21.344941,2507,177248.5
shape_R4_0_zabeni,41.024437,21.344482,2508,177346.5
shape_R4_0_zabeni,41.023545,21.343984,2509,177454.2
shape_R4_0_zabeni,41.023003,21.343689,2510,177519.3
shape_R4_0_zabeni,41.022587,21.343515,2511,177567.8
shape_R4_0_zabeni,41.022031,21.343327,2512,177631.6
shape_R4_0_zabeni,41.021647,21.343218,2513,177675.3
shape_R4_0_zabeni,41.021286,21.343143,2514,177715.9
shape_R4_0_zabeni,41.020333,21.343033,2515,177822.3
shape_R4_0_zabeni,41.019866,21.343011,2516,177874.3
shape_R4_0_zabeni,41.019493,21.343033,2517,177915.8
shape_R4_0_zabeni,41.019030,21.343086,2518,177967.4
shape_R4_0_zabeni,41.018331,21.343110,2519,178045.2
shape_R4_0_zabeni,41.017942,21.343171,2520,178088.8
shape_R4_0_zabeni,41.017467,21.343322,2521,178143.1
shape_R4_0_zabeni,41.017146,21.343456,2522,178180.5
shape_R4_0_zabeni,41.016912,21.343598,2523,178209.1
shape_R4_0_zabeni,41.016630,21.343812,2524,178245.2
shape_R4_0_zabeni,41.016339,21.344033,2525,178282.5
shape_R4_0_zabeni,41.015836,21.344430,2526,178347.6
shape_R4_0_zabeni,41.015571,21.344657,2527,178382.7
shape_R4_0_zabeni,41.015352,21.344866,2528,178412.7
shape_R4_0_zabeni,41.015130,21.345161,2529,178447.7
shape_R4_0_zabeni,41.014970,21.345387,2530,178473.7
shape_R4_0_zabeni,41.014851,21.345593,2531,178495.5
shape_R4_0_zabeni,41.014746,21.345823,2532,178518.0
shape_R4_0_zabeni,41.014617,21.346158,2533,178549.6
shape_R4_0_zabeni,41.014409,21.346793,2534,178607.6
shape_R4_0_zabeni,41.014151,21.347532,2535,178676.0
shape_R4_0_zabeni,41.014039,21.347817,2536,178702.9
shape_R4_0_zabeni,41.013899,21.348152,2537,178735.1
shape_R4_0_zabeni,41.013669,21.348636,2538,178783.0
shape_R4_0_zabeni,41.013576,21.348833,2539,178802.5
shape_R4_0_zabeni,41.013492,21.349010,2540,178820.1
shape_R4_0_zabeni,41.013398,21.349204,2541,178839.4
shape_R4_0_zabeni,41.013256,21.349497,2542,178868.6
shape_R4_0_zabeni,41.013182,21.349652,2543,178884.0
shape_R4_0_zabeni,41.013071,21.349890,2544,178907.5
shape_R4_0_zabeni,41.012660,21.350751,2545,178993.0
shape_R4_0_zabeni,41.010729,21.354795,2546,179394.5
shape_R4_0_zabeni,41.009299,21.357803,2547,179692.8
shape_R4_0_zabeni,41.009220,21.357983,2548,179710.3
shape_R4_0_zabeni,41.007237,21.362123,2549,180121.8
shape_R4_0_zabeni,41.006161,21.364368,2550,180344.9
shape_R4_0_zabeni,41.005210,21.366348,2551,180541.9
shape_R4_0_zabeni,41.003320,21.370313,2552,180935.4
shape_R4_0_zabeni,41.002950,21.371085,2553,181012.2
shape_R4_0_zabeni,41.002757,21.371493,2554,181052.6
shape_R4_0_zabeni,41.002551,21.371898,2555,181093.5
shape_R4_0_zabeni,41.002371,21.372230,2556,181127.9
shape_R4_0_zabeni,41.002150,21.372614,2557,181168.4
shape_R4_0_zabeni,41.001846,21.373078,2558,181219.9
shape_R4_0_zabeni,41.001449,21.373649,2559,181285.1
shape_R4_0_zabeni,41.000647,21.374748,2560,181413.4
shape_R4_0_zabeni,40.998849,21.377231,2561,181702.2
shape_R4_0_zabeni,40.995853,21.381361,2562,182182.9
shape_R4_0_zabeni,40.995412,21.381965,2563,182253.4
shape_R4_0_zabeni,40.995067,21.382401,2564,182306.4
shape_R4_0_zabeni,40.994895,21.382603,2565,182332.0
shape_R4_0_zabeni,40.994678,21.382820,2566,182362.2
shape_R4_0_zabeni,40.994419,21.383058,2567,182397.3
shape_R4_0_zabeni,40.994170,21.383254,2568,182429.5
shape_R4_0_zabeni,40.993871,21.383459,2569,182466.9
shape_R4_0_zabeni,40.993626,21.383591,2570,182496.3
shape_R4_0_zabeni,40.993403,21.383691,2571,182522.5
shape_R4_0_zabeni,40.993173,21.383781,2572,182549.2
shape_R4_0_zabeni,40.992904,21.383867,2573,182580.0
shape_R4_0_zabeni,40.992641,21.383946,2574,182609.9
shape_R4_0_zabeni,40.992500,21.383964,2575,182625.7
shape_R4_0_zabeni,40.992058,21.384041,2576,182675.3
shape_R4_0_zabeni,40.991445,21.384138,2577,182743.9
shape_R4_0_zabeni,40.990536,21.384275,2578,182845.6
shape_R4_0_zabeni,40.989953,21.384378,2579,182911.0
shape_R4_0_zabeni,40.989080,21.384510,2580,183008.7
shape_R4_0_zabeni,40.988568,21.384587,2581,183066.0
shape_R4_0_zabeni,40.988110,21.384662,2582,183117.4
shape_R4_0_zabeni,40.987152,21.384825,2583,183224.8
shape_R4_0_zabeni,40.986488,21.384926,2584,183299.1
shape_R4_0_zabeni,40.985626,21.385078,2585,183395.8
shape_R4_0_zabeni,40.985377,21.385129,2586,183423.8
shape_R4_0_zabeni,40.985015,21.385222,2587,183464.8
shape_R4_0_zabeni,40.984726,21.385318,2588,183497.9
shape_R4_0_zabeni,40.984409,21.385434,2589,183534.5
shape_R4_0_zabeni,40.984108,21.385558,2590,183569.5
shape_R4_0_zabeni,40.983782,21.385711,2591,183608.0
shape_R4_0_zabeni,40.983512,21.385859,2592,183640.5
shape_R4_0_zabeni,40.983100,21.386102,2593,183690.6
shape_R4_0_zabeni,40.982474,21.386496,2594,183767.7
shape_R4_0_zabeni,40.982296,21.386607,2595,183789.6
shape_R4_0_zabeni,40.979538,21.388330,2596,184128.6
shape_R4_0_zabeni,40.978904,21.388728,2597,184206.7
shape_R4_0_zabeni,40.977750,21.389444,2598,184348.4
shape_R4_0_zabeni,40.977191,21.389799,2599,184417.3
shape_R4_0_zabeni,40.976628,21.390174,2600,184487.4
shape_R4_0_zabeni,40.976363,21.390362,2601,184520.8
shape_R4_0_zabeni,40.976093,21.390579,2602,184555.9
shape_R4_0_zabeni,40.975852,21.390783,2603,184587.7
shape_R4_0_zabeni,40.975615,21.391001,2604,184619.8
shape_R4_0_zabeni,40.975366,21.391244,2605,184654.2
shape_R4_0_zabeni,40.975044,21.391596,2606,184700.6
shape_R4_0_zabeni,40.974817,21.391864,2607,184734.4
shape_R4_0_zabeni,40.974576,21.392163,2608,184771.1
shape_R4_0_zabeni,40.974339,21.392484,2609,184808.8
shape_R4_0_zabeni,40.974066,21.392881,2610,184853.9
shape_R4_0_zabeni,40.973838,21.393253,2611,184894.1
shape_R4_0_zabeni,40.973681,21.393516,2612,184922.3
shape_R4_0_zabeni,40.973527,21.393793,2613,184951.2
shape_R4_0_zabeni,40.973340,21.394164,2614,184988.6
shape_R4_0_zabeni,40.973132,21.394616,2615,185033.1
shape_R4_0_zabeni,40.972910,21.395131,2616,185082.8
shape_R4_0_zabeni,40.972669,21.395715,2617,185138.7
shape_R4_0_zabeni,40.972576,21.395939,2618,185160.2
shape_R4_0_zabeni,40.971710,21.398030,2619,185360.4
shape_R4_0_zabeni,40.971104,21.399477,2620,185499.3
shape_R4_0_zabeni,40.970928,21.399901,2621,185540.0
shape_R4_0_zabeni,40.970739,21.400343,2622,185582.6
shape_R4_0_zabeni,40.970580,21.400683,2623,185616.2
shape_R4_0_zabeni,40.970397,21.401062,2624,185653.9
shape_R4_0_zabeni,40.970225,21.401371,2625,185686.2
shape_R4_0_zabeni,40.970034,21.401702,2626,185721.2
shape_R4_0_zabeni,40.969837,21.402019,2627,185755.6
shape_R4_0_zabeni,40.969637,21.402330,2628,185789.9
shape_R4_0_zabeni,40.969393,21.402666,2629,185829.1
shape_R4_0_zabeni,40.969086,21.403052,2630,185876.1
shape_R4_0_zabeni,40.968831,21.403344,2631,185913.6
shape_R4_0_zabeni,40.968297,21.403952,2632,185991.9
shape_R4_0_zabeni,40.967139,21.405245,2633,186160.3
shape_R4_0_zabeni,40.965251,21.407311,2634,186432.7
shape_R4_0_zabeni,40.964462,21.408237,2635,186549.9
shape_R4_0_zabeni,40.962329,21.410571,2636,186857.6
shape_R4_0_zabeni,40.950188,21.424120,2637,188623.1
shape_R4_0_zabeni,40.949891,21.424448,2638,188666.1
shape_R4_0_zabeni,40.949619,21.424748,2639,188705.5
shape_R4_0_zabeni,40.949277,21.425048,2640,188751.1
shape_R4_0_zabeni,40.944753,21.430096,2641,189409.0
shape_R4_1_bitola,41.019866,21.343011,1,0.0
shape_R4_1_bitola,41.020333,21.343033,2,52.0
shape_R4_1_bitola,41.021286,21.343143,3,158.3
shape_R4_1_bitola,41.021647,21.343218,4,199.0
shape_R4_1_bitola,41.022031,21.343327,5,242.6
shape_R4_1_bitola,41.022587,21.343515,6,306.4
shape_R4_1_bitola,41.023003,21.343689,7,354.9
shape_R4_1_bitola,41.023545,21.343984,8,420.1
shape_R4_1_bitola,41.024437,21.344482,9,527.7
shape_R4_1_bitola,41.025248,21.344941,10,625.8
shape_R4_1_bitola,41.025536,21.345156,11,662.5
shape_R4_1_bitola,41.025808,21.345298,12,695.0
shape_R4_1_bitola,41.026473,21.345678,13,775.6
shape_R4_1_bitola,41.027712,21.346397,14,925.9
shape_R4_1_bitola,41.027776,21.346433,15,933.7
shape_R4_1_bitola,41.028091,21.346603,16,971.5
shape_R4_1_bitola,41.028364,21.346780,17,1005.3
shape_R4_1_bitola,41.028874,21.347226,18,1073.2
shape_R4_1_bitola,41.029184,21.347505,19,1114.9
shape_R4_1_bitola,41.029389,21.347707,20,1143.3
shape_R4_1_bitola,41.029867,21.348182,21,1209.7
shape_R4_1_bitola,41.030532,21.348805,22,1300.3
shape_R4_1_bitola,41.030969,21.349191,23,1358.7
shape_R4_1_bitola,41.031037,21.349250,24,1367.7
shape_R4_1_bitola,41.031207,21.349384,25,1389.7
shape_R4_1_bitola,41.031527,21.349582,26,1429.0
shape_R4_1_bitola,41.031855,21.349716,27,1467.1
shape_R4_1_bitola,41.032167,21.349797,28,1502.5
shape_R4_1_bitola,41.032478,21.349829,29,1537.2
shape_R4_1_bitola,41.032818,21.349786,30,1575.1
shape_R4_1_bitola,41.033283,21.349679,31,1627.6
shape_R4_1_bitola,41.033708,21.349523,32,1676.7
shape_R4_1_bitola,41.035246,21.348960,33,1854.1
shape_R4_1_bitola,41.036937,21.348322,34,2049.6
shape_R4_1_bitola,41.038404,21.347830,35,2217.8
shape_R4_1_bitola,41.038835,21.347779,36,2265.9
shape_R4_1_bitola,41.039248,21.347791,37,2311.9
shape_R4_1_bitola,41.040003,21.348014,38,2397.9
shape_R4_1_bitola,41.040354,21.348157,39,2438.7
shape_R4_1_bitola,41.041760,21.348713,40,2601.9
shape_R4_1_bitola,41.042153,21.348837,41,2646.8
shape_R4_1_bitola,41.042590,21.348831,42,2695.4
shape_R4_1_bitola,41.042921,21.348815,43,2732.2
shape_R4_1_bitola,41.043342,21.348687,44,2780.2
shape_R4_1_bitola,41.043977,21.348440,45,2853.8
shape_R4_1_bitola,41.044491,21.348273,46,2912.7
shape_R4_1_bitola,41.044900,21.348204,47,2958.5
shape_R4_1_bitola,41.045305,21.348218,48,3003.6
shape_R4_1_bitola,41.045936,21.348333,49,3074.4
shape_R4_1_bitola,41.046797,21.348660,50,3174.0
shape_R4_1_bitola,41.048685,21.349409,51,3393.1
shape_R4_1_bitola,41.049315,21.349668,52,3466.4
shape_R4_1_bitola,41.050231,21.350074,53,3573.8
shape_R4_1_bitola,41.050843,21.350312,54,3644.8
shape_R4_1_bitola,41.051393,21.350484,55,3707.6
shape_R4_1_bitola,41.051474,21.350500,56,3716.7
shape_R4_1_bitola,41.052283,21.350602,57,3807.1
shape_R4_1_bitola,41.052894,21.350559,58,3875.1
shape_R4_1_bitola,41.053307,21.350484,59,3921.4
shape_R4_1_bitola,41.053861,21.350317,60,3984.6
shape_R4_1_bitola,41.054290,21.350124,61,4035.0
shape_R4_1_bitola,41.054785,21.349899,62,4093.2
shape_R4_1_bitola,41.056320,21.349062,63,4277.7
shape_R4_1_bitola,41.057380,21.348508,64,4404.4
shape_R4_1_bitola,41.057499,21.348446,65,4418.6
shape_R4_1_bitola,41.058177,21.348075,66,4500.2
shape_R4_1_bitola,41.059136,21.347582,67,4614.6
shape_R4_1_bitola,41.059616,21.347345,68,4671.5
shape_R4_1_bitola,41.059892,21.347217,69,4704.0
shape_R4_1_bitola,41.060260,21.347080,70,4746.5
shape_R4_1_bitola,41.060705,21.346938,71,4797.4
shape_R4_1_bitola,41.061482,21.346782,72,4884.8
shape_R4_1_bitola,41.061878,21.346740,73,4929.0
shape_R4_1_bitola,41.062185,21.346707,74,4963.2
shape_R4_1_bitola,41.062487,21.346691,75,4996.8
shape_R4_1_bitola,41.062921,21.346701,76,5045.1
shape_R4_1_bitola,41.063246,21.346741,77,5081.4
shape_R4_1_bitola,41.063853,21.346822,78,5149.2
shape_R4_1_bitola,41.064817,21.347025,79,5257.8
shape_R4_1_bitola,41.066569,21.347458,80,5455.9
shape_R4_1_bitola,41.068981,21.347975,81,5727.6
shape_R4_1_bitola,41.071622,21.348626,82,6026.3
shape_R4_1_bitola,41.072441,21.348767,83,6118.1
shape_R4_1_bitola,41.072728,21.348820,84,6150.4
shape_R4_1_bitola,41.072902,21.348858,85,6170.0
shape_R4_1_bitola,41.074727,21.349284,86,6376.0
shape_R4_1_bitola,41.075227,21.349394,87,6432.4
shape_R4_1_bitola,41.077120,21.349840,88,6646.2
shape_R4_1_bitola,41.078345,21.350156,89,6784.9
shape_R4_1_bitola,41.079262,21.350374,90,6888.5
shape_R4_1_bitola,41.079568,21.350447,91,6923.1
shape_R4_1_bitola,41.079813,21.350505,92,6950.8
shape_R4_1_bitola,41.081924,21.351004,93,7189.2
shape_R4_1_bitola,41.082708,21.351201,94,7277.9
shape_R4_1_bitola,41.083091,21.351338,95,7322.0
shape_R4_1_bitola,41.083355,21.351432,96,7352.4
shape_R4_1_bitola,41.088264,21.353193,97,7917.9
shape_R4_1_bitola,41.088530,21.353307,98,7949.0
shape_R4_1_bitola,41.088660,21.353357,99,7964.0
shape_R4_1_bitola,41.089327,21.353605,100,8041.0
shape_R4_1_bitola,41.089873,21.353809,101,8104.1
shape_R4_1_bitola,41.090325,21.354029,102,8157.6
shape_R4_1_bitola,41.091065,21.354466,103,8247.7
shape_R4_1_bitola,41.092222,21.355177,104,8389.5
shape_R4_1_bitola,41.092416,21.355295,105,8413.2
shape_R4_1_bitola,41.093192,21.355773,106,8508.3
shape_R4_1_bitola,41.094639,21.356652,107,8685.3
shape_R4_1_bitola,41.094954,21.356852,108,8724.1
shape_R4_1_bitola,41.096815,21.357994,109,8952.1
shape_R4_1_bitola,41.097077,21.358154,110,8984.2
shape_R4_1_bitola,41.097732,21.358549,111,9064.2
shape_R4_1_bitola,41.098718,21.359141,112,9184.5
shape_R4_1_bitola,41.100157,21.360027,113,9360.9
shape_R4_1_bitola,41.100901,21.360475,114,9451.8
shape_R4_1_bitola,41.101742,21.360981,115,9554.5
shape_R4_1_bitola,41.102910,21.361706,116,9697.8
shape_R4_1_bitola,41.103376,21.361961,117,9753.9
shape_R4_1_bitola,41.103626,21.362097,118,9783.9
shape_R4_1_bitola,41.104054,21.362285,119,9834.1
shape_R4_1_bitola,41.104369,21.362382,120,9870.0
shape_R4_1_bitola,41.104907,21.362478,121,9930.4
shape_R4_1_bitola,41.105513,21.362494,122,9997.8
shape_R4_1_bitola,41.106652,21.362525,123,10124.5
shape_R4_1_bitola,41.108598,21.362596,124,10340.9
shape_R4_1_bitola,41.108755,21.362602,125,10358.4
shape_R4_1_bitola,41.110413,21.362657,126,10542.8
shape_R4_1_bitola,41.111491,21.362693,127,10662.7
shape_R4_1_bitola,41.111842,21.362694,128,10701.7
shape_R4_1_bitola,41.112763,21.362703,129,10804.2
shape_R4_1_bitola,41.113204,21.362707,130,10853.2
shape_R4_1_bitola,41.113512,21.362720,131,10887.5
shape_R4_1_bitola,41.114429,21.362727,132,10989.4
shape_R4_1_bitola,41.115193,21.362687,133,11074.4
shape_R4_1_bitola,41.116026,21.362526,134,11168.0
shape_R4_1_bitola,41.116454,21.362457,135,11216.0
shape_R4_1_bitola,41.118358,21.362060,136,11430.3
shape_R4_1_bitola,41.119643,21.361818,137,11574.6
shape_R4_1_bitola,41.119946,21.361765,138,11608.6
shape_R4_1_bitola,41.120023,21.361754,139,11617.2
shape_R4_1_bitola,41.120253,21.361732,140,11642.8
shape_R4_1_bitola,41.120710,21.361706,141,11693.7
shape_R4_1_bitola,41.121425,21.361722,142,11773.2
shape_R4_1_bitola,41.121934,21.361775,143,11830.0
shape_R4_1_bitola,41.122391,21.361867,144,11881.4
shape_R4_1_bitola,41.123054,21.362054,145,11956.8
shape_R4_1_bitola,41.124120,21.362505,146,12081.2
shape_R4_1_bitola,41.124659,21.362823,147,12146.8
shape_R4_1_bitola,41.124876,21.362950,148,12173.1
shape_R4_1_bitola,41.125555,21.363465,149,12260.1
shape_R4_1_bitola,41.125726,21.363608,150,12282.6
shape_R4_1_bitola,41.126763,21.364479,151,12419.0
shape_R4_1_bitola,41.128610,21.366083,152,12664.4
shape_R4_1_bitola,41.129434,21.366804,153,12774.2
shape_R4_1_bitola,41.129791,21.367117,154,12821.7
shape_R4_1_bitola,41.130363,21.367619,155,12898.0
shape_R4_1_bitola,41.131131,21.368225,156,12997.3
shape_R4_1_bitola,41.132363,21.369046,157,13150.6
shape_R4_1_bitola,41.133385,21.369620,158,13274.0
shape_R4_1_bitola,41.134509,21.370124,159,13405.9
shape_R4_1_bitola,41.136048,21.370672,160,13583.1
shape_R4_1_bitola,41.136856,21.370967,161,13676.3
shape_R4_1_bitola,41.137846,21.371315,162,13790.1
shape_R4_1_bitola,41.138254,21.371449,163,13836.9
shape_R4_1_bitola,41.139563,21.371932,164,13987.9
shape_R4_1_bitola,41.140225,21.372270,165,14066.8
shape_R4_1_bitola,41.140803,21.372619,166,14137.4
shape_R4_1_bitola,41.141044,21.372761,167,14166.7
shape_R4_1_bitola,41.141592,21.373112,168,14234.4
shape_R4_1_bitola,41.142518,21.373834,169,14353.8
shape_R4_1_bitola,41.142905,21.374164,170,14404.9
shape_R4_1_bitola,41.142946,21.374201,171,14410.4
shape_R4_1_bitola,41.143249,21.374491,172,14452.0
shape_R4_1_bitola,41.144190,21.375510,173,14587.0
shape_R4_1_bitola,41.144986,21.376497,174,14708.1
shape_R4_1_bitola,41.146755,21.378680,175,14976.6
shape_R4_1_bitola,41.148632,21.381011,176,15262.4
shape_R4_1_bitola,41.148759,21.381191,177,15283.0
shape_R4_1_bitola,41.150084,21.382823,178,15484.0
shape_R4_1_bitola,41.151368,21.384469,179,15682.4
shape_R4_1_bitola,41.152091,21.385386,180,15793.6
shape_R4_1_bitola,41.152713,21.386110,181,15885.5
shape_R4_1_bitola,41.153242,21.386732,182,15964.1
shape_R4_1_bitola,41.153957,21.387424,183,16062.5
shape_R4_1_bitola,41.154535,21.387950,184,16140.4
shape_R4_1_bitola,41.154587,21.387998,185,16147.4
shape_R4_1_bitola,41.155864,21.388996,186,16312.2
shape_R4_1_bitola,41.156716,21.389560,187,16418.0
shape_R4_1_bitola,41.156857,21.389640,188,16435.1
shape_R4_1_bitola,41.157168,21.389838,189,16473.4
shape_R4_1_bitola,41.157273,21.389908,190,16486.5
shape_R4_1_bitola,41.158200,21.390460,191,16599.5
shape_R4_1_bitola,41.159382,21.391163,192,16743.5
shape_R4_1_bitola,41.159450,21.391201,193,16751.7
shape_R4_1_bitola,41.160491,21.391776,194,16877.0
shape_R4_1_bitola,41.162168,21.392775,195,17081.4
shape_R4_1_bitola,41.163383,21.393547,196,17231.2
shape_R4_1_bitola,41.164718,21.394335,197,17393.6
shape_R4_1_bitola,41.165902,21.395036,198,17537.7
shape_R4_1_bitola,41.166762,21.395560,199,17642.9
shape_R4_1_bitola,41.167346,21.395889,200,17713.5
shape_R4_1_bitola,41.167748,21.396154,201,17763.4
shape_R4_1_bitola,41.167906,21.396230,202,17782.1
shape_R4_1_bitola,41.168190,21.396462,203,17819.1
shape_R4_1_bitola,41.168582,21.396766,204,17869.6
shape_R4_1_bitola,41.169006,21.397173,205,17927.8
shape_R4_1_bitola,41.169483,21.397683,206,17995.9
shape_R4_1_bitola,41.170652,21.398981,207,18165.3
shape_R4_1_bitola,41.171448,21.399825,208,18278.5
shape_R4_1_bitola,41.171533,21.399917,209,18290.7
shape_R4_1_bitola,41.172633,21.401154,210,18451.0
shape_R4_1_bitola,41.172851,21.401390,211,18482.2
shape_R4_1_bitola,41.173049,21.401616,212,18511.3
shape_R4_1_bitola,41.173210,21.401802,213,18535.0
shape_R4_1_bitola,41.173636,21.402291,214,18597.6
shape_R4_1_bitola,41.173934,21.402613,215,18640.3
shape_R4_1_bitola,41.173996,21.402698,216,18650.2
shape_R4_1_bitola,41.174192,21.402914,217,18678.5
shape_R4_1_bitola,41.174477,21.403226,218,18719.6
shape_R4_1_bitola,41.174775,21.403506,219,18760.2
shape_R4_1_bitola,41.175223,21.403804,220,18815.9
shape_R4_1_bitola,41.175528,21.403954,221,18852.1
shape_R4_1_bitola,41.175756,21.404007,222,18877.8
shape_R4_1_bitola,41.175881,21.404030,223,18891.8
shape_R4_1_bitola,41.176150,21.404080,224,18922.0
shape_R4_1_bitola,41.176447,21.404106,225,18955.1
shape_R4_1_bitola,41.176731,21.404084,226,18986.8
shape_R4_1_bitola,41.176983,21.404041,227,19015.0
shape_R4_1_bitola,41.177363,21.403915,228,19058.6
shape_R4_1_bitola,41.177932,21.403674,229,19125.0
shape_R4_1_bitola,41.178698,21.403338,230,19214.7
shape_R4_1_bitola,41.179140,21.403164,231,19265.9
shape_R4_1_bitola,41.179489,21.403041,232,19306.1
shape_R4_1_bitola,41.179765,21.402976,233,19337.2
shape_R4_1_bitola,41.180054,21.402950,234,19369.4
shape_R4_1_bitola,41.180163,21.402953,235,19381.6
shape_R4_1_bitola,41.180434,21.402961,236,19411.7
shape_R4_1_bitola,41.180740,21.403005,237,19445.9
shape_R4_1_bitola,41.181015,21.403069,238,19477.0
shape_R4_1_bitola,41.181344,21.403208,239,19515.4
shape_R4_1_bitola,41.181747,21.403427,240,19563.8
shape_R4_1_bitola,41.182228,21.403754,241,19623.9
shape_R4_1_bitola,41.182735,21.404118,242,19687.9
shape_R4_1_bitola,41.183355,21.404554,243,19765.9
shape_R4_1_bitola,41.183977,21.404993,244,19844.3
shape_R4_1_bitola,41.184516,21.405376,245,19912.2
shape_R4_1_bitola,41.185004,21.405718,246,19973.6
shape_R4_1_bitola,41.185072,21.405763,247,19982.0
shape_R4_1_bitola,41.185448,21.406035,248,20029.6
shape_R4_1_bitola,41.186254,21.406589,249,20130.5
shape_R4_1_bitola,41.187355,21.407388,250,20270.0
shape_R4_1_bitola,41.187663,21.407632,251,20309.9
shape_R4_1_bitola,41.188365,21.408122,252,20398.1
shape_R4_1_bitola,41.189363,21.408801,253,20522.7
shape_R4_1_bitola,41.189703,21.409041,254,20565.5
shape_R4_1_bitola,41.189988,21.409220,255,20600.6
shape_R4_1_bitola,41.190320,21.409395,256,20640.3
shape_R4_1_bitola,41.190625,21.409518,257,20675.8
shape_R4_1_bitola,41.190866,21.409586,258,20703.2
shape_R4_1_bitola,41.191095,21.409616,259,20728.7
shape_R4_1_bitola,41.191282,21.409642,260,20749.6
shape_R4_1_bitola,41.191372,21.409654,261,20759.7
shape_R4_1_bitola,41.191504,21.409653,262,20774.4
shape_R4_1_bitola,41.191750,21.409647,263,20801.7
shape_R4_1_bitola,41.192098,21.409595,264,20840.7
shape_R4_1_bitola,41.192327,21.409574,265,20866.2
shape_R4_1_bitola,41.192942,21.409496,266,20934.9
shape_R4_1_bitola,41.193369,21.409451,267,20982.5
shape_R4_1_bitola,41.193742,21.409411,268,21024.1
shape_R4_1_bitola,41.193887,21.409395,269,21040.3
shape_R4_1_bitola,41.193960,21.409388,270,21048.5
shape_R4_1_bitola,41.195039,21.409272,271,21168.8
shape_R4_1_bitola,41.195182,21.409258,272,21184.8
shape_R4_1_bitola,41.196454,21.409124,273,21326.7
shape_R4_1_bitola,41.197539,21.409012,274,21447.7
shape_R4_1_bitola,41.197661,21.408996,275,21461.3
shape_R4_1_bitola,41.198792,21.408870,276,21587.5
shape_R4_1_bitola,41.200297,21.408703,277,21755.4
shape_R4_1_bitola,41.200753,21.408659,278,21806.3
shape_R4_1_bitola,41.200955,21.408640,279,21828.8
shape_R4_1_bitola,41.201786,21.408548,280,21921.5
shape_R4_1_bitola,41.202256,21.408502,281,21973.9
shape_R4_1_bitola,41.202315,21.408497,282,21980.5
shape_R4_1_bitola,41.202730,21.408442,283,22026.9
shape_R4_1_bitola,41.203237,21.408382,284,22083.5
shape_R4_1_bitola,41.204091,21.408290,285,22178.7
shape_R4_1_bitola,41.204768,21.408226,286,22254.2
shape_R4_1_bitola,41.205564,21.408138,287,22343.0
shape_R4_1_bitola,41.205653,21.408125,288,22353.0
shape_R4_1_bitola,41.205826,21.408103,289,22372.3
shape_R4_1_bitola,41.206248,21.408058,290,22419.4
shape_R4_1_bitola,41.206604,21.408021,291,22459.1
shape_R4_1_bitola,41.206876,21.407993,292,22489.4
shape_R4_1_bitola,41.207427,21.407934,293,22550.9
shape_R4_1_bitola,41.208244,21.407893,294,22641.8
shape_R4_1_bitola,41.208626,21.407858,295,22684.4
shape_R4_1_bitola,41.209427,21.407770,296,22773.7
shape_R4_1_bitola,41.210194,21.407679,297,22859.4
shape_R4_1_bitola,41.210533,21.407618,298,22897.4
shape_R4_1_bitola,41.210728,21.407576,299,22919.4
shape_R4_1_bitola,41.211164,21.407462,300,22968.8
shape_R4_1_bitola,41.211433,21.407377,301,22999.5
shape_R4_1_bitola,41.211791,21.407247,302,23040.8
shape_R4_1_bitola,41.212244,21.407048,303,23093.8
shape_R4_1_bitola,41.213073,21.406672,304,23191.2
shape_R4_1_bitola,41.213887,21.406294,305,23287.1
shape_R4_1_bitola,41.214573,21.405979,306,23367.8
shape_R4_1_bitola,41.215028,21.405771,307,23421.3
shape_R4_1_bitola,41.215964,21.405337,308,23531.5
shape_R4_1_bitola,41.216400,21.405141,309,23582.7
shape_R4_1_bitola,41.217579,21.404599,310,23721.4
shape_R4_1_bitola,41.218339,21.404249,311,23810.9
shape_R4_1_bitola,41.219133,21.403887,312,23904.2
shape_R4_1_bitola,41.219985,21.403492,313,24004.5
shape_R4_1_bitola,41.220507,21.403268,314,24065.5
shape_R4_1_bitola,41.221244,21.402918,315,24152.6
shape_R4_1_bitola,41.221804,21.402672,316,24218.1
shape_R4_1_bitola,41.222175,21.402525,317,24261.2
shape_R4_1_bitola,41.222707,21.402350,318,24322.1
shape_R4_1_bitola,41.223040,21.402269,319,24359.8
shape_R4_1_bitola,41.223381,21.402209,320,24398.0
shape_R4_1_bitola,41.223689,21.402149,321,24432.6
shape_R4_1_bitola,41.223945,21.402120,322,24461.2
shape_R4_1_bitola,41.224223,21.402107,323,24492.1
shape_R4_1_bitola,41.224648,21.402112,324,24539.4
shape_R4_1_bitola,41.224971,21.402117,325,24575.3
shape_R4_1_bitola,41.225324,21.402163,326,24614.8
shape_R4_1_bitola,41.225772,21.402219,327,24664.8
shape_R4_1_bitola,41.226172,21.402317,328,24710.0
shape_R4_1_bitola,41.226523,21.402406,329,24749.7
shape_R4_1_bitola,41.226939,21.402556,330,24797.7
shape_R4_1_bitola,41.227342,21.402702,331,24844.1
shape_R4_1_bitola,41.227746,21.402859,332,24890.9
shape_R4_1_bitola,41.228781,21.403275,333,25011.2
shape_R4_1_bitola,41.229719,21.403669,334,25120.5
shape_R4_1_bitola,41.230651,21.404047,335,25228.9
shape_R4_1_bitola,41.231654,21.404449,336,25345.4
shape_R4_1_bitola,41.231867,21.404531,337,25370.0
shape_R4_1_bitola,41.233309,21.405122,338,25537.8
shape_R4_1_bitola,41.233770,21.405373,339,25593.2
shape_R4_1_bitola,41.234177,21.405628,340,25643.2
shape_R4_1_bitola,41.234475,21.405844,341,25681.0
shape_R4_1_bitola,41.235005,21.406332,342,25752.6
shape_R4_1_bitola,41.235465,21.406729,343,25813.6
shape_R4_1_bitola,41.236338,21.407620,344,25936.0
shape_R4_1_bitola,41.236514,21.407822,345,25961.8
shape_R4_1_bitola,41.236793,21.408045,346,25998.0
shape_R4_1_bitola,41.237107,21.408233,347,26036.3
shape_R4_1_bitola,41.237485,21.408392,348,26080.4
shape_R4_1_bitola,41.237839,21.408505,349,26120.9
shape_R4_1_bitola,41.238342,21.408583,350,26177.2
shape_R4_1_bitola,41.238910,21.408586,351,26240.4
shape_R4_1_bitola,41.240000,21.408537,352,26361.6
shape_R4_1_bitola,41.240209,21.408527,353,26384.9
shape_R4_1_bitola,41.240395,21.408518,354,26405.6
shape_R4_1_bitola,41.240665,21.408505,355,26435.6
shape_R4_1_bitola,41.240946,21.408490,356,26466.9
shape_R4_1_bitola,41.241867,21.408463,357,26569.3
shape_R4_1_bitola,41.242420,21.408436,358,26630.9
shape_R4_1_bitola,41.242888,21.408382,359,26683.1
shape_R4_1_bitola,41.243228,21.408315,360,26721.3
shape_R4_1_bitola,41.243485,21.408265,361,26750.2
shape_R4_1_bitola,41.243809,21.408187,362,26786.8
shape_R4_1_bitola,41.244404,21.408045,363,26854.0
shape_R4_1_bitola,41.245461,21.407803,364,26973.3
shape_R4_1_bitola,41.246937,21.407438,365,27140.2
shape_R4_1_bitola,41.247748,21.407245,366,27231.8
shape_R4_1_bitola,41.248151,21.407176,367,27277.0
shape_R4_1_bitola,41.248442,21.407159,368,27309.4
shape_R4_1_bitola,41.248724,21.407170,369,27340.8
shape_R4_1_bitola,41.248990,21.407229,370,27370.8
shape_R4_1_bitola,41.249236,21.407320,371,27399.2
shape_R4_1_bitola,41.249640,21.407524,372,27447.2
shape_R4_1_bitola,41.249960,21.407699,373,27485.7
shape_R4_1_bitola,41.250041,21.407747,374,27495.6
shape_R4_1_bitola,41.251694,21.408898,375,27703.0
shape_R4_1_bitola,41.251938,21.409093,376,27734.7
shape_R4_1_bitola,41.252479,21.409445,377,27801.6
shape_R4_1_bitola,41.253350,21.410040,378,27910.5
shape_R4_1_bitola,41.254294,21.410695,379,28028.9
shape_R4_1_bitola,41.254455,21.410804,380,28049.0
shape_R4_1_bitola,41.254838,21.411065,381,28096.8
shape_R4_1_bitola,41.255290,21.411338,382,28152.0
shape_R4_1_bitola,41.255621,21.411521,383,28191.9
shape_R4_1_bitola,41.255802,21.411590,384,28212.8
shape_R4_1_bitola,41.256123,21.411687,385,28249.4
shape_R4_1_bitola,41.256631,21.411741,386,28306.1
shape_R4_1_bitola,41.259559,21.411869,387,28631.9
shape_R4_1_bitola,41.259805,21.411872,388,28659.2
shape_R4_1_bitola,41.261058,21.411886,389,28798.6
shape_R4_1_bitola,41.262530,21.411926,390,28962.3
shape_R4_1_bitola,41.263423,21.411958,391,29061.6
shape_R4_1_bitola,41.263883,21.411982,392,29112.8
shape_R4_1_bitola,41.264177,21.411998,393,29145.5
shape_R4_1_bitola,41.265305,21.412019,394,29270.9
shape_R4_1_bitola,41.265951,21.412030,395,29342.8
shape_R4_1_bitola,41.266375,21.412033,396,29389.9
shape_R4_1_bitola,41.266705,21.412049,397,29426.7
shape_R4_1_bitola,41.267145,21.412108,398,29475.8
shape_R4_1_bitola,41.267441,21.412183,399,29509.3
shape_R4_1_bitola,41.267689,21.412266,400,29537.8
shape_R4_1_bitola,41.267927,21.412379,401,29565.9
shape_R4_1_bitola,41.268455,21.412658,402,29629.0
shape_R4_1_bitola,41.268776,21.412845,403,29668.0
shape_R4_1_bitola,41.268949,21.412996,404,29691.0
shape_R4_1_bitola,41.269233,21.413235,405,29728.4
shape_R4_1_bitola,41.269492,21.413487,406,29764.1
shape_R4_1_bitola,41.269683,21.413701,407,29791.8
shape_R4_1_bitola,41.269965,21.414061,408,29835.3
shape_R4_1_bitola,41.270120,21.414268,409,29859.7
shape_R4_1_bitola,41.270350,21.414623,410,29898.9
shape_R4_1_bitola,41.270526,21.414957,411,29933.0
shape_R4_1_bitola,41.270724,21.415354,412,29972.8
shape_R4_1_bitola,41.271057,21.416074,413,30043.4
shape_R4_1_bitola,41.271176,21.416334,414,30068.9
shape_R4_1_bitola,41.274243,21.423059,415,30726.3
shape_R4_1_bitola,41.275653,21.426267,416,31036.8
shape_R4_1_bitola,41.275903,21.426808,417,31089.9
shape_R4_1_bitola,41.275962,21.426936,418,31102.5
shape_R4_1_bitola,41.277661,21.430571,419,31460.2
shape_R4_1_bitola,41.277728,21.430721,420,31474.8
shape_R4_1_bitola,41.279441,21.434465,421,31841.0
shape_R4_1_bitola,41.280118,21.435947,422,31986.0
shape_R4_1_bitola,41.280493,21.436717,423,32062.6
shape_R4_1_bitola,41.280844,21.437370,424,32129.7
shape_R4_1_bitola,41.281334,21.438248,425,32221.1
shape_R4_1_bitola,41.284446,21.442996,426,32747.6
shape_R4_1_bitola,41.285126,21.444053,427,32863.8
shape_R4_1_bitola,41.285721,21.444962,428,32964.6
shape_R4_1_bitola,41.286800,21.446595,429,33146.2
shape_R4_1_bitola,41.287629,21.447864,430,33286.7
shape_R4_1_bitola,41.288662,21.449448,431,33462.0
shape_R4_1_bitola,41.289231,21.450317,432,33558.3
shape_R4_1_bitola,41.290176,21.451768,433,33718.7
shape_R4_1_bitola,41.291560,21.453875,434,33952.5
shape_R4_1_bitola,41.292393,21.455154,435,34094.0
shape_R4_1_bitola,41.293692,21.457135,436,34313.6
shape_R4_1_bitola,41.295005,21.459132,437,34535.3
shape_R4_1_bitola,41.295868,21.460472,438,34682.8
shape_R4_1_bitola,41.296940,21.462105,439,34863.9
shape_R4_1_bitola,41.298167,21.463978,440,35071.5
shape_R4_1_bitola,41.298831,21.464992,441,35183.9
shape_R4_1_bitola,41.299206,21.465569,442,35247.6
shape_R4_1_bitola,41.299697,21.466326,443,35331.2
shape_R4_1_bitola,41.300995,21.468301,444,35550.4
shape_R4_1_bitola,41.302294,21.470300,445,35771.2
shape_R4_1_bitola,41.302937,21.471304,446,35881.4
shape_R4_1_bitola,41.303147,21.471624,447,35916.9
shape_R4_1_bitola,41.303287,21.471828,448,35940.0
shape_R4_1_bitola,41.303836,21.472672,449,36033.2
shape_R4_1_bitola,41.303893,21.472758,450,36042.8
shape_R4_1_bitola,41.303954,21.472850,451,36053.0
shape_R4_1_bitola,41.304225,21.473256,452,36098.4
shape_R4_1_bitola,41.304416,21.473542,453,36130.4
shape_R4_1_bitola,41.304490,21.473650,454,36142.6
shape_R4_1_bitola,41.304548,21.473753,455,36153.3
shape_R4_1_bitola,41.305177,21.474729,456,36260.8
shape_R4_1_bitola,41.305733,21.475583,457,36355.2
shape_R4_1_bitola,41.306330,21.476510,458,36457.1
shape_R4_1_bitola,41.306736,21.477118,459,36525.1
shape_R4_1_bitola,41.307342,21.478050,460,36628.1
shape_R4_1_bitola,41.307610,21.478456,461,36673.2
shape_R4_1_bitola,41.307672,21.478543,462,36683.2
shape_R4_1_bitola,41.307953,21.479002,463,36732.7
shape_R4_1_bitola,41.308154,21.479435,464,36775.2
shape_R4_1_bitola,41.308354,21.479910,465,36820.7
shape_R4_1_bitola,41.308498,21.480295,466,36856.6
shape_R4_1_bitola,41.308699,21.480827,467,36906.3
shape_R4_1_bitola,41.308823,21.481157,468,36937.2
shape_R4_1_bitola,41.309126,21.481961,469,37012.3
shape_R4_1_bitola,41.309588,21.483209,470,37128.5
shape_R4_1_bitola,41.309701,21.483515,471,37157.0
shape_R4_1_bitola,41.309825,21.483817,472,37185.7
shape_R4_1_bitola,41.309927,21.484096,473,37211.6
shape_R4_1_bitola,41.310082,21.484524,474,37251.3
shape_R4_1_bitola,41.310158,21.484714,475,37269.3
shape_R4_1_bitola,41.310764,21.486357,476,37422.2
shape_R4_1_bitola,41.310953,21.486811,477,37465.5
shape_R4_1_bitola,41.311135,21.487321,478,37512.7
shape_R4_1_bitola,41.311310,21.487802,479,37557.3
shape_R4_1_bitola,41.311468,21.488289,480,37601.7
shape_R4_1_bitola,41.311600,21.488804,481,37647.1
shape_R4_1_bitola,41.311692,21.489164,482,37678.9
shape_R4_1_bitola,41.311902,21.490178,483,37766.7
shape_R4_1_bitola,41.311977,21.490541,484,37798.2
shape_R4_1_bitola,41.312208,21.491610,485,37891.1
shape_R4_1_bitola,41.312380,21.492402,486,37959.9
shape_R4_1_bitola,41.312526,21.493098,487,38020.3
shape_R4_1_bitola,41.312722,21.494035,488,38101.5
shape_R4_1_bitola,41.312970,21.495252,489,38206.8
shape_R4_1_bitola,41.313223,21.496303,490,38299.0
shape_R4_1_bitola,41.313273,21.496512,491,38317.3
shape_R4_1_bitola,41.313532,21.497449,492,38400.7
shape_R4_1_bitola,41.313747,21.498154,493,38464.3
shape_R4_1_bitola,41.313935,21.498737,494,38517.3
shape_R4_1_bitola,41.314199,21.499482,495,38586.1
shape_R4_1_bitola,41.314456,21.500154,496,38649.0
shape_R4_1_bitola,41.314601,21.500508,497,38682.7
shape_R4_1_bitola,41.314733,21.500799,498,38711.1
shape_R4_1_bitola,41.314849,21.501055,499,38736.1
shape_R4_1_bitola,41.314930,21.501245,500,38754.3
shape_R4_1_bitola,41.314972,21.501335,501,38763.2
shape_R4_1_bitola,41.315239,21.501868,502,38816.7
shape_R4_1_bitola,41.315667,21.502700,503,38900.9
shape_R4_1_bitola,41.315972,21.503261,504,38958.7
shape_R4_1_bitola,41.316072,21.503445,505,38977.7
shape_R4_1_bitola,41.316569,21.504342,506,39070.8
shape_R4_1_bitola,41.317015,21.505144,507,39154.1
shape_R4_1_bitola,41.318092,21.507063,508,39354.2
shape_R4_1_bitola,41.319024,21.508735,509,39528.1
shape_R4_1_bitola,41.319075,21.508828,510,39537.7
shape_R4_1_bitola,41.319646,21.509868,511,39645.3
shape_R4_1_bitola,41.319679,21.509928,512,39651.5
shape_R4_1_bitola,41.320062,21.510619,513,39723.2
shape_R4_1_bitola,41.320256,21.510968,514,39759.5
shape_R4_1_bitola,41.320750,21.511859,515,39852.0
shape_R4_1_bitola,41.321443,21.513081,516,39979.8
shape_R4_1_bitola,41.321546,21.513267,517,39999.1
shape_R4_1_bitola,41.321608,21.513376,518,40010.6
shape_R4_1_bitola,41.322839,21.515589,519,40240.5
shape_R4_1_bitola,41.323350,21.516512,520,40336.3
shape_R4_1_bitola,41.323892,21.517491,521,40437.9
shape_R4_1_bitola,41.324225,21.518086,522,40499.8
shape_R4_1_bitola,41.324352,21.518317,523,40523.7
shape_R4_1_bitola,41.324466,21.518513,524,40544.4
shape_R4_1_bitola,41.324856,21.519201,525,40616.4
shape_R4_1_bitola,41.324978,21.519417,526,40639.0
shape_R4_1_bitola,41.325069,21.519558,527,40654.5
shape_R4_1_bitola,41.325126,21.519663,528,40665.3
shape_R4_1_bitola,41.325349,21.520007,529,40703.3
shape_R4_1_bitola,41.325641,21.520439,530,40751.8
shape_R4_1_bitola,41.325862,21.520750,531,40787.6
shape_R4_1_bitola,41.326156,21.521166,532,40835.3
shape_R4_1_bitola,41.326378,21.521455,533,40869.8
shape_R4_1_bitola,41.326750,21.521966,534,40929.2
shape_R4_1_bitola,41.327297,21.522603,535,41010.0
shape_R4_1_bitola,41.327353,21.522669,536,41018.3
shape_R4_1_bitola,41.327939,21.523364,537,41105.6
shape_R4_1_bitola,41.328330,21.523845,538,41164.8
shape_R4_1_bitola,41.328384,21.523907,539,41172.7
shape_R4_1_bitola,41.328750,21.524352,540,41227.8
shape_R4_1_bitola,41.329165,21.524870,541,41291.1
shape_R4_1_bitola,41.329518,21.525366,542,41348.1
shape_R4_1_bitola,41.329821,21.525851,543,41400.8
shape_R4_1_bitola,41.329998,21.526168,544,41433.8
shape_R4_1_bitola,41.330207,21.526546,545,41473.0
shape_R4_1_bitola,41.330456,21.527065,546,41524.4
shape_R4_1_bitola,41.330505,21.527186,547,41535.9
shape_R4_1_bitola,41.330729,21.527736,548,41588.1
shape_R4_1_bitola,41.330853,21.528051,549,41617.8
shape_R4_1_bitola,41.331029,21.528541,550,41663.2
shape_R4_1_bitola,41.331160,21.528951,551,41700.4
shape_R4_1_bitola,41.331293,21.529447,552,41744.4
shape_R4_1_bitola,41.331665,21.531092,553,41887.8
shape_R4_1_bitola,41.332071,21.532889,554,42044.5
shape_R4_1_bitola,41.332451,21.534575,555,42191.5
shape_R4_1_bitola,41.332488,21.534730,556,42205.1
shape_R4_1_bitola,41.332540,21.534979,557,42226.6
shape_R4_1_bitola,41.332697,21.535733,558,42292.0
shape_R4_1_bitola,41.332947,21.536747,559,42381.1
shape_R4_1_bitola,41.333060,21.537144,560,42416.5
shape_R4_1_bitola,41.333181,21.537533,561,42451.7
shape_R4_1_bitola,41.333253,21.537761,562,42472.3
shape_R4_1_bitola,41.333402,21.538213,563,42513.5
shape_R4_1_bitola,41.333543,21.538553,564,42546.0
shape_R4_1_bitola,41.333582,21.538653,565,42555.4
shape_R4_1_bitola,41.333626,21.538767,566,42566.1
shape_R4_1_bitola,41.333940,21.539446,567,42632.7
shape_R4_1_bitola,41.334302,21.540120,568,42701.9
shape_R4_1_bitola,41.334736,21.540863,569,42780.5
shape_R4_1_bitola,41.335008,21.541286,570,42827.0
shape_R4_1_bitola,41.335224,21.541588,571,42861.8
shape_R4_1_bitola,41.335564,21.541998,572,42912.8
shape_R4_1_bitola,41.335852,21.542257,573,42951.4
shape_R4_1_bitola,41.336156,21.542511,574,42991.3
shape_R4_1_bitola,41.336477,21.542765,575,43032.8
shape_R4_1_bitola,41.336716,21.542909,576,43062.0
shape_R4_1_bitola,41.336797,21.542964,577,43072.1
shape_R4_1_bitola,41.337002,21.543084,578,43097.0
shape_R4_1_bitola,41.337286,21.543226,579,43130.7
shape_R4_1_bitola,41.337624,21.543335,580,43169.4
shape_R4_1_bitola,41.338223,21.543579,581,43239.1
shape_R4_1_bitola,41.338720,21.543776,582,43296.7
shape_R4_1_bitola,41.339301,21.544031,583,43364.8
shape_R4_1_bitola,41.339433,21.544086,584,43380.1
shape_R4_1_bitola,41.339840,21.544260,585,43427.7
shape_R4_1_bitola,41.340156,21.544366,586,43463.9
shape_R4_1_bitola,41.340393,21.544418,587,43490.6
shape_R4_1_bitola,41.340587,21.544433,588,43512.2
shape_R4_1_bitola,41.340789,21.544436,589,43534.7
shape_R4_1_bitola,41.341017,21.544412,590,43560.1
shape_R4_1_bitola,41.341304,21.544356,591,43592.4
shape_R4_1_bitola,41.341534,21.544261,592,43619.1
shape_R4_1_bitola,41.341749,21.544147,593,43644.9
shape_R4_1_bitola,41.341956,21.544031,594,43669.8
shape_R4_1_bitola,41.342177,21.543877,595,43697.6
shape_R4_1_bitola,41.342286,21.543780,596,43712.1
shape_R4_1_bitola,41.342412,21.543646,597,43730.1
shape_R4_1_bitola,41.342565,21.543474,598,43752.3
shape_R4_1_bitola,41.342732,21.543244,599,43779.1
shape_R4_1_bitola,41.342894,21.542975,600,43807.8
shape_R4_1_bitola,41.343046,21.542653,601,43839.6
shape_R4_1_bitola,41.343160,21.542387,602,43865.2
shape_R4_1_bitola,41.343232,21.542153,603,43886.3
shape_R4_1_bitola,41.343309,21.541869,604,43911.5
shape_R4_1_bitola,41.343370,21.541496,605,43943.4
shape_R4_1_bitola,41.343458,21.541034,606,43983.1
shape_R4_1_bitola,41.343528,21.540260,607,44048.2
shape_R4_1_bitola,41.343579,21.539650,608,44099.5
shape_R4_1_bitola,41.343950,21.537409,609,44291.0
shape_R4_1_bitola,41.343974,21.537262,610,44303.6
shape_R4_1_bitola,41.344331,21.535110,611,44487.6
shape_R4_1_bitola,41.344625,21.533330,612,44639.7
shape_R4_1_bitola,41.344752,21.532814,613,44685.1
shape_R4_1_bitola,41.344870,21.532349,614,44726.0
shape_R4_1_bitola,41.344943,21.531913,615,44763.3
shape_R4_1_bitola,41.345143,21.530683,616,44868.4
shape_R4_1_bitola,41.345374,21.529253,617,44990.5
shape_R4_1_bitola,41.345453,21.528807,618,45028.7
shape_R4_1_bitola,41.345573,21.528167,619,45083.8
shape_R4_1_bitola,41.345710,21.527622,620,45131.8
shape_R4_1_bitola,41.345881,21.527094,621,45179.8
shape_R4_1_bitola,41.346012,21.526716,622,45214.5
shape_R4_1_bitola,41.346217,21.526257,623,45259.1
shape_R4_1_bitola,41.346428,21.525885,624,45298.1
shape_R4_1_bitola,41.346750,21.525358,625,45354.8
shape_R4_1_bitola,41.346940,21.525106,626,45384.6
shape_R4_1_bitola,41.347278,21.524672,627,45436.8
shape_R4_1_bitola,41.347560,21.524376,628,45476.7
shape_R4_1_bitola,41.347861,21.524065,629,45519.1
shape_R4_1_bitola,41.348314,21.523648,630,45580.3
shape_R4_1_bitola,41.348624,21.523363,631,45622.2
shape_R4_1_bitola,41.349016,21.523016,632,45674.5
shape_R4_1_bitola,41.349404,21.522661,633,45726.9
shape_R4_1_bitola,41.349615,21.522467,634,45755.4
shape_R4_1_bitola,41.350135,21.521986,635,45825.8
shape_R4_1_bitola,41.350395,21.521705,636,45863.0
shape_R4_1_bitola,41.350448,21.521654,637,45870.3
shape_R4_1_bitola,41.350712,21.521364,638,45908.3
shape_R4_1_bitola,41.350933,21.521033,639,45945.3
shape_R4_1_bitola,41.351187,21.520635,640,45988.9
shape_R4_1_bitola,41.351417,21.520242,641,46030.5
shape_R4_1_bitola,41.351624,21.519873,642,46068.9
shape_R4_1_bitola,41.352043,21.518940,643,46159.7
shape_R4_1_bitola,41.352169,21.518604,644,46191.0
shape_R4_1_bitola,41.352184,21.518550,645,46195.8
shape_R4_1_bitola,41.352337,21.518095,646,46237.5
shape_R4_1_bitola,41.352574,21.517328,647,46306.7
shape_R4_1_bitola,41.353121,21.515413,648,46477.7
shape_R4_1_bitola,41.353539,21.514006,649,46604.0
shape_R4_1_bitola,41.353547,21.513981,650,46606.3
shape_R4_1_bitola,41.353787,21.513148,651,46680.8
shape_R4_1_bitola,41.354093,21.512123,652,46772.8
shape_R4_1_bitola,41.354119,21.512037,653,46780.6
shape_R4_1_bitola,41.354618,21.510328,654,46933.6
shape_R4_1_bitola,41.354896,21.509379,655,47018.7
shape_R4_1_bitola,41.355371,21.507745,656,47164.9
shape_R4_1_bitola,41.355742,21.506511,657,47275.9
shape_R4_1_bitola,41.356277,21.504677,658,47440.1
shape_R4_1_bitola,41.356666,21.503389,659,47556.0
shape_R4_1_bitola,41.356875,21.502670,660,47620.3
shape_R4_1_bitola,41.357068,21.502112,661,47671.6
shape_R4_1_bitola,41.357253,21.501649,662,47715.4
shape_R4_1_bitola,41.357308,21.501547,663,47725.9
shape_R4_1_bitola,41.357541,21.501021,664,47776.8
shape_R4_1_bitola,41.357773,21.500597,665,47820.6
shape_R4_1_bitola,41.358061,21.500109,666,47872.4
shape_R4_1_bitola,41.358417,21.499559,667,47933.1
shape_R4_1_bitola,41.358675,21.499213,668,47973.8
shape_R4_1_bitola,41.359009,21.498832,669,48022.7
shape_R4_1_bitola,41.359313,21.498497,670,48066.5
shape_R4_1_bitola,41.359742,21.498078,671,48125.7
shape_R4_1_bitola,41.360138,21.497743,672,48177.8
shape_R4_1_bitola,41.360732,21.497322,673,48252.6
shape_R4_1_bitola,41.361274,21.497003,674,48318.5
shape_R4_1_bitola,41.361701,21.496796,675,48369.1
shape_R4_1_bitola,41.362214,21.496595,676,48428.5
shape_R4_1_bitola,41.362488,21.496507,677,48459.9
shape_R4_1_bitola,41.362530,21.496488,678,48464.8
shape_R4_1_bitola,41.362989,21.496370,679,48516.8
shape_R4_1_bitola,41.363618,21.496219,680,48587.8
shape_R4_1_bitola,41.364327,21.496042,681,48668.0
shape_R4_1_bitola,41.364829,21.495921,682,48724.8
shape_R4_1_bitola,41.365296,21.495797,683,48777.7
shape_R4_1_bitola,41.365671,21.495702,684,48820.2
shape_R4_1_bitola,41.365989,21.495552,685,48857.7
shape_R4_1_bitola,41.366298,21.495387,686,48894.7
shape_R4_1_bitola,41.366527,21.495251,687,48922.6
shape_R4_1_bitola,41.366805,21.495019,688,48959.0
shape_R4_1_bitola,41.367158,21.494739,689,49004.7
shape_R4_1_bitola,41.367804,21.494201,690,49089.4
shape_R4_1_bitola,41.368285,21.493809,691,49152.1
shape_R4_1_bitola,41.368529,21.493631,692,49183.1
shape_R4_1_bitola,41.368752,21.493497,693,49210.3
shape_R4_1_bitola,41.369007,21.493380,694,49240.2
shape_R4_1_bitola,41.369376,21.493239,695,49282.9
shape_R4_1_bitola,41.370725,21.492869,696,49436.1
shape_R4_1_bitola,41.370789,21.492858,697,49443.3
shape_R4_1_bitola,41.372090,21.492483,698,49591.3
shape_R4_1_bitola,41.372734,21.492316,699,49664.2
shape_R4_1_bitola,41.373151,21.492249,700,49710.9
shape_R4_1_bitola,41.373572,21.492213,701,49757.8
shape_R4_1_bitola,41.374067,21.492274,702,49813.1
shape_R4_1_bitola,41.374442,21.492348,703,49855.3
shape_R4_1_bitola,41.374976,21.492547,704,49916.9
shape_R4_1_bitola,41.375378,21.492746,705,49964.6
shape_R4_1_bitola,41.375873,21.493081,706,50026.3
shape_R4_1_bitola,41.376437,21.493464,707,50096.7
shape_R4_1_bitola,41.376506,21.493502,708,50105.0
shape_R4_1_bitola,41.376707,21.493641,709,50130.2
shape_R4_1_bitola,41.377013,21.493818,710,50167.3
shape_R4_1_bitola,41.377355,21.493947,711,50206.8
shape_R4_1_bitola,41.377769,21.494060,712,50253.8
shape_R4_1_bitola,41.378184,21.494097,713,50300.1
shape_R4_1_bitola,41.378571,21.494065,714,50343.2
shape_R4_1_bitola,41.378856,21.494017,715,50375.1
shape_R4_1_bitola,41.379504,21.493818,716,50449.1
shape_R4_1_bitola,41.380527,21.493470,717,50566.5
shape_R4_1_bitola,41.381188,21.493246,718,50642.3
shape_R4_1_bitola,41.381336,21.493196,719,50659.3
shape_R4_1_bitola,41.381392,21.493180,720,50665.6
shape_R4_1_bitola,41.381923,21.492998,721,50726.6
shape_R4_1_bitola,41.382162,21.492942,722,50753.6
shape_R4_1_bitola,41.383059,21.492617,723,50856.9
shape_R4_1_bitola,41.383188,21.492570,724,50871.8
shape_R4_1_bitola,41.383378,21.492502,725,50893.7
shape_R4_1_bitola,41.383893,21.492287,726,50953.7
shape_R4_1_bitola,41.384431,21.491984,727,51018.6
shape_R4_1_bitola,41.384774,21.491805,728,51059.6
shape_R4_1_bitola,41.385881,21.491058,729,51197.6
shape_R4_1_bitola,41.385946,21.491009,730,51205.9
shape_R4_1_bitola,41.386413,21.490695,731,51264.0
shape_R4_1_bitola,41.387678,21.489850,732,51421.4
shape_R4_1_bitola,41.388189,21.489503,733,51485.1
shape_R4_1_bitola,41.389593,21.488592,734,51658.8
shape_R4_1_bitola,41.390269,21.488144,735,51742.7
shape_R4_1_bitola,41.391071,21.487602,736,51842.7
shape_R4_1_bitola,41.391730,21.487154,737,51925.0
shape_R4_1_bitola,41.392234,21.486752,738,51990.3
shape_R4_1_bitola,41.392539,21.486481,739,52031.0
shape_R4_1_bitola,41.393117,21.485900,740,52111.5
shape_R4_1_bitola,41.393680,21.485221,741,52196.0
shape_R4_1_bitola,41.394150,21.484573,742,52271.1
shape_R4_1_bitola,41.394814,21.483651,743,52377.8
shape_R4_1_bitola,41.395637,21.482509,744,52509.9
shape_R4_1_bitola,41.395894,21.482194,745,52548.7
shape_R4_1_bitola,41.396438,21.481582,746,52627.8
shape_R4_1_bitola,41.396858,21.481189,747,52684.9
shape_R4_1_bitola,41.397134,21.480931,748,52722.4
shape_R4_1_bitola,41.397171,21.480899,749,52727.3
shape_R4_1_bitola,41.397567,21.480598,750,52778.0
shape_R4_1_bitola,41.397944,21.480326,751,52825.6
shape_R4_1_bitola,41.398727,21.479866,752,52920.8
shape_R4_1_bitola,41.399898,21.479197,753,53062.4
shape_R4_1_bitola,41.400997,21.478577,754,53195.1
shape_R4_1_bitola,41.402250,21.477863,755,53346.6
shape_R4_1_bitola,41.402648,21.477689,756,53393.2
shape_R4_1_bitola,41.402852,21.477608,757,53416.9
shape_R4_1_bitola,41.403274,21.477498,758,53464.7
shape_R4_1_bitola,41.403516,21.477463,759,53491.8
shape_R4_1_bitola,41.403609,21.477456,760,53502.1
shape_R4_1_bitola,41.403911,21.477456,761,53535.7
shape_R4_1_bitola,41.404278,21.477456,762,53576.5
shape_R4_1_bitola,41.404961,21.477562,763,53653.0
shape_R4_1_bitola,41.406266,21.477785,764,53799.3
shape_R4_1_bitola,41.406324,21.477788,765,53805.7
shape_R4_1_bitola,41.407025,21.477846,766,53883.8
shape_R4_1_bitola,41.407537,21.477851,767,53940.8
shape_R4_1_bitola,41.408111,21.477814,768,54004.7
shape_R4_1_bitola,41.408422,21.477777,769,54039.4
shape_R4_1_bitola,41.408501,21.477769,770,54048.2
shape_R4_1_bitola,41.408876,21.477708,771,54090.2
shape_R4_1_bitola,41.409441,21.477578,772,54153.9
shape_R4_1_bitola,41.409817,21.477474,773,54196.6
shape_R4_1_bitola,41.409878,21.477455,774,54203.6
shape_R4_1_bitola,41.410512,21.477311,775,54275.1
shape_R4_1_bitola,41.411402,21.477085,776,54375.9
shape_R4_1_bitola,41.411886,21.476951,777,54430.8
shape_R4_1_bitola,41.413877,21.476409,778,54656.8
shape_R4_1_bitola,41.414057,21.476361,779,54677.2
shape_R4_1_bitola,41.414233,21.476314,780,54697.2
shape_R4_1_bitola,41.414668,21.476233,781,54746.0
shape_R4_1_bitola,41.415070,21.476182,782,54790.9
shape_R4_1_bitola,41.415116,21.476177,783,54796.0
shape_R4_1_bitola,41.415488,21.476180,784,54837.4
shape_R4_1_bitola,41.415766,21.476177,785,54868.3
shape_R4_1_bitola,41.416190,21.476209,786,54915.5
shape_R4_1_bitola,41.416601,21.476247,787,54961.3
shape_R4_1_bitola,41.417108,21.476343,788,55018.3
shape_R4_1_bitola,41.417468,21.476445,789,55059.2
shape_R4_1_bitola,41.417958,21.476593,790,55115.1
shape_R4_1_bitola,41.418588,21.476788,791,55187.0
shape_R4_1_bitola,41.419342,21.477019,792,55273.0
shape_R4_1_bitola,41.420008,21.477228,793,55349.1
shape_R4_1_bitola,41.420774,21.477467,794,55436.6
shape_R4_1_bitola,41.421631,21.477738,795,55534.5
shape_R4_1_bitola,41.422291,21.477953,796,55610.1
shape_R4_1_bitola,41.422860,21.478130,797,55675.0
shape_R4_1_bitola,41.423783,21.478419,798,55780.4
shape_R4_1_bitola,41.423864,21.478449,799,55789.8
shape_R4_1_bitola,41.424511,21.478647,800,55863.6
shape_R4_1_bitola,41.425100,21.478841,801,55931.1
shape_R4_1_bitola,41.425633,21.479005,802,55991.9
shape_R4_1_bitola,41.425975,21.479109,803,56030.9
shape_R4_1_bitola,41.426667,21.479332,804,56110.1
shape_R4_1_bitola,41.427006,21.479426,805,56148.6
shape_R4_1_bitola,41.427382,21.479479,806,56190.6
shape_R4_1_bitola,41.427778,21.479516,807,56234.7
shape_R4_1_bitola,41.428244,21.479504,808,56286.6
shape_R4_1_bitola,41.428656,21.479451,809,56332.6
shape_R4_1_bitola,41.429003,21.479386,810,56371.6
shape_R4_1_bitola,41.429357,21.479284,811,56411.8
shape_R4_1_bitola,41.429652,21.479166,812,56446.1
shape_R4_1_bitola,41.429759,21.479125,813,56458.5
shape_R4_1_bitola,41.430171,21.478914,814,56507.5
shape_R4_1_bitola,41.430546,21.478695,815,56553.0
shape_R4_1_bitola,41.430853,21.478479,816,56591.6
shape_R4_1_bitola,41.431201,21.478174,817,56637.9
shape_R4_1_bitola,41.431503,21.477890,818,56679.0
shape_R4_1_bitola,41.431564,21.477829,819,56687.5
shape_R4_1_bitola,41.431929,21.477475,820,56737.7
shape_R4_1_bitola,41.432304,21.477081,821,56790.8
shape_R4_1_bitola,41.433167,21.476198,822,56911.7
shape_R4_1_bitola,41.434029,21.475324,823,57032.1
shape_R4_1_bitola,41.434499,21.474877,824,57096.3
shape_R4_1_bitola,41.434947,21.474495,825,57155.4
shape_R4_1_bitola,41.435377,21.474166,826,57210.5
shape_R4_1_bitola,41.435526,21.474056,827,57229.5
shape_R4_1_bitola,41.435593,21.474011,828,57237.8
shape_R4_1_bitola,41.435876,21.473828,829,57272.8
shape_R4_1_bitola,41.436281,21.473587,830,57322.1
shape_R4_1_bitola,41.436650,21.473393,831,57366.2
shape_R4_1_bitola,41.437006,21.473211,832,57408.6
shape_R4_1_bitola,41.437061,21.473183,833,57415.2
shape_R4_1_bitola,41.437405,21.473026,834,57455.6
shape_R4_1_bitola,41.438321,21.472600,835,57563.4
shape_R4_1_bitola,41.438639,21.472450,836,57601.0
shape_R4_1_bitola,41.439696,21.471967,837,57725.2
shape_R4_1_bitola,41.441399,21.471176,838,57925.7
shape_R4_1_bitola,41.441503,21.471133,839,57937.8
shape_R4_1_bitola,41.441565,21.471108,840,57945.0
shape_R4_1_bitola,41.441948,21.470924,841,57990.3
shape_R4_1_bitola,41.443326,21.470291,842,58152.3
shape_R4_1_bitola,41.443913,21.470023,843,58221.3
shape_R4_1_bitola,41.444013,21.469980,844,58233.0
shape_R4_1_bitola,41.445429,21.469315,845,58399.9
shape_R4_1_bitola,41.446535,21.468805,846,58530.1
shape_R4_1_bitola,41.447900,21.468172,847,58690.7
shape_R4_1_bitola,41.447968,21.468140,848,58698.8
shape_R4_1_bitola,41.450517,21.466960,849,58998.8
shape_R4_1_bitola,41.451712,21.466407,850,59139.4
shape_R4_1_bitola,41.454337,21.465184,851,59448.6
shape_R4_1_bitola,41.454450,21.465120,852,59462.2
shape_R4_1_bitola,41.454836,21.464895,853,59509.1
shape_R4_1_bitola,41.455222,21.464664,854,59556.1
shape_R4_1_bitola,41.455612,21.464358,855,59606.4
shape_R4_1_bitola,41.456645,21.463516,856,59741.0
shape_R4_1_bitola,41.457304,21.462958,857,59827.8
shape_R4_1_bitola,41.457721,21.462539,858,59885.9
shape_R4_1_bitola,41.458102,21.462088,859,59942.5
shape_R4_1_bitola,41.458452,21.461641,860,59996.4
shape_R4_1_bitola,41.458879,21.460974,861,60069.5
shape_R4_1_bitola,41.459145,21.460515,862,60117.8
shape_R4_1_bitola,41.459390,21.460015,863,60167.6
shape_R4_1_bitola,41.459868,21.459077,864,60262.1
shape_R4_1_bitola,41.460995,21.456782,865,60490.8
shape_R4_1_bitola,41.462245,21.454236,866,60744.4
shape_R4_1_bitola,41.462522,21.453630,867,60803.6
shape_R4_1_bitola,41.463305,21.452051,868,60961.3
shape_R4_1_bitola,41.463548,21.451614,869,61006.7
shape_R4_1_bitola,41.463834,21.451195,870,61053.9
shape_R4_1_bitola,41.464030,21.450945,871,61084.0
shape_R4_1_bitola,41.464130,21.450834,872,61098.5
shape_R4_1_bitola,41.464331,21.450622,873,61127.0
shape_R4_1_bitola,41.464571,21.450409,874,61159.0
shape_R4_1_bitola,41.464807,21.450222,875,61189.6
shape_R4_1_bitola,41.465024,21.450070,876,61216.8
shape_R4_1_bitola,41.465324,21.449893,877,61253.3
shape_R4_1_bitola,41.465616,21.449744,878,61288.1
shape_R4_1_bitola,41.466286,21.449445,879,61366.6
shape_R4_1_bitola,41.466480,21.449358,880,61389.4
shape_R4_1_bitola,41.467319,21.448980,881,61487.8
shape_R4_1_bitola,41.467968,21.448691,882,61563.9
shape_R4_1_bitola,41.469287,21.448106,883,61718.5
shape_R4_1_bitola,41.470484,21.447573,884,61858.8
shape_R4_1_bitola,41.470551,21.447541,885,61866.7
shape_R4_1_bitola,41.471270,21.447232,886,61950.7
shape_R4_1_bitola,41.472078,21.446869,887,62045.5
shape_R4_1_bitola,41.473513,21.446354,888,62210.7
shape_R4_1_bitola,41.474083,21.446155,889,62276.2
shape_R4_1_bitola,41.475554,21.445667,890,62444.8
shape_R4_1_bitola,41.476611,21.445421,891,62564.1
shape_R4_1_bitola,41.478223,21.445163,892,62744.6
shape_R4_1_bitola,41.478287,21.445158,893,62751.7
shape_R4_1_bitola,41.480080,21.444879,894,62952.5
shape_R4_1_bitola,41.480167,21.444865,895,62962.2
shape_R4_1_bitola,41.480916,21.444767,896,63045.9
shape_R4_1_bitola,41.481329,21.444696,897,63092.2
shape_R4_1_bitola,41.481879,21.444549,898,63154.6
shape_R4_1_bitola,41.482558,21.444344,899,63232.0
shape_R4_1_bitola,41.482967,21.444162,900,63279.9
shape_R4_1_bitola,41.483058,21.444120,901,63290.6
shape_R4_1_bitola,41.483639,21.443825,902,63359.7
shape_R4_1_bitola,41.484356,21.443457,903,63445.2
shape_R4_1_bitola,41.484475,21.443424,904,63458.7
shape_R4_1_bitola,41.486416,21.442369,905,63691.7
shape_R4_1_bitola,41.488429,21.441322,906,63931.9
shape_R4_1_bitola,41.488498,21.441279,907,63940.4
shape_R4_1_bitola,41.488613,21.441229,908,63953.8
shape_R4_1_bitola,41.489569,21.440712,909,64068.5
shape_R4_1_bitola,41.491210,21.439844,910,64264.8
shape_R4_1_bitola,41.492865,21.438980,911,64462.4
shape_R4_1_bitola,41.492938,21.438932,912,64471.5
shape_R4_1_bitola,41.495373,21.437628,913,64763.2
shape_R4_1_bitola,41.495477,21.437580,914,64775.4
shape_R4_1_bitola,41.496072,21.437263,915,64846.7
shape_R4_1_bitola,41.497008,21.436770,916,64958.5
shape_R4_1_bitola,41.497100,21.436727,917,64969.4
shape_R4_1_bitola,41.497558,21.436475,918,65024.5
shape_R4_1_bitola,41.497811,21.436298,919,65056.2
shape_R4_1_bitola,41.498053,21.436126,920,65086.7
shape_R4_1_bitola,41.498358,21.435826,921,65128.8
shape_R4_1_bitola,41.498579,21.435579,922,65160.9
shape_R4_1_bitola,41.498872,21.435134,923,65210.2
shape_R4_1_bitola,41.498957,21.434999,924,65224.9
shape_R4_1_bitola,41.500218,21.432811,925,65454.8
shape_R4_1_bitola,41.500604,21.432258,926,65517.8
shape_R4_1_bitola,41.500965,21.431802,927,65573.0
shape_R4_1_bitola,41.501343,21.431389,928,65627.4
shape_R4_1_bitola,41.501765,21.430987,929,65685.0
shape_R4_1_bitola,41.502416,21.430477,930,65768.9
shape_R4_1_bitola,41.502914,21.430155,931,65830.4
shape_R4_1_bitola,41.503751,21.429677,932,65931.7
shape_R4_1_bitola,41.503812,21.429643,933,65939.0
shape_R4_1_bitola,41.504356,21.429335,934,66004.7
shape_R4_1_bitola,41.504457,21.429286,935,66016.7
shape_R4_1_bitola,41.504970,21.428971,936,66079.5
shape_R4_1_bitola,41.508145,21.426820,937,66475.3
shape_R4_1_bitola,41.508208,21.426778,938,66483.2
shape_R4_1_bitola,41.508461,21.426633,939,66513.8
shape_R4_1_bitola,41.508915,21.426394,940,66568.1
shape_R4_1_bitola,41.509353,21.426247,941,66618.3
shape_R4_1_bitola,41.509764,21.426154,942,66664.6
shape_R4_1_bitola,41.510257,21.426072,943,66719.9
shape_R4_1_bitola,41.510716,21.426104,944,66771.0
shape_R4_1_bitola,41.511256,21.426174,945,66831.3
shape_R4_1_bitola,41.512433,21.426379,946,66963.3
shape_R4_1_bitola,41.512732,21.426459,947,66997.2
shape_R4_1_bitola,41.513113,21.426612,948,67041.4
shape_R4_1_bitola,41.513352,21.426723,949,67069.6
shape_R4_1_bitola,41.513602,21.426857,950,67099.5
shape_R4_1_bitola,41.513905,21.427015,951,67135.7
shape_R4_1_bitola,41.514185,21.427133,952,67168.3
shape_R4_1_bitola,41.514412,21.427208,953,67194.3
shape_R4_1_bitola,41.514508,21.427228,954,67205.1
shape_R4_1_bitola,41.514858,21.427289,955,67244.4
shape_R4_1_bitola,41.515038,21.427305,956,67264.5
shape_R4_1_bitola,41.515309,21.427299,957,67294.6
shape_R4_1_bitola,41.515610,21.427269,958,67328.2
shape_R4_1_bitola,41.516043,21.427155,959,67377.2
shape_R4_1_bitola,41.516112,21.427128,960,67385.2
shape_R4_1_bitola,41.516586,21.426950,961,67440.0
shape_R4_1_bitola,41.517671,21.426525,962,67565.7
shape_R4_1_bitola,41.517891,21.426438,963,67591.2
shape_R4_1_bitola,41.519183,21.425934,964,67740.9
shape_R4_1_bitola,41.519230,21.425917,965,67746.3
shape_R4_1_bitola,41.519311,21.425889,966,67755.6
shape_R4_1_bitola,41.520105,21.425576,967,67847.7
shape_R4_1_bitola,41.521003,21.425226,968,67951.7
shape_R4_1_bitola,41.522215,21.424752,969,68092.1
shape_R4_1_bitola,41.522517,21.424649,970,68126.8
shape_R4_1_bitola,41.522879,21.424565,971,68167.6
shape_R4_1_bitola,41.523136,21.424540,972,68196.3
shape_R4_1_bitola,41.523359,21.424545,973,68221.1
shape_R4_1_bitola,41.523635,21.424585,974,68251.9
shape_R4_1_bitola,41.523915,21.424662,975,68283.7
shape_R4_1_bitola,41.524137,21.424762,976,68309.8
shape_R4_1_bitola,41.524415,21.424926,977,68343.6
shape_R4_1_bitola,41.524597,21.425060,978,68366.7
shape_R4_1_bitola,41.524811,21.425253,979,68395.4
shape_R4_1_bitola,41.525291,21.425745,980,68462.7
shape_R4_1_bitola,41.525506,21.425971,981,68493.1
shape_R4_1_bitola,41.525765,21.426244,982,68529.8
shape_R4_1_bitola,41.526032,21.426500,983,68566.3
shape_R4_1_bitola,41.526193,21.426626,984,68587.1
shape_R4_1_bitola,41.526355,21.426735,985,68607.2
shape_R4_1_bitola,41.526518,21.426825,986,68626.9
shape_R4_1_bitola,41.526605,21.426869,987,68637.2
shape_R4_1_bitola,41.526690,21.426907,988,68647.2
shape_R4_1_bitola,41.526773,21.426940,989,68656.8
shape_R4_1_bitola,41.526860,21.426973,990,68666.8
shape_R4_1_bitola,41.527060,21.427025,991,68689.5
shape_R4_1_bitola,41.527222,21.427055,992,68707.7
shape_R4_1_bitola,41.527885,21.427148,993,68781.8
shape_R4_1_bitola,41.528616,21.427226,994,68863.4
shape_R4_1_bitola,41.529176,21.427300,995,68925.9
shape_R4_1_bitola,41.529563,21.427342,996,68969.1
shape_R4_1_bitola,41.529635,21.427348,997,68977.1
shape_R4_1_bitola,41.529773,21.427357,998,68992.5
shape_R4_1_bitola,41.529984,21.427356,999,69016.0
shape_R4_1_bitola,41.530105,21.427351,1000,69029.4
shape_R4_1_bitola,41.530274,21.427335,1001,69048.3
shape_R4_1_bitola,41.530415,21.427308,1002,69064.1
shape_R4_1_bitola,41.530669,21.427246,1003,69092.8
shape_R4_1_bitola,41.530905,21.427162,1004,69120.0
shape_R4_1_bitola,41.531141,21.427056,1005,69147.6
shape_R4_1_bitola,41.531409,21.426907,1006,69179.9
shape_R4_1_bitola,41.531471,21.426867,1007,69187.6
shape_R4_1_bitola,41.532021,21.426479,1008,69256.7
shape_R4_1_bitola,41.532081,21.426436,1009,69264.3
shape_R4_1_bitola,41.532517,21.426137,1010,69318.8
shape_R4_1_bitola,41.533441,21.425479,1011,69435.2
shape_R4_1_bitola,41.533768,21.425255,1012,69476.1
shape_R4_1_bitola,41.533964,21.425121,1013,69500.6
shape_R4_1_bitola,41.534141,21.425019,1014,69522.0
shape_R4_1_bitola,41.534322,21.424929,1015,69543.5
shape_R4_1_bitola,41.534575,21.424827,1016,69572.9
shape_R4_1_bitola,41.534807,21.424763,1017,69599.2
shape_R4_1_bitola,41.534875,21.424745,1018,69606.9
shape_R4_1_bitola,41.535066,21.424712,1019,69628.3
shape_R4_1_bitola,41.535240,21.424695,1020,69647.7
shape_R4_1_bitola,41.535421,21.424683,1021,69667.9
shape_R4_1_bitola,41.535607,21.424681,1022,69688.6
shape_R4_1_bitola,41.535797,21.424701,1023,69709.8
shape_R4_1_bitola,41.536012,21.424731,1024,69733.8
shape_R4_1_bitola,41.536226,21.424780,1025,69758.0
shape_R4_1_bitola,41.536419,21.424839,1026,69780.0
shape_R4_1_bitola,41.536617,21.424924,1027,69803.1
shape_R4_1_bitola,41.536798,21.425013,1028,69824.5
shape_R4_1_bitola,41.536979,21.425117,1029,69846.4
shape_R4_1_bitola,41.537165,21.425238,1030,69869.5
shape_R4_1_bitola,41.537386,21.425410,1031,69897.9
shape_R4_1_bitola,41.537598,21.425594,1032,69926.0
shape_R4_1_bitola,41.537810,21.425805,1033,69955.4
shape_R4_1_bitola,41.538192,21.426202,1034,70009.2
shape_R4_1_bitola,41.538608,21.426631,1035,70067.6
shape_R4_1_bitola,41.538818,21.426827,1036,70096.1
shape_R4_1_bitola,41.539016,21.426994,1037,70122.2
shape_R4_1_bitola,41.539216,21.427133,1038,70147.2
shape_R4_1_bitola,41.539561,21.427330,1039,70189.0
shape_R4_1_bitola,41.539806,21.427437,1040,70217.6
shape_R4_1_bitola,41.540058,21.427520,1041,70246.5
shape_R4_1_bitola,41.540912,21.427754,1042,70343.4
shape_R4_1_bitola,41.541286,21.427862,1043,70386.0
shape_R4_1_bitola,41.541507,21.427950,1044,70411.6
shape_R4_1_bitola,41.541710,21.428042,1045,70435.4
shape_R4_1_bitola,41.541931,21.428185,1046,70462.7
shape_R4_1_bitola,41.542060,21.428276,1047,70479.0
shape_R4_1_bitola,41.542220,21.428415,1048,70500.2
shape_R4_1_bitola,41.542345,21.428536,1049,70517.4
shape_R4_1_bitola,41.542467,21.428673,1050,70535.1
shape_R4_1_bitola,41.542612,21.428857,1051,70557.3
shape_R4_1_bitola,41.542746,21.429056,1052,70579.6
shape_R4_1_bitola,41.542950,21.429416,1053,70617.2
shape_R4_1_bitola,41.543089,21.429706,1054,70645.8
shape_R4_1_bitola,41.543233,21.430030,1055,70677.2
shape_R4_1_bitola,41.543615,21.430893,1056,70760.6
shape_R4_1_bitola,41.543718,21.431113,1057,70782.2
shape_R4_1_bitola,41.543815,21.431302,1058,70801.3
shape_R4_1_bitola,41.543903,21.431464,1059,70818.0
shape_R4_1_bitola,41.543991,21.431604,1060,70833.2
shape_R4_1_bitola,41.544096,21.431760,1061,70850.6
shape_R4_1_bitola,41.544195,21.431889,1062,70866.0
shape_R4_1_bitola,41.544401,21.432120,1063,70895.9
shape_R4_1_bitola,41.544533,21.432246,1064,70914.0
shape_R4_1_bitola,41.544671,21.432362,1065,70932.1
shape_R4_1_bitola,41.544898,21.432518,1066,70960.5
shape_R4_1_bitola,41.545168,21.432662,1067,70992.8
shape_R4_1_bitola,41.545266,21.432703,1068,71004.2
shape_R4_1_bitola,41.545485,21.432804,1069,71030.0
shape_R4_1_bitola,41.545786,21.432855,1070,71063.7
shape_R4_1_bitola,41.546179,21.432858,1071,71107.4
shape_R4_1_bitola,41.546661,21.432837,1072,71161.0
shape_R4_1_bitola,41.546755,21.432829,1073,71171.5
shape_R4_1_bitola,41.547140,21.432856,1074,71214.4
shape_R4_1_bitola,41.547461,21.432829,1075,71250.1
shape_R4_1_bitola,41.547865,21.432769,1076,71295.3
shape_R4_1_bitola,41.548272,21.432651,1077,71341.7
shape_R4_1_bitola,41.548550,21.432568,1078,71373.3
shape_R4_1_bitola,41.548896,21.432429,1079,71413.5
shape_R4_1_bitola,41.549493,21.432141,1080,71484.1
shape_R4_1_bitola,41.549846,21.431929,1081,71527.1
shape_R4_1_bitola,41.550156,21.431727,1082,71565.5
shape_R4_1_bitola,41.550511,21.431439,1083,71611.6
shape_R4_1_bitola,41.550921,21.431083,1084,71666.0
shape_R4_1_bitola,41.551282,21.430733,1085,71715.6
shape_R4_1_bitola,41.551504,21.430484,1086,71747.8
shape_R4_1_bitola,41.551669,21.430335,1087,71770.0
shape_R4_1_bitola,41.552146,21.429903,1088,71834.1
shape_R4_1_bitola,41.552451,21.429634,1089,71874.7
shape_R4_1_bitola,41.552745,21.429325,1090,71916.3
shape_R4_1_bitola,41.552863,21.429200,1091,71933.0
shape_R4_1_bitola,41.553356,21.428630,1092,72005.5
shape_R4_1_bitola,41.553663,21.428229,1093,72053.3
shape_R4_1_bitola,41.553768,21.428107,1094,72068.7
shape_R4_1_bitola,41.553978,21.427850,1095,72100.4
shape_R4_1_bitola,41.554213,21.427584,1096,72134.6
shape_R4_1_bitola,41.554361,21.427437,1097,72155.1
shape_R4_1_bitola,41.554434,21.427364,1098,72165.3
shape_R4_1_bitola,41.554627,21.427193,1099,72191.0
shape_R4_1_bitola,41.554976,21.426951,1100,72234.7
shape_R4_1_bitola,41.555349,21.426763,1101,72279.1
shape_R4_1_bitola,41.555847,21.426570,1102,72336.7
shape_R4_1_bitola,41.556421,21.426345,1103,72403.2
shape_R4_1_bitola,41.556718,21.426222,1104,72437.8
shape_R4_1_bitola,41.556927,21.426082,1105,72463.8
shape_R4_1_bitola,41.557112,21.425953,1106,72487.0
shape_R4_1_bitola,41.557333,21.425766,1107,72516.1
shape_R4_1_bitola,41.557525,21.425594,1108,72541.8
shape_R4_1_bitola,41.557585,21.425524,1109,72550.7
shape_R4_1_bitola,41.557758,21.425326,1110,72576.0
shape_R4_1_bitola,41.558276,21.424645,1111,72656.8
shape_R4_1_bitola,41.558673,21.424183,1112,72715.3
shape_R4_1_bitola,41.558938,21.423931,1113,72751.5
shape_R4_1_bitola,41.559279,21.423690,1114,72794.4
shape_R4_1_bitola,41.559604,21.423497,1115,72833.9
shape_R4_1_bitola,41.560006,21.423352,1116,72880.2
shape_R4_1_bitola,41.560427,21.423244,1117,72927.9
shape_R4_1_bitola,41.560829,21.423218,1118,72972.6
shape_R4_1_bitola,41.561222,21.423207,1119,73016.4
shape_R4_1_bitola,41.561656,21.423282,1120,73065.0
shape_R4_1_bitola,41.562121,21.423448,1121,73118.5
shape_R4_1_bitola,41.562543,21.423695,1122,73169.8
shape_R4_1_bitola,41.562912,21.423990,1123,73217.6
shape_R4_1_bitola,41.563221,21.424307,1124,73260.9
shape_R4_1_bitola,41.563433,21.424572,1125,73293.2
shape_R4_1_bitola,41.577847,21.442724,1126,75495.2
shape_R4_1_bitola,41.579106,21.444698,1127,75711.0
shape_R4_1_bitola,41.579512,21.445589,1128,75797.8
shape_R4_1_bitola,41.580073,21.446830,1129,75918.4
shape_R4_1_bitola,41.580466,21.447934,1130,76020.1
shape_R4_1_bitola,41.580993,21.449801,1131,76186.1
shape_R4_1_bitola,41.581442,21.451394,1132,76327.7
shape_R4_1_bitola,41.581725,21.452089,1133,76393.5
shape_R4_1_bitola,41.582226,21.452810,1134,76475.3
shape_R4_1_bitola,41.582845,21.453360,1135,76558.0
shape_R4_1_bitola,41.583373,21.453529,1136,76618.3
shape_R4_1_bitola,41.583901,21.453597,1137,76677.3
shape_R4_1_bitola,41.584455,21.453616,1138,76738.9
shape_R4_1_bitola,41.584660,21.453590,1139,76761.8
shape_R4_1_bitola,41.584848,21.453535,1140,76783.2
shape_R4_1_bitola,41.585415,21.453241,1141,76850.9
shape_R4_1_bitola,41.585627,21.453178,1142,76875.0
shape_R4_1_bitola,41.585984,21.453103,1143,76915.2
shape_R4_1_bitola,41.586357,21.453095,1144,76956.7
shape_R4_1_bitola,41.586757,21.453183,1145,77001.8
shape_R4_1_bitola,41.587149,21.453364,1146,77047.9
shape_R4_1_bitola,41.587487,21.453666,1147,77093.1
shape_R4_1_bitola,41.587777,21.454006,1148,77136.0
shape_R4_1_bitola,41.588821,21.455125,1149,77284.8
shape_R4_1_bitola,41.589306,21.455419,1150,77344.0
shape_R4_1_bitola,41.589683,21.455509,1151,77386.5
shape_R4_1_bitola,41.590162,21.455547,1152,77439.9
shape_R4_1_bitola,41.590659,21.455495,1153,77495.3
shape_R4_1_bitola,41.591249,21.455216,1154,77564.9
shape_R4_1_bitola,41.592765,21.453882,1155,77766.7
shape_R4_1_bitola,41.593452,21.453574,1156,77847.3
shape_R4_1_bitola,41.594052,21.453467,1157,77914.6
shape_R4_1_bitola,41.594901,21.453518,1158,78009.1
shape_R4_1_bitola,41.595599,21.453455,1159,78086.9
shape_R4_1_bitola,41.596447,21.453091,1160,78185.9
shape_R4_1_bitola,41.597761,21.452025,1161,78356.8
shape_R4_1_bitola,41.598426,21.451744,1162,78434.4
shape_R4_1_bitola,41.599009,21.451706,1163,78499.3
shape_R4_1_bitola,41.601045,21.451897,1164,78726.2
shape_R4_1_bitola,41.601655,21.451966,1165,78794.3
shape_R4_1_bitola,41.602192,21.451963,1166,78854.0
shape_R4_1_bitola,41.602896,21.451852,1167,78932.8
shape_R4_1_bitola,41.603670,21.451664,1168,79020.3
shape_R4_1_bitola,41.604942,21.451084,1169,79169.7
shape_R4_1_bitola,41.605756,21.450414,1170,79276.0
shape_R4_1_bitola,41.605797,21.450383,1171,79281.3
shape_R4_1_bitola,41.606302,21.449998,1172,79345.9
shape_R4_1_bitola,41.606912,21.449645,1173,79419.8
shape_R4_1_bitola,41.607722,21.449569,1174,79510.1
shape_R4_1_bitola,41.609185,21.449879,1175,79674.8
shape_R4_1_bitola,41.611900,21.450556,1176,79981.9
shape_R4_1_bitola,41.612491,21.450562,1177,80047.6
shape_R4_1_bitola,41.612909,21.450445,1178,80095.1
shape_R4_1_bitola,41.613540,21.449908,1179,80178.3
shape_R4_1_bitola,41.613921,21.449199,1180,80250.8
shape_R4_1_bitola,41.614018,21.448995,1181,80270.9
shape_R4_1_bitola,41.614450,21.448094,1182,80359.9
shape_R4_1_bitola,41.615521,21.446601,1183,80531.9
shape_R4_1_bitola,41.615999,21.446300,1184,80590.7
shape_R4_1_bitola,41.616488,21.446174,1185,80646.1
shape_R4_1_bitola,41.617164,21.446188,1186,80721.2
shape_R4_1_bitola,41.617749,21.446358,1187,80787.8
shape_R4_1_bitola,41.618217,21.446751,1188,80849.2
shape_R4_1_bitola,41.618605,21.447118,1189,80902.1
shape_R4_1_bitola,41.618882,21.447565,1190,80950.3
shape_R4_1_bitola,41.619102,21.448123,1191,81002.8
shape_R4_1_bitola,41.619182,21.448553,1192,81039.6
shape_R4_1_bitola,41.619195,21.449135,1193,81088.0
shape_R4_1_bitola,41.619042,21.449621,1194,81131.9
shape_R4_1_bitola,41.618974,21.449876,1195,81154.4
shape_R4_1_bitola,41.618677,21.450534,1196,81218.3
shape_R4_1_bitola,41.618201,21.451327,1197,81302.8
shape_R4_1_bitola,41.617747,21.451842,1198,81369.0
shape_R4_1_bitola,41.617299,21.452056,1199,81421.9
shape_R4_1_bitola,41.616431,21.452242,1200,81519.6
shape_R4_1_bitola,41.615376,21.452154,1201,81637.2
shape_R4_1_bitola,41.614890,21.452260,1202,81691.9
shape_R4_1_bitola,41.614408,21.452449,1203,81747.8
shape_R4_1_bitola,41.612733,21.453315,1204,81947.5
shape_R4_1_bitola,41.612145,21.453799,1205,82024.2
shape_R4_1_bitola,41.611050,21.454873,1206,82175.2
shape_R4_1_bitola,41.608443,21.456477,1207,82494.3
shape_R4_1_bitola,41.607825,21.456933,1208,82572.8
shape_R4_1_bitola,41.607260,21.457474,1209,82650.1
shape_R4_1_bitola,41.605940,21.459520,1210,82874.7
shape_R4_1_bitola,41.602614,21.463126,1211,83350.8
shape_R4_1_bitola,41.600822,21.465091,1212,83608.5
shape_R4_1_bitola,41.599772,21.466274,1213,83761.2
shape_R4_1_bitola,41.598396,21.468802,1214,84021.2
shape_R4_1_bitola,41.597753,21.470391,1215,84171.4
shape_R4_1_bitola,41.597176,21.472203,1216,84335.2
shape_R4_1_bitola,41.596557,21.474466,1217,84535.6
shape_R4_1_bitola,41.596378,21.475267,1218,84605.1
shape_R4_1_bitola,41.596296,21.475877,1219,84656.6
shape_R4_1_bitola,41.596167,21.476495,1220,84710.0
shape_R4_1_bitola,41.595721,21.477941,1221,84840.0
shape_R4_1_bitola,41.595620,21.478267,1222,84869.4
shape_R4_1_bitola,41.595566,21.478524,1223,84891.6
shape_R4_1_bitola,41.595530,21.478741,1224,84910.1
shape_R4_1_bitola,41.595501,21.478994,1225,84931.4
shape_R4_1_bitola,41.595493,21.479257,1226,84953.2
shape_R4_1_bitola,41.595495,21.479583,1227,84980.4
shape_R4_1_bitola,41.595526,21.480015,1228,85016.4
shape_R4_1_bitola,41.595594,21.480475,1229,85055.4
shape_R4_1_bitola,41.595616,21.480595,1230,85065.7
shape_R4_1_bitola,41.595836,21.483073,1231,85273.2
shape_R4_1_bitola,41.595851,21.483252,1232,85288.2
shape_R4_1_bitola,41.595903,21.483881,1233,85340.8
shape_R4_1_bitola,41.596264,21.488231,1234,85704.8
shape_R4_1_bitola,41.596285,21.488825,1235,85754.2
shape_R4_1_bitola,41.596322,21.489282,1236,85792.4
shape_R4_1_bitola,41.596328,21.489458,1237,85807.1
shape_R4_1_bitola,41.596321,21.489729,1238,85829.6
shape_R4_1_bitola,41.596290,21.490128,1239,85863.0
shape_R4_1_bitola,41.596219,21.490511,1240,85895.8
shape_R4_1_bitola,41.596115,21.490918,1241,85931.6
shape_R4_1_bitola,41.595982,21.491373,1242,85972.2
shape_R4_1_bitola,41.595860,21.491773,1243,86008.1
shape_R4_1_bitola,41.595775,21.492090,1244,86036.1
shape_R4_1_bitola,41.595704,21.492431,1245,86065.6
shape_R4_1_bitola,41.595661,21.492825,1246,86098.7
shape_R4_1_bitola,41.595652,21.493170,1247,86127.4
shape_R4_1_bitola,41.595670,21.493569,1248,86160.6
shape_R4_1_bitola,41.595720,21.493993,1249,86196.3
shape_R4_1_bitola,41.595809,21.494420,1250,86233.2
shape_R4_1_bitola,41.595897,21.494853,1251,86270.5
shape_R4_1_bitola,41.595983,21.495230,1252,86303.3
shape_R4_1_bitola,41.596010,21.495870,1253,86356.6
shape_R4_1_bitola,41.595961,21.496560,1254,86414.2
shape_R4_1_bitola,41.595743,21.497429,1255,86490.4
shape_R4_1_bitola,41.595248,21.498902,1256,86624.7
shape_R4_1_bitola,41.595195,21.499631,1257,86685.6
shape_R4_1_bitola,41.595239,21.502191,1258,86898.6
shape_R4_1_bitola,41.595263,21.503153,1259,86978.6
shape_R4_1_bitola,41.595188,21.503905,1260,87041.7
shape_R4_1_bitola,41.594953,21.504576,1261,87103.3
shape_R4_1_bitola,41.594669,21.505228,1262,87166.1
shape_R4_1_bitola,41.592398,21.508693,1263,87549.2
shape_R4_1_bitola,41.591306,21.510533,1264,87744.5
shape_R4_1_bitola,41.590999,21.511274,1265,87815.0
shape_R4_1_bitola,41.590757,21.512024,1266,87882.9
shape_R4_1_bitola,41.590249,21.514688,1267,88111.6
shape_R4_1_bitola,41.590197,21.514993,1268,88137.6
shape_R4_1_bitola,41.590075,21.516129,1269,88233.0
shape_R4_1_bitola,41.590065,21.517209,1270,88322.8
shape_R4_1_bitola,41.590152,21.518080,1271,88395.9
shape_R4_1_bitola,41.590364,21.518770,1272,88458.0
shape_R4_1_bitola,41.590867,21.520237,1273,88592.2
shape_R4_1_bitola,41.591496,21.521733,1274,88734.9
shape_R4_1_bitola,41.591736,21.522433,1275,88798.9
shape_R4_1_bitola,41.591895,21.523145,1276,88860.7
shape_R4_1_bitola,41.591970,21.523963,1277,88929.3
shape_R4_1_bitola,41.591988,21.524735,1278,88993.5
shape_R4_1_bitola,41.591957,21.525675,1279,89071.7
shape_R4_1_bitola,41.591874,21.526552,1280,89145.3
shape_R4_1_bitola,41.591660,21.527495,1281,89227.2
shape_R4_1_bitola,41.591366,21.528415,1282,89310.4
shape_R4_1_bitola,41.590643,21.530428,1283,89496.1
shape_R4_1_bitola,41.589705,21.533473,1284,89770.0
shape_R4_1_bitola,41.589532,21.534405,1285,89849.8
shape_R4_1_bitola,41.589562,21.535158,1286,89912.6
shape_R4_1_bitola,41.589712,21.535764,1287,89965.6
shape_R4_1_bitola,41.590056,21.536545,1288,90041.0
shape_R4_1_bitola,41.590683,21.537261,1289,90132.7
shape_R4_1_bitola,41.592078,21.537976,1290,90298.8
shape_R4_1_bitola,41.592712,21.538570,1291,90384.9
shape_R4_1_bitola,41.593175,21.539377,1292,90469.5
shape_R4_1_bitola,41.593392,21.540060,1293,90531.2
shape_R4_1_bitola,41.593488,21.540630,1294,90579.8
shape_R4_1_bitola,41.593511,21.541177,1295,90625.4
shape_R4_1_bitola,41.593468,21.541710,1296,90669.9
shape_R4_1_bitola,41.593371,21.542207,1297,90712.7
shape_R4_1_bitola,41.593108,21.543027,1298,90786.9
shape_R4_1_bitola,41.592150,21.544595,1299,90955.2
shape_R4_1_bitola,41.591914,21.545215,1300,91013.1
shape_R4_1_bitola,41.591775,21.545841,1301,91067.4
shape_R4_1_bitola,41.591721,21.546844,1302,91151.0
shape_R4_1_bitola,41.592180,21.550584,1303,91466.2
shape_R4_1_bitola,41.592248,21.551958,1304,91580.7
shape_R4_1_bitola,41.592197,21.553054,1305,91672.0
shape_R4_1_bitola,41.592088,21.553691,1306,91726.4
shape_R4_1_bitola,41.591951,21.554300,1307,91779.3
shape_R4_1_bitola,41.591805,21.554763,1308,91821.1
shape_R4_1_bitola,41.591637,21.555216,1309,91863.1
shape_R4_1_bitola,41.591327,21.555972,1310,91934.8
shape_R4_1_bitola,41.591132,21.556420,1311,91977.9
shape_R4_1_bitola,41.590894,21.556844,1312,92022.0
shape_R4_1_bitola,41.590678,21.557115,1313,92054.9
shape_R4_1_bitola,41.590450,21.557341,1314,92086.5
shape_R4_1_bitola,41.590053,21.557606,1315,92135.8
shape_R4_1_bitola,41.589196,21.558099,1316,92239.6
shape_R4_1_bitola,41.588910,21.558352,1317,92277.7
shape_R4_1_bitola,41.588651,21.558632,1318,92314.7
shape_R4_1_bitola,41.588387,21.559062,1319,92361.0
shape_R4_1_bitola,41.588168,21.559644,1320,92415.2
shape_R4_1_bitola,41.588056,21.560192,1321,92462.4
shape_R4_1_bitola,41.587972,21.560824,1322,92515.8
shape_R4_1_bitola,41.587790,21.561681,1323,92589.9
shape_R4_1_bitola,41.587666,21.562106,1324,92627.9
shape_R4_1_bitola,41.587306,21.562825,1325,92699.8
shape_R4_1_bitola,41.586177,21.564498,1326,92887.2
shape_R4_1_bitola,41.585930,21.564860,1327,92928.0
shape_R4_1_bitola,41.585670,21.565185,1328,92967.5
shape_R4_1_bitola,41.585474,21.565349,1329,92993.3
shape_R4_1_bitola,41.585285,21.565476,1330,93016.8
shape_R4_1_bitola,41.584882,21.565665,1331,93064.3
shape_R4_1_bitola,41.584289,21.565775,1332,93130.8
shape_R4_1_bitola,41.583612,21.565753,1333,93206.1
shape_R4_1_bitola,41.583109,21.565883,1334,93263.1
shape_R4_1_bitola,41.582651,21.566089,1335,93316.8
shape_R4_1_bitola,41.582250,21.566443,1336,93370.3
shape_R4_1_bitola,41.581823,21.567033,1337,93438.6
shape_R4_1_bitola,41.581668,21.567369,1338,93471.4
shape_R4_1_bitola,41.581596,21.567524,1339,93486.6
shape_R4_1_bitola,41.581437,21.568165,1340,93542.7
shape_R4_1_bitola,41.581395,21.569026,1341,93614.5
shape_R4_1_bitola,41.581418,21.570010,1342,93696.4
shape_R4_1_bitola,41.581288,21.571035,1343,93782.9
shape_R4_1_bitola,41.580998,21.571825,1344,93856.1
shape_R4_1_bitola,41.580651,21.572449,1345,93920.7
shape_R4_1_bitola,41.580215,21.572920,1346,93983.1
shape_R4_1_bitola,41.579777,21.573279,1347,94040.2
shape_R4_1_bitola,41.579022,21.573796,1348,94134.5
shape_R4_1_bitola,41.578664,21.573936,1349,94176.0
shape_R4_1_bitola,41.578404,21.573999,1350,94205.4
shape_R4_1_bitola,41.578094,21.574029,1351,94239.9
shape_R4_1_bitola,41.577726,21.574020,1352,94280.9
shape_R4_1_bitola,41.576694,21.573688,1353,94398.9
shape_R4_1_bitola,41.576199,21.573580,1354,94454.7
shape_R4_1_bitola,41.575733,21.573594,1355,94506.5
shape_R4_1_bitola,41.575268,21.573717,1356,94559.2
shape_R4_1_bitola,41.574898,21.573951,1357,94604.7
shape_R4_1_bitola,41.574529,21.574277,1358,94653.9
shape_R4_1_bitola,41.574030,21.575023,1359,94737.1
shape_R4_1_bitola,41.573851,21.575634,1360,94791.7
shape_R4_1_bitola,41.573718,21.576245,1361,94844.6
shape_R4_1_bitola,41.573400,21.577464,1362,94952.0
shape_R4_1_bitola,41.572961,21.578309,1363,95037.6
shape_R4_1_bitola,41.572382,21.578911,1364,95119.2
shape_R4_1_bitola,41.571616,21.579320,1365,95210.9
shape_R4_1_bitola,41.570811,21.579596,1366,95303.3
shape_R4_1_bitola,41.570126,21.579981,1367,95385.9
shape_R4_1_bitola,41.568775,21.581272,1368,95570.6
shape_R4_1_bitola,41.568219,21.581779,1369,95645.5
shape_R4_1_bitola,41.567080,21.582836,1370,95799.6
shape_R4_1_bitola,41.565092,21.584252,1371,96050.1
shape_R4_1_bitola,41.562518,21.585660,1372,96359.4
shape_R4_1_bitola,41.557244,21.588110,1373,96980.2
shape_R4_1_bitola,41.556997,21.588216,1374,97009.1
shape_R4_1_bitola,41.556728,21.588413,1375,97043.2
shape_R4_1_bitola,41.556456,21.588657,1376,97079.6
shape_R4_1_bitola,41.555385,21.590085,1377,97247.9
shape_R4_1_bitola,41.554711,21.591069,1378,97358.9
shape_R4_1_bitola,41.554297,21.591657,1379,97426.0
shape_R4_1_bitola,41.554005,21.592205,1380,97482.0
shape_R4_1_bitola,41.553829,21.592661,1381,97524.7
shape_R4_1_bitola,41.553708,21.593232,1382,97574.1
shape_R4_1_bitola,41.553687,21.593666,1383,97610.3
shape_R4_1_bitola,41.553675,21.594024,1384,97640.1
shape_R4_1_bitola,41.553734,21.594628,1385,97690.8
shape_R4_1_bitola,41.553833,21.595093,1386,97731.0
shape_R4_1_bitola,41.554112,21.595973,1387,97810.5
shape_R4_1_bitola,41.554356,21.596711,1388,97877.7
shape_R4_1_bitola,41.554426,21.597074,1389,97908.9
shape_R4_1_bitola,41.554489,21.597548,1390,97948.9
shape_R4_1_bitola,41.554495,21.598044,1391,97990.2
shape_R4_1_bitola,41.554451,21.598554,1392,98032.9
shape_R4_1_bitola,41.554389,21.598895,1393,98062.1
shape_R4_1_bitola,41.554282,21.599296,1394,98097.5
shape_R4_1_bitola,41.554093,21.599803,1395,98144.7
shape_R4_1_bitola,41.553761,21.600369,1396,98204.5
shape_R4_1_bitola,41.553488,21.600776,1397,98250.0
shape_R4_1_bitola,41.553058,21.601536,1398,98329.3
shape_R4_1_bitola,41.552868,21.601989,1399,98372.5
shape_R4_1_bitola,41.552712,21.602571,1400,98423.9
shape_R4_1_bitola,41.552589,21.603271,1401,98483.8
shape_R4_1_bitola,41.552438,21.604340,1402,98574.3
shape_R4_1_bitola,41.552252,21.605852,1403,98701.8
shape_R4_1_bitola,41.552175,21.606419,1404,98749.7
shape_R4_1_bitola,41.551710,21.610093,1405,99059.8
shape_R4_1_bitola,41.551281,21.613384,1406,99337.8
shape_R4_1_bitola,41.551246,21.613647,1407,99360.0
shape_R4_1_bitola,41.551204,21.613968,1408,99387.1
shape_R4_1_bitola,41.550927,21.616171,1409,99573.0
shape_R4_1_bitola,41.550857,21.616982,1410,99641.0
shape_R4_1_bitola,41.550828,21.617714,1411,99702.0
shape_R4_1_bitola,41.550796,21.618456,1412,99763.8
shape_R4_1_bitola,41.550700,21.619141,1413,99821.8
shape_R4_1_bitola,41.550487,21.619853,1414,99885.6
shape_R4_1_bitola,41.548675,21.624119,1415,100293.8
shape_R4_1_bitola,41.547484,21.626165,1416,100509.5
shape_R4_1_bitola,41.547299,21.626653,1417,100555.0
shape_R4_1_bitola,41.547196,21.627176,1418,100600.0
shape_R4_1_bitola,41.547108,21.627677,1419,100642.9
shape_R4_1_bitola,41.547087,21.628088,1420,100677.2
shape_R4_1_bitola,41.547098,21.628466,1421,100708.6
shape_R4_1_bitola,41.547228,21.629116,1422,100764.6
shape_R4_1_bitola,41.547370,21.629545,1423,100803.7
shape_R4_1_bitola,41.547645,21.630133,1424,100861.4
shape_R4_1_bitola,41.549619,21.633646,1425,101226.9
shape_R4_1_bitola,41.551647,21.637440,1426,101614.9
shape_R4_1_bitola,41.551915,21.638272,1427,101690.3
shape_R4_1_bitola,41.552003,21.638967,1428,101748.9
shape_R4_1_bitola,41.551958,21.639755,1429,101814.7
shape_R4_1_bitola,41.551514,21.641930,1430,102002.3
shape_R4_1_bitola,41.551352,21.642870,1431,102082.6
shape_R4_1_bitola,41.551324,21.643387,1432,102125.7
shape_R4_1_bitola,41.551363,21.643917,1433,102170.0
shape_R4_1_bitola,41.551580,21.644505,1434,102224.6
shape_R4_1_bitola,41.551866,21.645032,1435,102278.8
shape_R4_1_bitola,41.552176,21.645461,1436,102328.4
shape_R4_1_bitola,41.552551,21.645791,1437,102378.3
shape_R4_1_bitola,41.553261,21.646087,1438,102461.0
shape_R4_1_bitola,41.553736,21.646152,1439,102514.1
shape_R4_1_bitola,41.554210,21.646141,1440,102566.8
shape_R4_1_bitola,41.554841,21.646265,1441,102637.7
shape_R4_1_bitola,41.555284,21.646474,1442,102690.0
shape_R4_1_bitola,41.555700,21.646796,1443,102743.4
shape_R4_1_bitola,41.556215,21.647444,1444,102822.1
shape_R4_1_bitola,41.557675,21.650192,1445,103102.5
shape_R4_1_bitola,41.558545,21.651988,1446,103280.5
shape_R4_1_bitola,41.559511,21.654909,1447,103546.2
shape_R4_1_bitola,41.559869,21.655617,1448,103617.3
shape_R4_1_bitola,41.560015,21.655901,1449,103646.0
shape_R4_1_bitola,41.560219,21.656191,1450,103679.1
shape_R4_1_bitola,41.560643,21.656640,1451,103739.3
shape_R4_1_bitola,41.562336,21.658054,1452,103961.3
shape_R4_1_bitola,41.563099,21.659131,1453,104084.7
shape_R4_1_bitola,41.566443,21.665211,1454,104712.5
shape_R4_1_bitola,41.567179,21.667163,1455,104894.3
shape_R4_1_bitola,41.567424,21.667884,1456,104960.2
shape_R4_1_bitola,41.567544,21.668705,1457,105029.8
shape_R4_1_bitola,41.567514,21.669452,1458,105092.0
shape_R4_1_bitola,41.567425,21.670087,1459,105145.8
shape_R4_1_bitola,41.567262,21.670825,1460,105209.8
shape_R4_1_bitola,41.567196,21.671381,1461,105256.6
shape_R4_1_bitola,41.567218,21.671850,1462,105295.7
shape_R4_1_bitola,41.567273,21.672368,1463,105339.2
shape_R4_1_bitola,41.567406,21.672794,1464,105377.6
shape_R4_1_bitola,41.567566,21.673157,1465,105412.7
shape_R4_1_bitola,41.567845,21.673575,1466,105459.3
shape_R4_1_bitola,41.568160,21.673887,1467,105502.9
shape_R4_1_bitola,41.568911,21.674390,1468,105596.3
shape_R4_1_bitola,41.569590,21.674723,1469,105676.7
shape_R4_1_bitola,41.570025,21.675082,1470,105733.6
shape_R4_1_bitola,41.570526,21.675673,1471,105807.9
shape_R4_1_bitola,41.571536,21.676869,1472,105957.9
shape_R4_1_bitola,41.572146,21.677278,1473,106033.8
shape_R4_1_bitola,41.572975,21.677579,1474,106129.3
shape_R4_1_bitola,41.574874,21.677792,1475,106341.2
shape_R4_1_bitola,41.575490,21.678087,1476,106414.0
shape_R4_1_bitola,41.576772,21.679015,1477,106576.1
shape_R4_1_bitola,41.577852,21.679762,1478,106711.3
shape_R4_1_bitola,41.578044,21.679887,1479,106735.0
shape_R4_1_bitola,41.580144,21.681286,1480,106995.9
shape_R4_1_bitola,41.580767,21.681805,1481,107077.6
shape_R4_1_bitola,41.581315,21.682263,1482,107149.4
shape_R4_1_bitola,41.581964,21.682620,1483,107227.5
shape_R4_1_bitola,41.582591,21.682897,1484,107300.9
shape_R4_1_bitola,41.587634,21.684683,1485,107881.0
shape_R4_1_bitola,41.588244,21.684881,1486,107950.8
shape_R4_1_bitola,41.588608,21.684946,1487,107991.6
shape_R4_1_bitola,41.589000,21.684908,1488,108035.3
shape_R4_1_bitola,41.590453,21.684368,1489,108203.0
shape_R4_1_bitola,41.591093,21.684244,1490,108274.9
shape_R4_1_bitola,41.592746,21.684403,1491,108459.2
shape_R4_1_bitola,41.595611,21.684853,1492,108780.0
shape_R4_1_bitola,41.597670,21.685078,1493,109009.7
shape_R4_1_bitola,41.598794,21.685072,1494,109134.7
shape_R4_1_bitola,41.599211,21.685022,1495,109181.2
shape_R4_1_bitola,41.599649,21.684878,1496,109231.4
shape_R4_1_bitola,41.600455,21.684352,1497,109331.1
shape_R4_1_bitola,41.601027,21.683951,1498,109402.9
shape_R4_1_bitola,41.601612,21.683644,1499,109472.8
shape_R4_1_bitola,41.602213,21.683489,1500,109540.9
shape_R4_1_bitola,41.602727,21.683442,1501,109598.1
shape_R4_1_bitola,41.603087,21.683522,1502,109638.7
shape_R4_1_bitola,41.603472,21.683677,1503,109683.4
shape_R4_1_bitola,41.603937,21.683949,1504,109739.9
shape_R4_1_bitola,41.605455,21.685140,1505,109935.6
shape_R4_1_bitola,41.606507,21.686008,1506,110073.0
shape_R4_1_bitola,41.607768,21.686986,1507,110235.1
shape_R4_1_bitola,41.608753,21.687543,1508,110354.0
shape_R4_1_bitola,41.610097,21.687920,1509,110506.7
shape_R4_1_bitola,41.611238,21.687874,1510,110633.6
shape_R4_1_bitola,41.612780,21.687457,1511,110808.6
shape_R4_1_bitola,41.613579,21.687464,1512,110897.4
shape_R4_1_bitola,41.614468,21.687673,1513,110997.8
shape_R4_1_bitola,41.615131,21.687908,1514,111074.1
shape_R4_1_bitola,41.615956,21.688103,1515,111167.2
shape_R4_1_bitola,41.616837,21.688099,1516,111265.2
shape_R4_1_bitola,41.617608,21.688006,1517,111351.3
shape_R4_1_bitola,41.621490,21.687255,1518,111787.4
shape_R4_1_bitola,41.623149,21.687053,1519,111972.6
shape_R4_1_bitola,41.624050,21.687001,1520,112072.9
shape_R4_1_bitola,41.624905,21.687157,1521,112168.9
shape_R4_1_bitola,41.626845,21.687792,1522,112391.0
shape_R4_1_bitola,41.627615,21.687982,1523,112478.0
shape_R4_1_bitola,41.628565,21.688062,1524,112583.9
shape_R4_1_bitola,41.629603,21.687878,1525,112700.3
shape_R4_1_bitola,41.630384,21.687519,1526,112792.1
shape_R4_1_bitola,41.632090,21.686480,1527,113000.5
shape_R4_1_bitola,41.633255,21.685733,1528,113144.2
shape_R4_1_bitola,41.634109,21.685495,1529,113241.2
shape_R4_1_bitola,41.634672,21.685536,1530,113303.9
shape_R4_1_bitola,41.635277,21.685770,1531,113373.9
shape_R4_1_bitola,41.636064,21.686451,1532,113478.1
shape_R4_1_bitola,41.636724,21.687333,1533,113581.9
shape_R4_1_bitola,41.637130,21.687889,1534,113646.5
shape_R4_1_bitola,41.637599,21.688312,1535,113709.3
shape_R4_1_bitola,41.638470,21.688891,1536,113817.5
shape_R4_1_bitola,41.640239,21.689893,1537,114031.1
shape_R4_1_bitola,41.643127,21.691540,1538,114380.2
shape_R4_1_bitola,41.643678,21.691844,1539,114446.4
shape_R4_1_bitola,41.644138,21.692105,1540,114502.0
shape_R4_1_bitola,41.644760,21.692385,1541,114575.0
shape_R4_1_bitola,41.645476,21.692668,1542,114658.0
shape_R4_1_bitola,41.646301,21.693030,1543,114754.5
shape_R4_1_bitola,41.647308,21.693390,1544,114870.4
shape_R4_1_bitola,41.649395,21.694179,1545,115111.6
shape_R4_1_bitola,41.649679,21.694289,1546,115144.4
shape_R4_1_bitola,41.650124,21.694461,1547,115196.0
shape_R4_1_bitola,41.650594,21.694593,1548,115249.4
shape_R4_1_bitola,41.651122,21.694624,1549,115308.1
shape_R4_1_bitola,41.651462,21.694582,1550,115346.1
shape_R4_1_bitola,41.651894,21.694438,1551,115395.6
shape_R4_1_bitola,41.652326,21.694197,1552,115447.6
shape_R4_1_bitola,41.653413,21.693401,1553,115585.4
shape_R4_1_bitola,41.653761,21.693185,1554,115628.1
shape_R4_1_bitola,41.654025,21.693063,1555,115659.1
shape_R4_1_bitola,41.654286,21.692984,1556,115688.9
shape_R4_1_bitola,41.654625,21.692943,1557,115726.7
shape_R4_1_bitola,41.654956,21.692979,1558,115763.7
shape_R4_1_bitola,41.655449,21.693109,1559,115819.5
shape_R4_1_bitola,41.655969,21.693437,1560,115883.4
shape_R4_1_bitola,41.656474,21.694059,1561,115959.8
shape_R4_1_bitola,41.656866,21.694756,1562,116032.2
shape_R4_1_bitola,41.657187,21.695260,1563,116087.3
shape_R4_1_bitola,41.657652,21.695723,1564,116151.7
shape_R4_1_bitola,41.658237,21.696076,1565,116223.1
shape_R4_1_bitola,41.659041,21.696354,1566,116315.4
shape_R4_1_bitola,41.659276,21.696494,1567,116344.0
shape_R4_1_bitola,41.659369,21.696564,1568,116355.9
shape_R4_1_bitola,41.659441,21.696634,1569,116365.8
shape_R4_1_bitola,41.659594,21.696792,1570,116387.2
shape_R4_1_bitola,41.659709,21.696921,1571,116403.9
shape_R4_1_bitola,41.659813,21.697057,1572,116420.1
shape_R4_1_bitola,41.659919,21.697208,1573,116437.3
shape_R4_1_bitola,41.660000,21.697343,1574,116451.7
shape_R4_1_bitola,41.660081,21.697498,1575,116467.4
shape_R4_1_bitola,41.660210,21.697806,1576,116496.7
shape_R4_1_bitola,41.660266,21.697968,1577,116511.6
shape_R4_1_bitola,41.660312,21.698127,1578,116525.7
shape_R4_1_bitola,41.660457,21.698688,1579,116575.0
shape_R4_1_bitola,41.660558,21.699033,1580,116605.8
shape_R4_1_bitola,41.660627,21.699232,1581,116624.1
shape_R4_1_bitola,41.660708,21.699428,1582,116642.7
shape_R4_1_bitola,41.660795,21.699606,1583,116660.3
shape_R4_1_bitola,41.660885,21.699766,1584,116677.0
shape_R4_1_bitola,41.661007,21.699951,1585,116697.5
shape_R4_1_bitola,41.661138,21.700129,1586,116718.2
shape_R4_1_bitola,41.661276,21.700296,1587,116738.9
shape_R4_1_bitola,41.661374,21.700392,1588,116752.4
shape_R4_1_bitola,41.661661,21.700672,1589,116791.9
shape_R4_1_bitola,41.662286,21.701116,1590,116870.6
shape_R4_1_bitola,41.662774,21.701494,1591,116933.3
shape_R4_1_bitola,41.663207,21.701790,1592,116987.3
shape_R4_1_bitola,41.663565,21.702194,1593,117039.4
shape_R4_1_bitola,41.663842,21.702720,1594,117092.9
shape_R4_1_bitola,41.664112,21.703394,1595,117156.4
shape_R4_1_bitola,41.664217,21.703895,1596,117199.6
shape_R4_1_bitola,41.664262,21.704429,1597,117244.3
shape_R4_1_bitola,41.664260,21.704732,1598,117269.4
shape_R4_1_bitola,41.664248,21.704968,1599,117289.1
shape_R4_1_bitola,41.664220,21.705214,1600,117309.7
shape_R4_1_bitola,41.664176,21.705471,1601,117331.6
shape_R4_1_bitola,41.664005,21.706454,1602,117415.5
shape_R4_1_bitola,41.663913,21.707358,1603,117491.3
shape_R4_1_bitola,41.663884,21.707874,1604,117534.3
shape_R4_1_bitola,41.663939,21.708462,1605,117583.5
shape_R4_1_bitola,41.664048,21.709539,1606,117673.8
shape_R4_1_bitola,41.664024,21.710542,1607,117757.1
shape_R4_1_bitola,41.663124,21.714291,1608,118084.2
shape_R4_1_bitola,41.662938,21.714751,1609,118127.7
shape_R4_1_bitola,41.662277,21.716009,1610,118255.5
shape_R4_1_bitola,41.661913,21.716820,1611,118334.1
shape_R4_1_bitola,41.661684,21.717863,1612,118424.4
shape_R4_1_bitola,41.661631,21.719667,1613,118574.3
shape_R4_1_bitola,41.661667,21.720923,1614,118678.8
shape_R4_1_bitola,41.661890,21.722091,1615,118778.9
shape_R4_1_bitola,41.662556,21.723692,1616,118931.1
shape_R4_1_bitola,41.664203,21.727084,1617,119267.2
shape_R4_1_bitola,41.664747,21.727967,1618,119362.3
shape_R4_1_bitola,41.665278,21.728429,1619,119432.7
shape_R4_1_bitola,41.665726,21.728693,1620,119487.1
shape_R4_1_bitola,41.666359,21.728890,1621,119559.4
shape_R4_1_bitola,41.667649,21.729029,1622,119703.3
shape_R4_1_bitola,41.668003,21.729116,1623,119743.3
shape_R4_1_bitola,41.668275,21.729231,1624,119775.0
shape_R4_1_bitola,41.668565,21.729401,1625,119810.2
shape_R4_1_bitola,41.668774,21.729543,1626,119836.3
shape_R4_1_bitola,41.668907,21.729654,1627,119853.7
shape_R4_1_bitola,41.669064,21.729796,1628,119874.8
shape_R4_1_bitola,41.669267,21.730002,1629,119903.1
shape_R4_1_bitola,41.669477,21.730251,1630,119934.3
shape_R4_1_bitola,41.669657,21.730583,1631,119968.4
shape_R4_1_bitola,41.669781,21.730840,1632,119993.8
shape_R4_1_bitola,41.669845,21.731052,1633,120012.8
shape_R4_1_bitola,41.669931,21.731408,1634,120043.8
shape_R4_1_bitola,41.670011,21.731882,1635,120084.2
shape_R4_1_bitola,41.670063,21.732294,1636,120118.9
shape_R4_1_bitola,41.670147,21.732863,1637,120167.1
shape_R4_1_bitola,41.670291,21.733768,1638,120243.9
shape_R4_1_bitola,41.670365,21.734189,1639,120279.9
shape_R4_1_bitola,41.670389,21.734322,1640,120291.2
shape_R4_1_bitola,41.670492,21.734849,1641,120336.5
shape_R4_1_bitola,41.670519,21.734980,1642,120347.8
shape_R4_1_bitola,41.670631,21.735322,1643,120378.8
shape_R4_1_bitola,41.670788,21.735722,1644,120416.3
shape_R4_1_bitola,41.671009,21.736192,1645,120462.4
shape_R4_1_bitola,41.671287,21.736671,1646,120512.8
shape_R4_1_bitola,41.671564,21.737090,1647,120559.3
shape_R4_1_bitola,41.672092,21.737900,1648,120648.6
shape_R4_1_bitola,41.673276,21.739647,1649,120844.5
shape_R4_1_bitola,41.673839,21.740514,1650,120939.9
shape_R4_1_bitola,41.674491,21.741519,1651,121050.5
shape_R4_1_bitola,41.674668,21.741778,1652,121079.7
shape_R4_1_bitola,41.674824,21.741977,1653,121103.6
shape_R4_1_bitola,41.675057,21.742258,1654,121138.5
shape_R4_1_bitola,41.675213,21.742393,1655,121159.1
shape_R4_1_bitola,41.675428,21.742572,1656,121187.3
shape_R4_1_bitola,41.675525,21.742635,1657,121199.3
shape_R4_1_bitola,41.675669,21.742722,1658,121216.9
shape_R4_1_bitola,41.676369,21.743050,1659,121299.3
shape_R4_1_bitola,41.679093,21.744332,1660,121620.4
shape_R4_1_bitola,41.681631,21.745457,1661,121917.7
shape_R4_1_bitola,41.682107,21.745663,1662,121973.3
shape_R4_1_bitola,41.682299,21.745742,1663,121995.6
shape_R4_1_bitola,41.682512,21.745840,1664,122020.7
shape_R4_1_bitola,41.682801,21.745958,1665,122054.3
shape_R4_1_bitola,41.683048,21.746032,1666,122082.4
shape_R4_1_bitola,41.683312,21.746066,1667,122111.9
shape_R4_1_bitola,41.683635,21.746080,1668,122147.8
shape_R4_1_bitola,41.683788,21.746078,1669,122164.8
shape_R4_1_bitola,41.683903,21.746079,1670,122177.6
shape_R4_1_bitola,41.684464,21.746057,1671,122240.0
shape_R4_1_bitola,41.684822,21.746067,1672,122279.9
shape_R4_1_bitola,41.685112,21.746116,1673,122312.4
shape_R4_1_bitola,41.685255,21.746158,1674,122328.6
shape_R4_1_bitola,41.685595,21.746292,1675,122368.0
shape_R4_1_bitola,41.685909,21.746467,1676,122405.9
shape_R4_1_bitola,41.686254,21.746748,1677,122450.8
shape_R4_1_bitola,41.687325,21.747656,1678,122591.7
shape_R4_1_bitola,41.687721,21.747936,1679,122641.5
shape_R4_1_bitola,41.688132,21.748181,1680,122691.5
shape_R4_1_bitola,41.688553,21.748382,1681,122741.2
shape_R4_1_bitola,41.695434,21.751397,1682,123546.3
shape_R4_1_bitola,41.695962,21.751637,1683,123608.3
shape_R4_1_bitola,41.696294,21.751790,1684,123647.3
shape_R4_1_bitola,41.696530,21.751917,1685,123675.6
shape_R4_1_bitola,41.696767,21.752077,1686,123705.1
shape_R4_1_bitola,41.697002,21.752258,1687,123735.3
shape_R4_1_bitola,41.697211,21.752460,1688,123763.9
shape_R4_1_bitola,41.697727,21.753057,1689,123839.7
shape_R4_1_bitola,41.697829,21.753187,1690,123855.4
shape_R4_1_bitola,41.698388,21.753898,1691,123941.1
shape_R4_1_bitola,41.698552,21.754101,1692,123966.0
shape_R4_1_bitola,41.698692,21.754282,1693,123987.6
shape_R4_1_bitola,41.698773,21.754387,1694,124000.1
shape_R4_1_bitola,41.699175,21.754911,1695,124062.5
shape_R4_1_bitola,41.699333,21.755101,1696,124086.1
shape_R4_1_bitola,41.699477,21.755249,1697,124106.3
shape_R4_1_bitola,41.699631,21.755381,1698,124126.6
shape_R4_1_bitola,41.699795,21.755530,1699,124148.7
shape_R4_1_bitola,41.699823,21.755557,1700,124152.5
shape_R4_1_bitola,41.699976,21.755663,1701,124171.6
shape_R4_1_bitola,41.700520,21.756020,1702,124239.0
shape_R4_1_bitola,41.707718,21.761294,1703,125151.3
shape_R4_1_bitola,41.708677,21.761968,1704,125271.7
shape_R4_1_bitola,41.708855,21.762073,1705,125293.4
shape_R4_1_bitola,41.709033,21.762158,1706,125314.4
shape_R4_1_bitola,41.709260,21.762240,1707,125340.5
shape_R4_1_bitola,41.709475,21.762296,1708,125364.9
shape_R4_1_bitola,41.709716,21.762324,1709,125391.8
shape_R4_1_bitola,41.709980,21.762313,1710,125421.1
shape_R4_1_bitola,41.710188,21.762287,1711,125444.4
shape_R4_1_bitola,41.710420,21.762231,1712,125470.6
shape_R4_1_bitola,41.710686,21.762122,1713,125501.5
shape_R4_1_bitola,41.710861,21.762024,1714,125522.6
shape_R4_1_bitola,41.711052,21.761905,1715,125546.0
shape_R4_1_bitola,41.711262,21.761733,1716,125573.4
shape_R4_1_bitola,41.711450,21.761554,1717,125599.1
shape_R4_1_bitola,41.711612,21.761357,1718,125623.4
shape_R4_1_bitola,41.711801,21.761102,1719,125653.2
shape_R4_1_bitola,41.711924,21.760889,1720,125675.6
shape_R4_1_bitola,41.712056,21.760648,1721,125700.4
shape_R4_1_bitola,41.712875,21.759085,1722,125858.9
shape_R4_1_bitola,41.713022,21.758840,1723,125885.0
shape_R4_1_bitola,41.713182,21.758606,1724,125911.3
shape_R4_1_bitola,41.713361,21.758360,1725,125939.8
shape_R4_1_bitola,41.713548,21.758117,1726,125968.8
shape_R4_1_bitola,41.713766,21.757899,1727,125999.0
shape_R4_1_bitola,41.714111,21.757553,1728,126047.0
shape_R4_1_bitola,41.714568,21.757235,1729,126104.2
shape_R4_1_bitola,41.714927,21.757019,1730,126148.0
shape_R4_1_bitola,41.715841,21.756714,1731,126252.7
shape_R4_1_bitola,41.716723,21.756612,1732,126351.2
shape_R4_1_bitola,41.720935,21.756864,1733,126820.0
shape_R4_1_bitola,41.721951,21.756973,1734,126933.3
shape_R4_1_bitola,41.722596,21.757256,1735,127008.8
shape_R4_1_bitola,41.723069,21.757640,1736,127070.3
shape_R4_1_bitola,41.723328,21.757936,1737,127108.1
shape_R4_1_bitola,41.723638,21.758440,1738,127162.3
shape_R4_1_bitola,41.723901,21.759146,1739,127227.8
shape_R4_1_bitola,41.724058,21.759955,1740,127297.2
shape_R4_1_bitola,41.724063,21.760759,1741,127363.9
shape_R4_1_bitola,41.723951,21.761651,1742,127439.0
shape_R4_1_bitola,41.723779,21.762167,1743,127485.9
shape_R4_1_bitola,41.723575,21.762607,1744,127528.9
shape_R4_1_bitola,41.723277,21.763136,1745,127583.9
shape_R4_1_bitola,41.722927,21.763540,1746,127635.3
shape_R4_1_bitola,41.722504,21.763856,1747,127689.1
shape_R4_1_bitola,41.719548,21.765633,1748,128049.4
shape_R4_1_bitola,41.718381,21.766335,1749,128191.6
shape_R4_1_bitola,41.717910,21.766823,1750,128257.8
shape_R4_1_bitola,41.717706,21.767116,1751,128291.1
shape_R4_1_bitola,41.717640,21.767218,1752,128302.3
shape_R4_1_bitola,41.717507,21.767425,1753,128325.0
shape_R4_1_bitola,41.717338,21.767916,1754,128369.8
shape_R4_1_bitola,41.717266,21.768324,1755,128404.6
shape_R4_1_bitola,41.717248,21.768449,1756,128415.2
shape_R4_1_bitola,41.717227,21.768649,1757,128432.0
shape_R4_1_bitola,41.717218,21.768822,1758,128446.4
shape_R4_1_bitola,41.717216,21.769108,1759,128470.1
shape_R4_1_bitola,41.717228,21.769293,1760,128485.5
shape_R4_1_bitola,41.717246,21.769470,1761,128500.3
shape_R4_1_bitola,41.717271,21.769658,1762,128516.2
shape_R4_1_bitola,41.717324,21.769898,1763,128537.0
shape_R4_1_bitola,41.717416,21.770197,1764,128563.8
shape_R4_1_bitola,41.717532,21.770502,1765,128592.2
shape_R4_1_bitola,41.717656,21.770751,1766,128617.1
shape_R4_1_bitola,41.717719,21.770861,1767,128628.6
shape_R4_1_bitola,41.717794,21.770969,1768,128640.8
shape_R4_1_bitola,41.717895,21.771113,1769,128657.2
shape_R4_1_bitola,41.717999,21.771239,1770,128672.8
shape_R4_1_bitola,41.718133,21.771381,1771,128691.8
shape_R4_1_bitola,41.718295,21.771525,1772,128713.4
shape_R4_1_bitola,41.718415,21.771618,1773,128728.8
shape_R4_1_bitola,41.718549,21.771700,1774,128745.2
shape_R4_1_bitola,41.718664,21.771764,1775,128759.1
shape_R4_1_bitola,41.718850,21.771845,1776,128780.8
shape_R4_1_bitola,41.718926,21.771870,1777,128789.5
shape_R4_1_bitola,41.718995,21.771892,1778,128797.4
shape_R4_1_bitola,41.719094,21.771916,1779,128808.6
shape_R4_1_bitola,41.719171,21.771931,1780,128817.2
shape_R4_1_bitola,41.719223,21.771937,1781,128823.0
shape_R4_1_bitola,41.719367,21.771952,1782,128839.1
shape_R4_1_bitola,41.719544,21.771954,1783,128858.8
shape_R4_1_bitola,41.719749,21.771934,1784,128881.6
shape_R4_1_bitola,41.719804,21.771927,1785,128887.8
shape_R4_1_bitola,41.719879,21.771909,1786,128896.3
shape_R4_1_bitola,41.719962,21.771888,1787,128905.6
shape_R4_1_bitola,41.720048,21.771861,1788,128915.5
shape_R4_1_bitola,41.720115,21.771838,1789,128923.2
shape_R4_1_bitola,41.720199,21.771806,1790,128932.9
shape_R4_1_bitola,41.720309,21.771761,1791,128945.7
shape_R4_1_bitola,41.720526,21.771670,1792,128970.9
shape_R4_1_bitola,41.720608,21.771633,1793,128980.6
shape_R4_1_bitola,41.720910,21.771526,1794,129015.3
shape_R4_1_bitola,41.721172,21.771381,1795,129046.8
shape_R4_1_bitola,41.721554,21.771168,1796,129092.8
shape_R4_1_bitola,41.722205,21.770806,1797,129171.2
shape_R4_1_bitola,41.723760,21.769929,1798,129358.8
shape_R4_1_bitola,41.724035,21.769774,1799,129392.0
shape_R4_1_bitola,41.725719,21.768823,1800,129595.2
shape_R4_1_bitola,41.726533,21.768364,1801,129693.4
shape_R4_1_bitola,41.727283,21.767947,1802,129783.7
shape_R4_1_bitola,41.728036,21.767514,1803,129874.8
shape_R4_1_bitola,41.728466,21.767285,1804,129926.2
shape_R4_1_bitola,41.728824,21.767079,1805,129969.6
shape_R4_1_bitola,41.729246,21.766837,1806,130020.6
shape_R4_1_bitola,41.730531,21.766118,1807,130175.4
shape_R4_1_bitola,41.731293,21.765683,1808,130267.5
shape_R4_1_bitola,41.731796,21.765349,1809,130330.0
shape_R4_1_bitola,41.732395,21.764851,1810,130408.4
shape_R4_1_bitola,41.732990,21.764252,1811,130491.1
shape_R4_1_bitola,41.734852,21.762225,1812,130757.9
shape_R4_1_bitola,41.735528,21.761450,1813,130856.8
shape_R4_1_bitola,41.736517,21.760279,1814,131003.5
shape_R4_1_bitola,41.736951,21.759734,1815,131069.7
shape_R4_1_bitola,41.737244,21.759429,1816,131110.9
shape_R4_1_bitola,41.737696,21.759078,1817,131169.0
shape_R4_1_bitola,41.738002,21.758928,1818,131205.2
shape_R4_1_bitola,41.738476,21.758792,1819,131259.1
shape_R4_1_bitola,41.739118,21.758671,1820,131331.2
shape_R4_1_bitola,41.739718,21.758526,1821,131399.0
shape_R4_1_bitola,41.740292,21.758271,1822,131466.3
shape_R4_1_bitola,41.740744,21.757976,1823,131522.2
shape_R4_1_bitola,41.742316,21.756742,1824,131724.7
shape_R4_1_bitola,41.743661,21.755654,1825,131899.4
shape_R4_1_bitola,41.746547,21.753320,1826,132274.2
shape_R4_1_bitola,41.747012,21.752806,1827,132341.3
shape_R4_1_bitola,41.747353,21.752251,1828,132400.9
shape_R4_1_bitola,41.747791,21.751410,1829,132486.0
shape_R4_1_bitola,41.748100,21.750614,1830,132560.4
shape_R4_1_bitola,41.748699,21.749009,1831,132709.3
shape_R4_1_bitola,41.749185,21.748134,1832,132799.8
shape_R4_1_bitola,41.751007,21.745010,1833,133128.8
shape_R4_1_bitola,41.751805,21.743672,1834,133270.9
shape_R4_1_bitola,41.752141,21.743102,1835,133331.1
shape_R4_1_bitola,41.752572,21.742584,1836,133395.5
shape_R4_1_bitola,41.753425,21.741703,1837,133515.2
shape_R4_1_bitola,41.757144,21.739400,1838,133970.8
shape_R4_1_bitola,41.762510,21.736906,1839,134602.3
shape_R4_1_bitola,41.763217,21.736788,1840,134681.5
shape_R4_1_bitola,41.763726,21.736760,1841,134738.1
shape_R4_1_bitola,41.764151,21.736857,1842,134786.1
shape_R4_1_bitola,41.765144,21.737413,1843,134905.7
shape_R4_1_bitola,41.766428,21.738115,1844,135059.9
shape_R4_1_bitola,41.767213,21.738299,1845,135148.5
shape_R4_1_bitola,41.767801,21.738133,1846,135215.4
shape_R4_1_bitola,41.768219,21.737915,1847,135265.2
shape_R4_1_bitola,41.768843,21.737278,1848,135352.4
shape_R4_1_bitola,41.769251,21.736461,1849,135434.0
shape_R4_1_bitola,41.769851,21.733899,1850,135656.7
shape_R4_1_bitola,41.769869,21.733107,1851,135722.4
shape_R4_1_bitola,41.769359,21.730912,1852,135913.1
shape_R4_1_bitola,41.769365,21.729989,1853,135989.6
shape_R4_1_bitola,41.769517,21.729066,1854,136068.0
shape_R4_1_bitola,41.769799,21.728079,1855,136155.7
shape_R4_1_bitola,41.770242,21.727052,1856,136254.0
shape_R4_1_bitola,41.770745,21.726327,1857,136336.2
shape_R4_1_bitola,41.771383,21.725311,1858,136446.3
shape_R4_1_bitola,41.771910,21.724617,1859,136528.4
shape_R4_1_bitola,41.772724,21.723896,1860,136636.9
shape_R4_1_bitola,41.773959,21.723116,1861,136788.7
shape_R4_1_bitola,41.774542,21.722590,1862,136866.9
shape_R4_1_bitola,41.776877,21.718791,1863,137275.1
shape_R4_1_bitola,41.777543,21.717978,1864,137375.2
shape_R4_1_bitola,41.777941,21.717586,1865,137430.1
shape_R4_1_bitola,41.778236,21.717294,1866,137470.9
shape_R4_1_bitola,41.778510,21.716934,1867,137513.6
shape_R4_1_bitola,41.778737,21.716590,1868,137551.7
shape_R4_1_bitola,41.778946,21.716242,1869,137588.7
shape_R4_1_bitola,41.779070,21.715993,1870,137613.5
shape_R4_1_bitola,41.779179,21.715811,1871,137632.9
shape_R4_1_bitola,41.779321,21.715597,1872,137656.6
shape_R4_1_bitola,41.779598,21.715281,1873,137697.1
shape_R4_1_bitola,41.779802,21.715055,1874,137726.5
shape_R4_1_bitola,41.780052,21.714806,1875,137761.1
shape_R4_1_bitola,41.780300,21.714526,1876,137797.2
shape_R4_1_bitola,41.780492,21.714280,1877,137826.7
shape_R4_1_bitola,41.780675,21.713984,1878,137858.6
shape_R4_1_bitola,41.780828,21.713652,1879,137891.0
shape_R4_1_bitola,41.780943,21.713343,1880,137919.6
shape_R4_1_bitola,41.781052,21.712936,1881,137955.5
shape_R4_1_bitola,41.781108,21.712616,1882,137982.7
shape_R4_1_bitola,41.781099,21.712169,1883,138019.8
shape_R4_1_bitola,41.781058,21.711722,1884,138057.1
shape_R4_1_bitola,41.781002,21.711429,1885,138082.2
shape_R4_1_bitola,41.780904,21.710911,1886,138126.5
shape_R4_1_bitola,41.780792,21.710350,1887,138174.7
shape_R4_1_bitola,41.780698,21.709796,1888,138221.8
shape_R4_1_bitola,41.780627,21.709286,1889,138264.8
shape_R4_1_bitola,41.780601,21.708867,1890,138299.7
shape_R4_1_bitola,41.780598,21.708614,1891,138320.6
shape_R4_1_bitola,41.780607,21.708428,1892,138336.1
shape_R4_1_bitola,41.780613,21.708321,1893,138345.0
shape_R4_1_bitola,41.780651,21.707989,1894,138372.9
shape_R4_1_bitola,41.780731,21.707617,1895,138405.0
shape_R4_1_bitola,41.780846,21.707194,1896,138442.3
shape_R4_1_bitola,41.780938,21.706871,1897,138471.0
shape_R4_1_bitola,41.781198,21.706230,1898,138531.5
shape_R4_1_bitola,41.781477,21.705656,1899,138588.3
shape_R4_1_bitola,41.781839,21.705085,1900,138650.4
shape_R4_1_bitola,41.782307,21.704468,1901,138723.4
shape_R4_1_bitola,41.782543,21.704220,1902,138756.7
shape_R4_1_bitola,41.782790,21.703999,1903,138789.7
shape_R4_1_bitola,41.783060,21.703776,1904,138825.0
shape_R4_1_bitola,41.783293,21.703601,1905,138854.7
shape_R4_1_bitola,41.783545,21.703447,1906,138885.5
shape_R4_1_bitola,41.783644,21.703395,1907,138897.3
shape_R4_1_bitola,41.784031,21.703215,1908,138942.9
shape_R4_1_bitola,41.784267,21.703133,1909,138970.0
shape_R4_1_bitola,41.785284,21.702833,1910,139085.8
shape_R4_1_bitola,41.785554,21.702748,1911,139116.6
shape_R4_1_bitola,41.785806,21.702670,1912,139145.4
shape_R4_1_bitola,41.786154,21.702574,1913,139184.9
shape_R4_1_bitola,41.786392,21.702496,1914,139212.1
shape_R4_1_bitola,41.786671,21.702403,1915,139244.1
shape_R4_1_bitola,41.787025,21.702266,1916,139285.0
shape_R4_1_bitola,41.787283,21.702156,1917,139315.1
shape_R4_1_bitola,41.787630,21.701988,1918,139356.2
shape_R4_1_bitola,41.788047,21.701777,1919,139405.7
shape_R4_1_bitola,41.788312,21.701642,1920,139437.2
shape_R4_1_bitola,41.788381,21.701607,1921,139445.5
shape_R4_1_bitola,41.788574,21.701510,1922,139468.4
shape_R4_1_bitola,41.788808,21.701385,1923,139496.4
shape_R4_1_bitola,41.789181,21.701175,1924,139541.4
shape_R4_1_bitola,41.789379,21.701037,1925,139566.2
shape_R4_1_bitola,41.789646,21.700831,1926,139600.4
shape_R4_1_bitola,41.789989,21.700521,1927,139646.4
shape_R4_1_bitola,41.790283,21.700230,1928,139687.0
shape_R4_1_bitola,41.790503,21.699983,1929,139718.9
shape_R4_1_bitola,41.790761,21.699654,1930,139758.5
shape_R4_1_bitola,41.791035,21.699294,1931,139801.2
shape_R4_1_bitola,41.791224,21.699030,1932,139831.5
shape_R4_1_bitola,41.791398,21.698759,1933,139861.2
shape_R4_1_bitola,41.791560,21.698479,1934,139890.6
shape_R4_1_bitola,41.791666,21.698294,1935,139909.9
shape_R4_1_bitola,41.792023,21.697675,1936,139974.8
shape_R4_1_bitola,41.792598,21.696817,1937,140070.4
shape_R4_1_bitola,41.793072,21.696199,1938,140143.9
shape_R4_1_bitola,41.793411,21.695856,1939,140191.1
shape_R4_1_bitola,41.793911,21.695469,1940,140255.3
shape_R4_1_bitola,41.795938,21.694278,1941,140501.4
shape_R4_1_bitola,41.796510,21.693950,1942,140570.6
shape_R4_1_bitola,41.797069,21.693727,1943,140635.4
shape_R4_1_bitola,41.797856,21.693567,1944,140723.9
shape_R4_1_bitola,41.798935,21.693427,1945,140844.5
shape_R4_1_bitola,41.799483,21.693261,1946,140906.9
shape_R4_1_bitola,41.799923,21.693056,1947,140958.7
shape_R4_1_bitola,41.800334,21.692733,1948,141011.7
shape_R4_1_bitola,41.800702,21.692334,1949,141064.3
shape_R4_1_bitola,41.801027,21.691839,1950,141119.0
shape_R4_1_bitola,41.801229,21.691423,1951,141160.1
shape_R4_1_bitola,41.801432,21.690819,1952,141215.1
shape_R4_1_bitola,41.801572,21.690206,1953,141268.2
shape_R4_1_bitola,41.803027,21.681869,1954,141977.9
shape_R4_1_bitola,41.803061,21.681673,1955,141994.6
shape_R4_1_bitola,41.803369,21.679908,1956,142144.9
shape_R4_1_bitola,41.803533,21.679184,1957,142207.6
shape_R4_1_bitola,41.803685,21.678603,1958,142258.6
shape_R4_1_bitola,41.803874,21.678112,1959,142304.4
shape_R4_1_bitola,41.804078,21.677661,1960,142348.2
shape_R4_1_bitola,41.804404,21.677050,1961,142410.5
shape_R4_1_bitola,41.804833,21.676604,1962,142470.8
shape_R4_1_bitola,41.805332,21.676175,1963,142536.7
shape_R4_1_bitola,41.805811,21.675728,1964,142601.6
shape_R4_1_bitola,41.806291,21.675213,1965,142669.9
shape_R4_1_bitola,41.806688,21.674758,1966,142728.0
shape_R4_1_bitola,41.807072,21.674183,1967,142792.0
shape_R4_1_bitola,41.807507,21.673531,1968,142864.5
shape_R4_1_bitola,41.807928,21.672953,1969,142931.5
shape_R4_1_bitola,41.808704,21.672122,1970,143041.9
shape_R4_1_bitola,41.810208,21.671052,1971,143231.2
shape_R4_1_bitola,41.813245,21.669073,1972,143606.6
shape_R4_1_bitola,41.813600,21.668852,1973,143650.1
shape_R4_1_bitola,41.813889,21.668726,1974,143683.9
shape_R4_1_bitola,41.814089,21.668657,1975,143706.9
shape_R4_1_bitola,41.814179,21.668632,1976,143717.1
shape_R4_1_bitola,41.814393,21.668585,1977,143741.2
shape_R4_1_bitola,41.814621,21.668554,1978,143766.7
shape_R4_1_bitola,41.814875,21.668543,1979,143795.0
shape_R4_1_bitola,41.815131,21.668558,1980,143823.4
shape_R4_1_bitola,41.815378,21.668583,1981,143851.0
shape_R4_1_bitola,41.816191,21.668691,1982,143941.8
shape_R4_1_bitola,41.816408,21.668725,1983,143966.1
shape_R4_1_bitola,41.816659,21.668780,1984,143994.4
shape_R4_1_bitola,41.816879,21.668843,1985,144019.4
shape_R4_1_bitola,41.817112,21.668934,1986,144046.4
shape_R4_1_bitola,41.817351,21.669056,1987,144074.8
shape_R4_1_bitola,41.817586,21.669160,1988,144102.3
shape_R4_1_bitola,41.817764,21.669279,1989,144124.5
shape_R4_1_bitola,41.817860,21.669350,1990,144136.7
shape_R4_1_bitola,41.818048,21.669507,1991,144161.3
shape_R4_1_bitola,41.818236,21.669681,1992,144186.7
shape_R4_1_bitola,41.818542,21.669987,1993,144229.1
shape_R4_1_bitola,41.818599,21.670048,1994,144237.2
shape_R4_1_bitola,41.818658,21.670111,1995,144245.6
shape_R4_1_bitola,41.819052,21.670475,1996,144298.8
shape_R4_1_bitola,41.819582,21.671059,1997,144375.0
shape_R4_1_bitola,41.819663,21.671134,1998,144386.0
shape_R4_1_bitola,41.819871,21.671337,1999,144414.6
shape_R4_1_bitola,41.820305,21.671788,2000,144475.6
shape_R4_1_bitola,41.820583,21.672016,2001,144511.9
shape_R4_1_bitola,41.820809,21.672218,2002,144542.0
shape_R4_1_bitola,41.821166,21.672490,2003,144587.7
shape_R4_1_bitola,41.821309,21.672614,2004,144606.6
shape_R4_1_bitola,41.821391,21.672680,2005,144617.3
shape_R4_1_bitola,41.822133,21.673342,2006,144716.3
shape_R4_1_bitola,41.822524,21.673634,2007,144766.1
shape_R4_1_bitola,41.822769,21.673849,2008,144798.6
shape_R4_1_bitola,41.822935,21.673998,2009,144820.9
shape_R4_1_bitola,41.823119,21.674194,2010,144847.0
shape_R4_1_bitola,41.823328,21.674430,2011,144877.4
shape_R4_1_bitola,41.823507,21.674642,2012,144903.9
shape_R4_1_bitola,41.823693,21.674869,2013,144931.9
shape_R4_1_bitola,41.823925,21.675157,2014,144967.0
shape_R4_1_bitola,41.824120,21.675460,2015,145000.2
shape_R4_1_bitola,41.824325,21.675795,2016,145036.1
shape_R4_1_bitola,41.824591,21.676292,2017,145086.8
shape_R4_1_bitola,41.824764,21.676608,2018,145119.3
shape_R4_1_bitola,41.825775,21.678461,2019,145309.6
shape_R4_1_bitola,41.825938,21.678732,2020,145338.4
shape_R4_1_bitola,41.826088,21.678960,2021,145363.6
shape_R4_1_bitola,41.826288,21.679212,2022,145394.1
shape_R4_1_bitola,41.826482,21.679400,2023,145420.8
shape_R4_1_bitola,41.826736,21.679599,2024,145453.5
shape_R4_1_bitola,41.827034,21.679762,2025,145489.2
shape_R4_1_bitola,41.827335,21.679869,2026,145523.9
shape_R4_1_bitola,41.827653,21.679942,2027,145559.7
shape_R4_1_bitola,41.827991,21.679942,2028,145597.3
shape_R4_1_bitola,41.828313,21.679893,2029,145633.4
shape_R4_1_bitola,41.828641,21.679797,2030,145670.7
shape_R4_1_bitola,41.828966,21.679636,2031,145709.2
shape_R4_1_bitola,41.829248,21.679424,2032,145745.1
shape_R4_1_bitola,41.829612,21.679046,2033,145796.3
shape_R4_1_bitola,41.829856,21.678729,2034,145834.1
shape_R4_1_bitola,41.830399,21.678040,2035,145917.2
shape_R4_1_bitola,41.830599,21.677809,2036,145946.5
shape_R4_1_bitola,41.830843,21.677560,2037,145980.6
shape_R4_1_bitola,41.831173,21.677292,2038,146023.5
shape_R4_1_bitola,41.831443,21.677074,2039,146058.5
shape_R4_1_bitola,41.831652,21.676906,2040,146085.6
shape_R4_1_bitola,41.831880,21.676720,2041,146115.3
shape_R4_1_bitola,41.832074,21.676535,2042,146141.8
shape_R4_1_bitola,41.832314,21.676270,2043,146176.3
shape_R4_1_bitola,41.832551,21.675888,2044,146217.5
shape_R4_1_bitola,41.832729,21.675500,2045,146255.2
shape_R4_1_bitola,41.832890,21.674952,2046,146304.1
shape_R4_1_bitola,41.832982,21.674444,2047,146347.4
shape_R4_1_bitola,41.833002,21.673891,2048,146393.2
shape_R4_1_bitola,41.832972,21.673375,2049,146436.1
shape_R4_1_bitola,41.832897,21.672945,2050,146472.7
shape_R4_1_bitola,41.832732,21.672407,2051,146520.9
shape_R4_1_bitola,41.832608,21.672080,2052,146551.3
shape_R4_1_bitola,41.832442,21.671699,2053,146587.9
shape_R4_1_bitola,41.832269,21.671279,2054,146627.6
shape_R4_1_bitola,41.832082,21.670786,2055,146673.5
shape_R4_1_bitola,41.831953,21.670370,2056,146710.8
shape_R4_1_bitola,41.831855,21.669793,2057,146759.8
shape_R4_1_bitola,41.831781,21.669152,2058,146813.6
shape_R4_1_bitola,41.831611,21.668055,2059,146906.4
shape_R4_1_bitola,41.831550,21.667484,2060,146954.2
shape_R4_1_bitola,41.831517,21.666886,2061,147003.9
shape_R4_1_bitola,41.831542,21.666304,2062,147052.2
shape_R4_1_bitola,41.831725,21.663962,2063,147247.3
shape_R4_1_bitola,41.831757,21.663407,2064,147293.4
shape_R4_1_bitola,41.831747,21.662860,2065,147338.7
shape_R4_1_bitola,41.831681,21.662355,2066,147381.2
shape_R4_1_bitola,41.831559,21.661843,2067,147425.8
shape_R4_1_bitola,41.831392,21.661398,2068,147467.0
shape_R4_1_bitola,41.831218,21.661063,2069,147500.9
shape_R4_1_bitola,41.830930,21.660647,2070,147547.9
shape_R4_1_bitola,41.830634,21.660317,2071,147590.7
shape_R4_1_bitola,41.830256,21.660038,2072,147638.7
shape_R4_1_bitola,41.829171,21.659335,2073,147772.6
shape_R4_1_bitola,41.828895,21.659105,2074,147808.8
shape_R4_1_bitola,41.828660,21.658852,2075,147842.3
shape_R4_1_bitola,41.828414,21.658517,2076,147881.2
shape_R4_1_bitola,41.828212,21.658123,2077,147920.9
shape_R4_1_bitola,41.828088,21.657742,2078,147955.3
shape_R4_1_bitola,41.828002,21.657315,2079,147992.0
shape_R4_1_bitola,41.827954,21.656830,2080,148032.5
shape_R4_1_bitola,41.827924,21.656353,2081,148072.2
shape_R4_1_bitola,41.827946,21.655873,2082,148112.0
shape_R4_1_bitola,41.828030,21.655296,2083,148160.7
shape_R4_1_bitola,41.828244,21.654108,2084,148262.0
shape_R4_1_bitola,41.828310,21.653641,2085,148301.4
shape_R4_1_bitola,41.828366,21.653155,2086,148342.1
shape_R4_1_bitola,41.828394,21.652597,2087,148388.5
shape_R4_1_bitola,41.828386,21.652023,2088,148436.0
shape_R4_1_bitola,41.828318,21.651554,2089,148475.6
shape_R4_1_bitola,41.828202,21.651074,2090,148517.4
shape_R4_1_bitola,41.828072,21.650669,2091,148554.0
shape_R4_1_bitola,41.827920,21.650328,2092,148586.9
shape_R4_1_bitola,41.827666,21.649915,2093,148631.3
shape_R4_1_bitola,41.827091,21.649097,2094,148724.4
shape_R4_1_bitola,41.826827,21.648655,2095,148771.4
shape_R4_1_bitola,41.826661,21.648274,2096,148807.9
shape_R4_1_bitola,41.826525,21.647743,2097,148854.5
shape_R4_1_bitola,41.826465,21.647257,2098,148895.3
shape_R4_1_bitola,41.826445,21.646745,2099,148937.8
shape_R4_1_bitola,41.826489,21.646112,2100,148990.4
shape_R4_1_bitola,41.826619,21.645573,2101,149037.4
shape_R4_1_bitola,41.826795,21.645141,2102,149078.2
shape_R4_1_bitola,41.826972,21.644780,2103,149114.0
shape_R4_1_bitola,41.827506,21.643926,2104,149206.4
shape_R4_1_bitola,41.827912,21.643199,2105,149281.6
shape_R4_1_bitola,41.828185,21.642752,2106,149329.5
shape_R4_1_bitola,41.828481,21.642388,2107,149374.2
shape_R4_1_bitola,41.828847,21.641886,2108,149432.4
shape_R4_1_bitola,41.829240,21.641464,2109,149488.3
shape_R4_1_bitola,41.829597,21.641135,2110,149536.5
shape_R4_1_bitola,41.829971,21.640871,2111,149583.5
shape_R4_1_bitola,41.830391,21.640681,2112,149632.8
shape_R4_1_bitola,41.831906,21.640128,2113,149807.3
shape_R4_1_bitola,41.832159,21.639986,2114,149837.8
shape_R4_1_bitola,41.832413,21.639816,2115,149869.4
shape_R4_1_bitola,41.832742,21.639556,2116,149911.8
shape_R4_1_bitola,41.832948,21.639333,2117,149941.3
shape_R4_1_bitola,41.833337,21.638972,2118,149993.9
shape_R4_1_bitola,41.833668,21.638624,2119,150040.6
shape_R4_1_bitola,41.834095,21.638068,2120,150106.8
shape_R4_1_bitola,41.834525,21.637367,2121,150182.0
shape_R4_1_bitola,41.834844,21.636625,2122,150253.0
shape_R4_1_bitola,41.835212,21.635347,2123,150366.5
shape_R4_1_bitola,41.835613,21.634506,2124,150449.2
shape_R4_1_bitola,41.836000,21.633790,2125,150522.5
shape_R4_1_bitola,41.836508,21.633064,2126,150605.0
shape_R4_1_bitola,41.836973,21.632538,2127,150672.6
shape_R4_1_bitola,41.837556,21.631949,2128,150753.8
shape_R4_1_bitola,41.838421,21.631378,2129,150860.9
shape_R4_1_bitola,41.839002,21.631255,2130,150926.3
shape_R4_1_bitola,41.839536,21.631328,2131,150986.0
shape_R4_1_bitola,41.840329,21.631563,2132,151076.3
shape_R4_1_bitola,41.841022,21.631773,2133,151155.3
shape_R4_1_bitola,41.841328,21.631872,2134,151190.3
shape_R4_1_bitola,41.841514,21.631864,2135,151211.0
shape_R4_1_bitola,41.841972,21.631669,2136,151264.4
shape_R4_1_bitola,41.843025,21.630989,2137,151394.4
shape_R4_1_bitola,41.843223,21.630857,2138,151419.0
shape_R4_1_bitola,41.843503,21.630507,2139,151461.5
shape_R4_1_bitola,41.844051,21.629840,2140,151543.8
shape_R4_1_bitola,41.844217,21.629638,2141,151568.7
shape_R4_1_bitola,41.845525,21.628111,2142,151761.4
shape_R4_1_bitola,41.847407,21.625943,2143,152037.2
shape_R4_1_bitola,41.848220,21.625000,2144,152156.7
shape_R4_1_bitola,41.848872,21.624244,2145,152252.5
shape_R4_1_bitola,41.850548,21.622335,2146,152496.9
shape_R4_1_bitola,41.850984,21.621728,2147,152566.7
shape_R4_1_bitola,41.851604,21.620917,2148,152663.0
shape_R4_1_bitola,41.852106,21.620313,2149,152737.9
shape_R4_1_bitola,41.852549,21.619885,2150,152798.6
shape_R4_1_bitola,41.853055,21.619488,2151,152863.8
shape_R4_1_bitola,41.853694,21.619145,2152,152940.3
shape_R4_1_bitola,41.854345,21.618876,2153,153016.0
shape_R4_1_bitola,41.854998,21.618736,2154,153089.6
shape_R4_1_bitola,41.855453,21.618715,2155,153140.2
shape_R4_1_bitola,41.855589,21.618709,2156,153155.3
shape_R4_1_bitola,41.856124,21.618734,2157,153214.8
shape_R4_1_bitola,41.856588,21.618773,2158,153266.5
shape_R4_1_bitola,41.857204,21.618876,2159,153335.6
shape_R4_1_bitola,41.857968,21.619023,2160,153421.4
shape_R4_1_bitola,41.858633,21.619120,2161,153495.8
shape_R4_1_bitola,41.859171,21.619209,2162,153556.0
shape_R4_1_bitola,41.859631,21.619249,2163,153607.3
shape_R4_1_bitola,41.860109,21.619210,2164,153660.5
shape_R4_1_bitola,41.860541,21.619087,2165,153709.7
shape_R4_1_bitola,41.860917,21.618912,2166,153753.9
shape_R4_1_bitola,41.861331,21.618670,2167,153804.1
shape_R4_1_bitola,41.861696,21.618306,2168,153854.7
shape_R4_1_bitola,41.862056,21.617888,2169,153907.6
shape_R4_1_bitola,41.862427,21.617273,2170,153973.1
shape_R4_1_bitola,41.862824,21.616553,2171,154047.3
shape_R4_1_bitola,41.863132,21.616055,2172,154100.9
shape_R4_1_bitola,41.863417,21.615636,2173,154147.9
shape_R4_1_bitola,41.863788,21.615234,2174,154200.9
shape_R4_1_bitola,41.864147,21.614954,2175,154247.1
shape_R4_1_bitola,41.864543,21.614727,2176,154295.0
shape_R4_1_bitola,41.864969,21.614580,2177,154343.9
shape_R4_1_bitola,41.865428,21.614494,2178,154395.4
shape_R4_1_bitola,41.865924,21.614525,2179,154450.6
shape_R4_1_bitola,41.866388,21.614634,2180,154503.0
shape_R4_1_bitola,41.866871,21.614772,2181,154557.9
shape_R4_1_bitola,41.867288,21.614890,2182,154605.3
shape_R4_1_bitola,41.867674,21.614964,2183,154648.7
shape_R4_1_bitola,41.868052,21.614977,2184,154690.7
shape_R4_1_bitola,41.868432,21.614903,2185,154733.4
shape_R4_1_bitola,41.868831,21.614765,2186,154779.2
shape_R4_1_bitola,41.869237,21.614507,2187,154829.2
shape_R4_1_bitola,41.869541,21.614241,2188,154869.5
shape_R4_1_bitola,41.869819,21.613961,2189,154908.1
shape_R4_1_bitola,41.870149,21.613490,2190,154961.7
shape_R4_1_bitola,41.870429,21.612696,2191,155034.4
shape_R4_1_bitola,41.870624,21.611747,2192,155115.9
shape_R4_1_bitola,41.870655,21.610819,2193,155192.9
shape_R4_1_bitola,41.870673,21.610366,2194,155230.4
shape_R4_1_bitola,41.870694,21.609820,2195,155275.7
shape_R4_1_bitola,41.870742,21.609024,2196,155341.8
shape_R4_1_bitola,41.870852,21.608367,2197,155397.6
shape_R4_1_bitola,41.871038,21.607619,2198,155462.9
shape_R4_1_bitola,41.871179,21.607224,2199,155499.1
shape_R4_1_bitola,41.871334,21.606841,2200,155535.2
shape_R4_1_bitola,41.872287,21.604978,2201,155722.4
shape_R4_1_bitola,41.872675,21.604218,2202,155798.7
shape_R4_1_bitola,41.873068,21.603439,2203,155876.6
shape_R4_1_bitola,41.873222,21.603115,2204,155908.4
shape_R4_1_bitola,41.873388,21.602716,2205,155946.3
shape_R4_1_bitola,41.873566,21.602177,2206,155995.1
shape_R4_1_bitola,41.873804,21.601226,2207,156078.2
shape_R4_1_bitola,41.873929,21.600746,2208,156120.3
shape_R4_1_bitola,41.874072,21.600205,2209,156167.8
shape_R4_1_bitola,41.874355,21.599417,2210,156240.2
shape_R4_1_bitola,41.874701,21.598758,2211,156307.0
shape_R4_1_bitola,41.875103,21.598253,2212,156368.2
shape_R4_1_bitola,41.875641,21.597798,2213,156438.9
shape_R4_1_bitola,41.876427,21.597432,2214,156531.4
shape_R4_1_bitola,41.877004,21.597344,2215,156596.0
shape_R4_1_bitola,41.877891,21.597387,2216,156694.7
shape_R4_1_bitola,41.878481,21.597411,2217,156760.3
shape_R4_1_bitola,41.879069,21.597451,2218,156825.8
shape_R4_1_bitola,41.879623,21.597403,2219,156887.5
shape_R4_1_bitola,41.880176,21.597237,2220,156950.5
shape_R4_1_bitola,41.880663,21.596981,2221,157008.7
shape_R4_1_bitola,41.880735,21.596933,2222,157017.6
shape_R4_1_bitola,41.881041,21.596727,2223,157055.7
shape_R4_1_bitola,41.881383,21.596341,2224,157105.3
shape_R4_1_bitola,41.881759,21.595914,2225,157160.1
shape_R4_1_bitola,41.882061,21.595385,2226,157215.3
shape_R4_1_bitola,41.882461,21.594497,2227,157301.2
shape_R4_1_bitola,41.883652,21.590542,2228,157654.4
shape_R4_1_bitola,41.883794,21.590172,2229,157688.8
shape_R4_1_bitola,41.883935,21.589863,2230,157718.8
shape_R4_1_bitola,41.884031,21.589678,2231,157737.5
shape_R4_1_bitola,41.884271,21.589270,2232,157780.6
shape_R4_1_bitola,41.884534,21.588940,2233,157820.6
shape_R4_1_bitola,41.884858,21.588592,2234,157866.7
shape_R4_1_bitola,41.885181,21.588324,2235,157908.9
shape_R4_1_bitola,41.885529,21.588090,2236,157952.2
shape_R4_1_bitola,41.885818,21.587932,2237,157986.9
shape_R4_1_bitola,41.886110,21.587814,2238,158020.8
shape_R4_1_bitola,41.886173,21.587798,2239,158027.9
shape_R4_1_bitola,41.886376,21.587749,2240,158050.9
shape_R4_1_bitola,41.886701,21.587701,2241,158087.2
shape_R4_1_bitola,41.886992,21.587688,2242,158119.6
shape_R4_1_bitola,41.887272,21.587704,2243,158150.7
shape_R4_1_bitola,41.887587,21.587744,2244,158185.9
shape_R4_1_bitola,41.887823,21.587782,2245,158212.4
shape_R4_1_bitola,41.889582,21.588190,2246,158410.8
shape_R4_1_bitola,41.889985,21.588324,2247,158457.0
shape_R4_1_bitola,41.890141,21.588389,2248,158475.2
shape_R4_1_bitola,41.890373,21.588487,2249,158502.2
shape_R4_1_bitola,41.890732,21.588688,2250,158545.5
shape_R4_1_bitola,41.891024,21.588908,2251,158582.7
shape_R4_1_bitola,41.891363,21.589209,2252,158627.9
shape_R4_1_bitola,41.891653,21.589504,2253,158668.3
shape_R4_1_bitola,41.892048,21.589992,2254,158728.0
shape_R4_1_bitola,41.892252,21.590319,2255,158763.3
shape_R4_1_bitola,41.892525,21.590802,2256,158813.5
shape_R4_1_bitola,41.892741,21.591293,2257,158860.7
shape_R4_1_bitola,41.892901,21.591754,2258,158902.8
shape_R4_1_bitola,41.893054,21.592331,2259,158953.5
shape_R4_1_bitola,41.893163,21.592921,2260,159003.8
shape_R4_1_bitola,41.893246,21.593561,2261,159057.6
shape_R4_1_bitola,41.893284,21.594020,2262,159095.8
shape_R4_1_bitola,41.893311,21.594475,2263,159133.6
shape_R4_1_bitola,41.893449,21.596491,2264,159301.2
shape_R4_1_bitola,41.893529,21.597247,2265,159364.4
shape_R4_1_bitola,41.893637,21.597828,2266,159414.0
shape_R4_1_bitola,41.893723,21.598184,2267,159444.9
shape_R4_1_bitola,41.893859,21.598651,2268,159486.5
shape_R4_1_bitola,41.893970,21.598965,2269,159515.2
shape_R4_1_bitola,41.895047,21.602134,2270,159803.6
shape_R4_1_bitola,41.895208,21.602576,2271,159844.3
shape_R4_1_bitola,41.895380,21.602991,2272,159883.6
shape_R4_1_bitola,41.895535,21.603315,2273,159915.5
shape_R4_1_bitola,41.895757,21.603704,2274,159956.1
shape_R4_1_bitola,41.895975,21.604016,2275,159991.5
shape_R4_1_bitola,41.896221,21.604316,2276,160028.4
shape_R4_1_bitola,41.896502,21.604592,2277,160067.1
shape_R4_1_bitola,41.896849,21.604858,2278,160111.6
shape_R4_1_bitola,41.897177,21.605060,2279,160151.7
shape_R4_1_bitola,41.897454,21.605187,2280,160184.2
shape_R4_1_bitola,41.897769,21.605298,2281,160220.4
shape_R4_1_bitola,41.898003,21.605349,2282,160246.8
shape_R4_1_bitola,41.898232,21.605378,2283,160272.4
shape_R4_1_bitola,41.898436,21.605385,2284,160295.1
shape_R4_1_bitola,41.898598,21.605380,2285,160313.1
shape_R4_1_bitola,41.898762,21.605378,2286,160331.3
shape_R4_1_bitola,41.898991,21.605346,2287,160356.9
shape_R4_1_bitola,41.899237,21.605282,2288,160384.8
shape_R4_1_bitola,41.899423,21.605224,2289,160406.0
shape_R4_1_bitola,41.899639,21.605142,2290,160431.0
shape_R4_1_bitola,41.899861,21.605030,2291,160457.3
shape_R4_1_bitola,41.900009,21.604943,2292,160475.3
shape_R4_1_bitola,41.900134,21.604857,2293,160490.9
shape_R4_1_bitola,41.900392,21.604662,2294,160523.8
shape_R4_1_bitola,41.900654,21.604417,2295,160559.3
shape_R4_1_bitola,41.900962,21.604070,2296,160604.0
shape_R4_1_bitola,41.901219,21.603736,2297,160643.8
shape_R4_1_bitola,41.901435,21.603431,2298,160678.6
shape_R4_1_bitola,41.903779,21.600178,2299,161053.3
shape_R4_1_bitola,41.903904,21.599981,2300,161074.8
shape_R4_1_bitola,41.904137,21.599624,2301,161114.1
shape_R4_1_bitola,41.904330,21.599314,2302,161147.5
shape_R4_1_bitola,41.904469,21.599057,2303,161173.8
shape_R4_1_bitola,41.904635,21.598748,2304,161205.3
shape_R4_1_bitola,41.904824,21.598383,2305,161242.1
shape_R4_1_bitola,41.905162,21.597766,2306,161305.5
shape_R4_1_bitola,41.905427,21.597198,2307,161361.0
shape_R4_1_bitola,41.905530,21.596958,2308,161383.9
shape_R4_1_bitola,41.906060,21.595905,2309,161489.1
shape_R4_1_bitola,41.906423,21.595241,2310,161557.3
shape_R4_1_bitola,41.906752,21.594703,2311,161614.9
shape_R4_1_bitola,41.907089,21.594175,2312,161672.5
shape_R4_1_bitola,41.907366,21.593748,2313,161719.4
shape_R4_1_bitola,41.907873,21.592967,2314,161805.1
shape_R4_1_bitola,41.908419,21.592073,2315,161900.9
shape_R4_1_bitola,41.909034,21.591128,2316,162004.7
shape_R4_1_bitola,41.909484,21.590364,2317,162085.4
shape_R4_1_bitola,41.909931,21.589574,2318,162167.5
shape_R4_1_bitola,41.910031,21.589388,2319,162186.5
shape_R4_1_bitola,41.910718,21.588124,2320,162316.0
shape_R4_1_bitola,41.911216,21.587215,2321,162409.4
shape_R4_1_bitola,41.911600,21.586528,2322,162480.5
shape_R4_1_bitola,41.912079,21.585670,2323,162569.3
shape_R4_1_bitola,41.912494,21.584863,2324,162650.4
shape_R4_1_bitola,41.912781,21.584176,2325,162715.6
shape_R4_1_bitola,41.913069,21.583421,2326,162785.8
shape_R4_1_bitola,41.913516,21.582090,2327,162906.7
shape_R4_1_bitola,41.913886,21.580975,2328,163007.7
shape_R4_1_bitola,41.914122,21.580159,2329,163080.1
shape_R4_1_bitola,41.914346,21.579515,2330,163138.9
shape_R4_1_bitola,41.914665,21.578872,2331,163202.9
shape_R4_1_bitola,41.914998,21.578357,2332,163259.3
shape_R4_1_bitola,41.915400,21.577713,2333,163328.9
shape_R4_1_bitola,41.915828,21.576915,2334,163410.3
shape_R4_1_bitola,41.916071,21.576383,2335,163461.9
shape_R4_1_bitola,41.916326,21.575696,2336,163525.5
shape_R4_1_bitola,41.916518,21.575009,2337,163586.2
shape_R4_1_bitola,41.917223,21.572005,2338,163846.8
shape_R4_1_bitola,41.917304,21.571664,2339,163876.4
shape_R4_1_bitola,41.917403,21.571274,2340,163910.5
shape_R4_1_bitola,41.917487,21.570981,2341,163936.5
shape_R4_1_bitola,41.917631,21.570519,2342,163977.9
shape_R4_1_bitola,41.917761,21.570140,2343,164012.5
shape_R4_1_bitola,41.917878,21.569841,2344,164040.4
shape_R4_1_bitola,41.918005,21.569557,2345,164067.8
shape_R4_1_bitola,41.918107,21.569355,2346,164088.0
shape_R4_1_bitola,41.918229,21.569107,2347,164112.6
shape_R4_1_bitola,41.918383,21.568852,2348,164139.8
shape_R4_1_bitola,41.918536,21.568588,2349,164167.5
shape_R4_1_bitola,41.918725,21.568312,2350,164198.5
shape_R4_1_bitola,41.918897,21.568055,2351,164227.1
shape_R4_1_bitola,41.919105,21.567787,2352,164259.2
shape_R4_1_bitola,41.919307,21.567545,2353,164289.3
shape_R4_1_bitola,41.919541,21.567280,2354,164323.3
shape_R4_1_bitola,41.920864,21.565883,2355,164510.4
shape_R4_1_bitola,41.920953,21.565789,2356,164523.0
shape_R4_1_bitola,41.922074,21.564605,2357,164681.5
shape_R4_1_bitola,41.922370,21.564262,2358,164725.0
shape_R4_1_bitola,41.922613,21.563978,2359,164760.8
shape_R4_1_bitola,41.922883,21.563616,2360,164803.2
shape_R4_1_bitola,41.923144,21.563241,2361,164845.6
shape_R4_1_bitola,41.923372,21.562889,2362,164884.3
shape_R4_1_bitola,41.923552,21.562580,2363,164916.7
shape_R4_1_bitola,41.923722,21.562289,2364,164947.3
shape_R4_1_bitola,41.925871,21.558297,2365,165355.0
shape_R4_1_bitola,41.930153,21.550357,2366,166166.3
shape_R4_1_bitola,41.930482,21.549775,2367,166226.7
shape_R4_1_bitola,41.930501,21.549742,2368,166230.2
shape_R4_1_bitola,41.930554,21.549644,2369,166240.2
shape_R4_1_bitola,41.930779,21.549270,2370,166280.0
shape_R4_1_bitola,41.931031,21.548878,2371,166322.8
shape_R4_1_bitola,41.936706,21.540059,2372,167287.4
shape_R4_1_bitola,41.937063,21.539504,2373,167348.1
shape_R4_1_bitola,41.937101,21.539439,2374,167354.9
shape_R4_1_bitola,41.937141,21.539377,2375,167361.7
shape_R4_1_bitola,41.937174,21.539325,2376,167367.4
shape_R4_1_bitola,41.937237,21.539227,2377,167378.1
shape_R4_1_bitola,41.937576,21.538698,2378,167435.8
shape_R4_1_bitola,41.937950,21.538118,2379,167499.3
shape_R4_1_bitola,41.939527,21.535663,2380,167767.6
shape_R4_1_bitola,41.939577,21.535584,2381,167776.2
shape_R4_1_bitola,41.939892,21.535094,2382,167829.8
shape_R4_1_bitola,41.940119,21.534741,2383,167868.4
shape_R4_1_bitola,41.942271,21.531390,2384,168234.5
shape_R4_1_bitola,41.942437,21.531139,2385,168262.3
shape_R4_1_bitola,41.942777,21.530609,2386,168320.2
shape_R4_1_bitola,41.942791,21.530586,2387,168322.7
shape_R4_1_bitola,41.942825,21.530530,2388,168328.6
shape_R4_1_bitola,41.942863,21.530469,2389,168335.2
shape_R4_1_bitola,41.943519,21.529439,2390,168447.4
shape_R4_1_bitola,41.943715,21.529134,2391,168480.7
shape_R4_1_bitola,41.943880,21.528865,2392,168509.6
shape_R4_1_bitola,41.944018,21.528618,2393,168535.1
shape_R4_1_bitola,41.944157,21.528353,2394,168561.9
shape_R4_1_bitola,41.944290,21.528106,2395,168587.1
shape_R4_1_bitola,41.944390,21.527912,2396,168606.7
shape_R4_1_bitola,41.944502,21.527681,2397,168629.5
shape_R4_1_bitola,41.946583,21.523198,2398,169066.5
shape_R4_1_bitola,41.949496,21.516962,2399,169675.5
shape_R4_1_bitola,41.951832,21.511959,2400,170164.0
shape_R4_1_bitola,41.956262,21.502474,2401,171090.2
shape_R4_1_bitola,41.959281,21.496009,2402,171721.5
shape_R4_1_bitola,41.959437,21.495673,2403,171754.2
shape_R4_1_bitola,41.959532,21.495469,2404,171774.1
shape_R4_1_bitola,41.963780,21.486332,2405,172665.1
shape_R4_1_bitola,41.964646,21.484476,2406,172846.3
shape_R4_1_bitola,41.964742,21.484275,2407,172866.1
shape_R4_1_bitola,41.964805,21.484137,2408,172879.4
shape_R4_1_bitola,41.965390,21.482882,2409,173001.9
shape_R4_1_bitola,41.967257,21.478881,2410,173392.5
shape_R4_1_bitola,41.968147,21.476947,2411,173580.5
shape_R4_1_bitola,41.968691,21.475754,2412,173696.2
shape_R4_1_bitola,41.968971,21.475139,2413,173755.8
shape_R4_1_bitola,41.969781,21.473399,2414,173925.5
shape_R4_1_bitola,41.969829,21.473301,2415,173935.2
shape_R4_1_bitola,41.969943,21.473059,2416,173958.9
shape_R4_1_bitola,41.970374,21.472132,2417,174049.3
shape_R4_1_bitola,41.970625,21.471580,2418,174102.8
shape_R4_1_bitola,41.971254,21.470236,2419,174234.1
shape_R4_1_bitola,41.971711,21.469245,2420,174330.5
shape_R4_1_bitola,41.973213,21.466032,2421,174644.3
shape_R4_1_bitola,41.973392,21.465649,2422,174681.7
shape_R4_1_bitola,41.973600,21.465184,2423,174726.5
shape_R4_1_bitola,41.973795,21.464731,2424,174769.8
shape_R4_1_bitola,41.973921,21.464432,2425,174798.2
shape_R4_1_bitola,41.974085,21.464013,2426,174837.4
shape_R4_1_bitola,41.974178,21.463769,2427,174860.0
shape_R4_1_bitola,41.974300,21.463439,2428,174890.5
shape_R4_1_bitola,41.974443,21.463053,2429,174926.1
shape_R4_1_bitola,41.974593,21.462630,2430,174964.9
shape_R4_1_bitola,41.974724,21.462273,2431,174997.8
shape_R4_1_bitola,41.974794,21.462083,2432,175015.3
shape_R4_1_bitola,41.975058,21.461368,2433,175081.3
shape_R4_1_bitola,41.975338,21.460576,2434,175153.8
shape_R4_1_bitola,41.975890,21.459075,2435,175292.3
shape_R4_1_bitola,41.976113,21.458475,2436,175347.7
shape_R4_1_bitola,41.976201,21.458241,2437,175369.4
shape_R4_1_bitola,41.976347,21.457875,2438,175403.7
shape_R4_1_bitola,41.976530,21.457424,2439,175446.2
shape_R4_1_bitola,41.976779,21.456850,2440,175501.1
shape_R4_1_bitola,41.976987,21.456400,2441,175544.9
shape_R4_1_bitola,41.977250,21.455833,2442,175600.2
shape_R4_1_bitola,41.977648,21.454968,2443,175684.3
shape_R4_1_bitola,41.978222,21.453736,2444,175804.5
shape_R4_1_bitola,41.978636,21.452851,2445,175890.9
shape_R4_1_bitola,41.978835,21.452412,2446,175933.4
shape_R4_1_bitola,41.978972,21.452129,2447,175961.3
shape_R4_1_bitola,41.979246,21.451528,2448,176019.6
shape_R4_1_bitola,41.979423,21.451152,2449,176056.4
shape_R4_1_bitola,41.979703,21.450555,2450,176114.7
shape_R4_1_bitola,41.980046,21.449824,2451,176186.2
shape_R4_1_bitola,41.980340,21.449183,2452,176248.4
shape_R4_1_bitola,41.981078,21.447593,2453,176403.4
shape_R4_1_bitola,41.981528,21.446630,2454,176497.4
shape_R4_1_bitola,41.981653,21.446357,2455,176523.9
shape_R4_1_bitola,41.981920,21.445774,2456,176580.5
shape_R4_1_bitola,41.982311,21.444933,2457,176662.5
shape_R4_1_bitola,41.982563,21.444343,2458,176718.7
shape_R4_1_bitola,41.982666,21.444133,2459,176739.5
shape_R4_1_bitola,41.982733,21.444001,2460,176752.8
shape_R4_1_bitola,41.982853,21.443778,2461,176775.5
shape_R4_1_bitola,41.982944,21.443623,2462,176791.8
shape_R4_1_bitola,41.982994,21.443542,2463,176800.5
shape_R4_1_bitola,41.983094,21.443393,2464,176817.1
shape_R4_1_bitola,41.983217,21.443227,2465,176836.5
shape_R4_1_bitola,41.983401,21.442984,2466,176865.2
shape_R4_1_bitola,41.983574,21.442780,2467,176890.8
shape_R4_1_bitola,41.983786,21.442536,2468,176921.8
shape_R4_1_bitola,41.984246,21.442035,2469,176987.6
shape_R4_1_bitola,41.984371,21.441918,2470,177004.5
shape_R4_1_bitola,41.984488,21.441823,2471,177019.7
shape_R4_1_bitola,41.984594,21.441740,2472,177033.4
shape_R4_1_bitola,41.984766,21.441624,2473,177054.7
shape_R4_1_bitola,41.984930,21.441529,2474,177074.6
shape_R4_1_bitola,41.985036,21.441481,2475,177087.0
shape_R4_1_bitola,41.985195,21.441421,2476,177105.4
shape_R4_1_bitola,41.985361,21.441369,2477,177124.4
shape_R4_1_bitola,41.985512,21.441333,2478,177141.4
shape_R4_1_bitola,41.985622,21.441316,2479,177153.7
shape_R4_1_bitola,41.985773,21.441303,2480,177170.5
shape_R4_1_bitola,41.985911,21.441298,2481,177185.9
shape_R4_1_bitola,41.986025,21.441305,2482,177198.6
shape_R4_1_bitola,41.986137,21.441315,2483,177211.1
shape_R4_1_bitola,41.986259,21.441332,2484,177224.7
shape_R4_1_bitola,41.986395,21.441365,2485,177240.1
shape_R4_1_bitola,41.986537,21.441411,2486,177256.3
shape_R4_1_bitola,41.986671,21.441456,2487,177271.7
shape_R4_1_bitola,41.986819,21.441524,2488,177289.1
shape_R4_1_bitola,41.986926,21.441582,2489,177301.9
shape_R4_1_bitola,41.987063,21.441662,2490,177318.5
shape_R4_1_bitola,41.987149,21.441719,2491,177329.2
shape_R4_1_bitola,41.987225,21.441775,2492,177338.8
shape_R4_1_bitola,41.987307,21.441840,2493,177349.4
shape_R4_1_bitola,41.987356,21.441880,2494,177355.7
shape_R4_1_bitola,41.987435,21.441952,2495,177366.4
shape_R4_1_bitola,41.987503,21.442015,2496,177375.5
shape_R4_1_bitola,41.987591,21.442107,2497,177387.9
shape_R4_1_bitola,41.987690,21.442219,2498,177402.3
shape_R4_1_bitola,41.987998,21.442564,2499,177446.9
shape_R4_1_bitola,41.988060,21.442640,2500,177456.2
shape_R4_1_bitola,41.988090,21.442680,2501,177460.9
shape_R4_1_bitola,41.988119,21.442720,2502,177465.5
shape_R4_1_bitola,41.988195,21.442826,2503,177477.7
shape_R4_1_bitola,41.988264,21.442922,2504,177488.7
shape_R4_1_bitola,41.988297,21.442968,2505,177494.0
shape_R4_1_bitola,41.988332,21.443012,2506,177499.3
shape_R4_1_bitola,41.988403,21.443097,2507,177509.9
shape_R4_1_bitola,41.988572,21.443281,2508,177534.1
shape_R4_1_bitola,41.988854,21.443586,2509,177574.3
shape_R4_1_bitola,41.989118,21.443869,2510,177611.8
shape_R4_1_bitola,41.989275,21.444032,2511,177633.9
shape_R4_1_bitola,41.989433,21.444195,2512,177656.0
shape_R4_1_bitola,41.989525,21.444290,2513,177668.9
shape_R4_1_bitola,41.989623,21.444390,2514,177682.6
shape_R4_1_bitola,41.989697,21.444469,2515,177693.1
shape_R4_1_bitola,41.990965,21.445845,2516,177874.3
shape_R4_1_zabeni,40.944753,21.430096,1,0.0
shape_R4_1_zabeni,40.949277,21.425048,2,657.9
shape_R4_1_zabeni,40.949619,21.424748,3,703.5
shape_R4_1_zabeni,40.949891,21.424448,4,742.9
shape_R4_1_zabeni,40.950188,21.424120,5,785.9
shape_R4_1_zabeni,40.962329,21.410571,6,2551.4
shape_R4_1_zabeni,40.964462,21.408237,7,2859.1
shape_R4_1_zabeni,40.965251,21.407311,8,2976.3
shape_R4_1_zabeni,40.967139,21.405245,9,3248.6
shape_R4_1_zabeni,40.968297,21.403952,10,3417.0
shape_R4_1_zabeni,40.968831,21.403344,11,3495.4
shape_R4_1_zabeni,40.969086,21.403052,12,3532.8
shape_R4_1_zabeni,40.969393,21.402666,13,3579.9
shape_R4_1_zabeni,40.969637,21.402330,14,3619.0
shape_R4_1_zabeni,40.969837,21.402019,15,3653.3
shape_R4_1_zabeni,40.970034,21.401702,16,3687.8
shape_R4_1_zabeni,40.970225,21.401371,17,3722.8
shape_R4_1_zabeni,40.970397,21.401062,18,3755.0
shape_R4_1_zabeni,40.970580,21.400683,19,3792.8
shape_R4_1_zabeni,40.970739,21.400343,20,3826.4
shape_R4_1_zabeni,40.970928,21.399901,21,3869.0
shape_R4_1_zabeni,40.971104,21.399477,22,3909.6
shape_R4_1_zabeni,40.971710,21.398030,23,4048.6
shape_R4_1_zabeni,40.972576,21.395939,24,4248.8
shape_R4_1_zabeni,40.972669,21.395715,25,4270.2
shape_R4_1_zabeni,40.972910,21.395131,26,4326.1
shape_R4_1_zabeni,40.973132,21.394616,27,4375.9
shape_R4_1_zabeni,40.973340,21.394164,28,4420.3
shape_R4_1_zabeni,40.973527,21.393793,29,4457.8
shape_R4_1_zabeni,40.973681,21.393516,30,4486.7
shape_R4_1_zabeni,40.973838,21.393253,31,4514.8
shape_R4_1_zabeni,40.974066,21.392881,32,4555.1
shape_R4_1_zabeni,40.974339,21.392484,33,4600.1
shape_R4_1_zabeni,40.974576,21.392163,34,4637.8
shape_R4_1_zabeni,40.974817,21.391864,35,4674.5
shape_R4_1_zabeni,40.975044,21.391596,36,4708.4
shape_R4_1_zabeni,40.975366,21.391244,37,4754.8
shape_R4_1_zabeni,40.975615,21.391001,38,4789.2
shape_R4_1_zabeni,40.975852,21.390783,39,4821.3
shape_R4_1_zabeni,40.976093,21.390579,40,4853.1
shape_R4_1_zabeni,40.976363,21.390362,41,4888.2
shape_R4_1_zabeni,40.976628,21.390174,42,4921.6
shape_R4_1_zabeni,40.977191,21.389799,43,4991.7
shape_R4_1_zabeni,40.977750,21.389444,44,5060.6
shape_R4_1_zabeni,40.978904,21.388728,45,5202.3
shape_R4_1_zabeni,40.979538,21.388330,46,5280.3
shape_R4_1_zabeni,40.982296,21.386607,47,5619.4
shape_R4_1_zabeni,40.982474,21.386496,48,5641.3
shape_R4_1_zabeni,40.983100,21.386102,49,5718.3
shape_R4_1_zabeni,40.983512,21.385859,50,5768.5
shape_R4_1_zabeni,40.983782,21.385711,51,5801.0
shape_R4_1_zabeni,40.984108,21.385558,52,5839.4
shape_R4_1_zabeni,40.984409,21.385434,53,5874.5
shape_R4_1_zabeni,40.984726,21.385318,54,5911.1
shape_R4_1_zabeni,40.985015,21.385222,55,5944.2
shape_R4_1_zabeni,40.985377,21.385129,56,5985.2
shape_R4_1_zabeni,40.985626,21.385078,57,6013.2
shape_R4_1_zabeni,40.986488,21.384926,58,6109.9
shape_R4_1_zabeni,40.987152,21.384825,59,6184.2
shape_R4_1_zabeni,40.988110,21.384662,60,6291.6
shape_R4_1_zabeni,40.988568,21.384587,61,6342.9
shape_R4_1_zabeni,40.989080,21.384510,62,6400.2
shape_R4_1_zabeni,40.989953,21.384378,63,6497.9
shape_R4_1_zabeni,40.990536,21.384275,64,6563.3
shape_R4_1_zabeni,40.991445,21.384138,65,6665.1
shape_R4_1_zabeni,40.992058,21.384041,66,6733.7
shape_R4_1_zabeni,40.992500,21.383964,67,6783.3
shape_R4_1_zabeni,40.992641,21.383946,68,6799.0
shape_R4_1_zabeni,40.992904,21.383867,69,6829.0
shape_R4_1_zabeni,40.993173,21.383781,70,6859.8
shape_R4_1_zabeni,40.993403,21.383691,71,6886.5
shape_R4_1_zabeni,40.993626,21.383591,72,6912.6
shape_R4_1_zabeni,40.993871,21.383459,73,6942.0
shape_R4_1_zabeni,40.994170,21.383254,74,6979.5
shape_R4_1_zabeni,40.994419,21.383058,75,7011.7
shape_R4_1_zabeni,40.994678,21.382820,76,7046.7
shape_R4_1_zabeni,40.994895,21.382603,77,7077.0
shape_R4_1_zabeni,40.995067,21.382401,78,7102.5
shape_R4_1_zabeni,40.995412,21.381965,79,7155.5
shape_R4_1_zabeni,40.995853,21.381361,80,7226.1
shape_R4_1_zabeni,40.998849,21.377231,81,7706.8
shape_R4_1_zabeni,41.000647,21.374748,82,7995.6
shape_R4_1_zabeni,41.001449,21.373649,83,8123.9
shape_R4_1_zabeni,41.001846,21.373078,84,8189.0
shape_R4_1_zabeni,41.002150,21.372614,85,8240.6
shape_R4_1_zabeni,41.002371,21.372230,86,8281.1
shape_R4_1_zabeni,41.002551,21.371898,87,8315.4
shape_R4_1_zabeni,41.002757,21.371493,88,8356.4
shape_R4_1_zabeni,41.002950,21.371085,89,8396.8
shape_R4_1_zabeni,41.003320,21.370313,90,8473.6
shape_R4_1_zabeni,41.005210,21.366348,91,8867.1
shape_R4_1_zabeni,41.006161,21.364368,92,9064.0
shape_R4_1_zabeni,41.007237,21.362123,93,9287.2
shape_R4_1_zabeni,41.009220,21.357983,94,9698.7
shape_R4_1_zabeni,41.009299,21.357803,95,9716.1
shape_R4_1_zabeni,41.010729,21.354795,96,10014.4
shape_R4_1_zabeni,41.012660,21.350751,97,10416.0
shape_R4_1_zabeni,41.013071,21.349890,98,10501.5
shape_R4_1_zabeni,41.013182,21.349652,99,10524.9
shape_R4_1_zabeni,41.013256,21.349497,100,10540.3
shape_R4_1_zabeni,41.013398,21.349204,101,10569.5
shape_R4_1_zabeni,41.013492,21.349010,102,10588.9
shape_R4_1_zabeni,41.013576,21.348833,103,10606.4
shape_R4_1_zabeni,41.013669,21.348636,104,10625.9
shape_R4_1_zabeni,41.013899,21.348152,105,10673.9
shape_R4_1_zabeni,41.014039,21.347817,106,10706.0
shape_R4_1_zabeni,41.014151,21.347532,107,10733.0
shape_R4_1_zabeni,41.014409,21.346793,108,10801.3
shape_R4_1_zabeni,41.014617,21.346158,109,10859.4
shape_R4_1_zabeni,41.014746,21.345823,110,10891.0
shape_R4_1_zabeni,41.014851,21.345593,111,10913.5
shape_R4_1_zabeni,41.014970,21.345387,112,10935.3
shape_R4_1_zabeni,41.015130,21.345161,113,10961.3
shape_R4_1_zabeni,41.015352,21.344866,114,10996.2
shape_R4_1_zabeni,41.015571,21.344657,115,11026.2
shape_R4_1_zabeni,41.015836,21.344430,116,11061.3
shape_R4_1_zabeni,41.016339,21.344033,117,11126.4
shape_R4_1_zabeni,41.016630,21.343812,118,11163.7
shape_R4_1_zabeni,41.016912,21.343598,119,11199.9
shape_R4_1_zabeni,41.017146,21.343456,120,11228.5
shape_R4_1_zabeni,41.017467,21.343322,121,11265.9
shape_R4_1_zabeni,41.017942,21.343171,122,11320.2
shape_R4_1_zabeni,41.018331,21.343110,123,11363.8
shape_R4_1_zabeni,41.019030,21.343086,124,11441.5
shape_R4_1_zabeni,41.019493,21.343033,125,11493.2
shape_R4_1_zabeni,41.019866,21.343011,126,11534.7
shape_R4_1_zabeni,41.020333,21.343033,127,11586.7
shape_R4_1_zabeni,41.021286,21.343143,128,11693.0
shape_R4_1_zabeni,41.021647,21.343218,129,11733.7
shape_R4_1_zabeni,41.022031,21.343327,130,11777.3
shape_R4_1_zabeni,41.022587,21.343515,131,11841.1
shape_R4_1_zabeni,41.023003,21.343689,132,11889.7
shape_R4_1_zabeni,41.023545,21.343984,133,11954.8
shape_R4_1_zabeni,41.024437,21.344482,134,12062.4
shape_R4_1_zabeni,41.025248,21.344941,135,12160.5
shape_R4_1_zabeni,41.025536,21.345156,136,12197.2
shape_R4_1_zabeni,41.025808,21.345298,137,12229.7
shape_R4_1_zabeni,41.026473,21.345678,138,12310.3
shape_R4_1_zabeni,41.027712,21.346397,139,12460.7
shape_R4_1_zabeni,41.027776,21.346433,140,12468.4
shape_R4_1_zabeni,41.028091,21.346603,141,12506.2
shape_R4_1_zabeni,41.028364,21.346780,142,12540.0
shape_R4_1_zabeni,41.028874,21.347226,143,12607.9
shape_R4_1_zabeni,41.029184,21.347505,144,12649.6
shape_R4_1_zabeni,41.029389,21.347707,145,12678.0
shape_R4_1_zabeni,41.029867,21.348182,146,12744.4
shape_R4_1_zabeni,41.030532,21.348805,147,12835.0
shape_R4_1_zabeni,41.030969,21.349191,148,12893.4
shape_R4_1_zabeni,41.031037,21.349250,149,12902.4
shape_R4_1_zabeni,41.031207,21.349384,150,12924.4
shape_R4_1_zabeni,41.031527,21.349582,151,12963.7
shape_R4_1_zabeni,41.031855,21.349716,152,13001.8
shape_R4_1_zabeni,41.032167,21.349797,153,13037.2
shape_R4_1_zabeni,41.032478,21.349829,154,13071.9
shape_R4_1_zabeni,41.032818,21.349786,155,13109.9
shape_R4_1_zabeni,41.033283,21.349679,156,13162.3
shape_R4_1_zabeni,41.033708,21.349523,157,13211.4
shape_R4_1_zabeni,41.035246,21.348960,158,13388.8
shape_R4_1_zabeni,41.036937,21.348322,159,13584.3
shape_R4_1_zabeni,41.038404,21.347830,160,13752.5
shape_R4_1_zabeni,41.038835,21.347779,161,13800.7
shape_R4_1_zabeni,41.039248,21.347791,162,13846.6
shape_R4_1_zabeni,41.040003,21.348014,163,13932.6
shape_R4_1_zabeni,41.040354,21.348157,164,13973.4
shape_R4_1_zabeni,41.041760,21.348713,165,14136.6
shape_R4_1_zabeni,41.042153,21.348837,166,14181.5
shape_R4_1_zabeni,41.042590,21.348831,167,14230.1
shape_R4_1_zabeni,41.042921,21.348815,168,14266.9
shape_R4_1_zabeni,41.043342,21.348687,169,14315.0
shape_R4_1_zabeni,41.043977,21.348440,170,14388.5
shape_R4_1_zabeni,41.044491,21.348273,171,14447.4
shape_R4_1_zabeni,41.044900,21.348204,172,14493.2
shape_R4_1_zabeni,41.045305,21.348218,173,14538.3
shape_R4_1_zabeni,41.045936,21.348333,174,14609.1
shape_R4_1_zabeni,41.046797,21.348660,175,14708.7
shape_R4_1_zabeni,41.048685,21.349409,176,14927.8
shape_R4_1_zabeni,41.049315,21.349668,177,15001.2
shape_R4_1_zabeni,41.050231,21.350074,178,15108.6
shape_R4_1_zabeni,41.050843,21.350312,179,15179.5
shape_R4_1_zabeni,41.051393,21.350484,180,15242.3
shape_R4_1_zabeni,41.051474,21.350500,181,15251.4
shape_R4_1_zabeni,41.052283,21.350602,182,15341.8
shape_R4_1_zabeni,41.052894,21.350559,183,15409.8
shape_R4_1_zabeni,41.053307,21.350484,184,15456.2
shape_R4_1_zabeni,41.053861,21.350317,185,15519.3
shape_R4_1_zabeni,41.054290,21.350124,186,15569.7
shape_R4_1_zabeni,41.054785,21.349899,187,15627.9
shape_R4_1_zabeni,41.056320,21.349062,188,15812.4
shape_R4_1_zabeni,41.057380,21.348508,189,15939.1
shape_R4_1_zabeni,41.057499,21.348446,190,15953.4
shape_R4_1_zabeni,41.058177,21.348075,191,16034.9
shape_R4_1_zabeni,41.059136,21.347582,192,16149.3
shape_R4_1_zabeni,41.059616,21.347345,193,16206.2
shape_R4_1_zabeni,41.059892,21.347217,194,16238.7
shape_R4_1_zabeni,41.060260,21.347080,195,16281.2
shape_R4_1_zabeni,41.060705,21.346938,196,16332.1
shape_R4_1_zabeni,41.061482,21.346782,197,16419.5
shape_R4_1_zabeni,41.061878,21.346740,198,16463.7
shape_R4_1_zabeni,41.062185,21.346707,199,16497.9
shape_R4_1_zabeni,41.062487,21.346691,200,16531.5
shape_R4_1_zabeni,41.062921,21.346701,201,16579.8
shape_R4_1_zabeni,41.063246,21.346741,202,16616.1
shape_R4_1_zabeni,41.063853,21.346822,203,16683.9
shape_R4_1_zabeni,41.064817,21.347025,204,16792.5
shape_R4_1_zabeni,41.066569,21.347458,205,16990.6
shape_R4_1_zabeni,41.068981,21.347975,206,17262.3
shape_R4_1_zabeni,41.071622,21.348626,207,17561.0
shape_R4_1_zabeni,41.072441,21.348767,208,17652.9
shape_R4_1_zabeni,41.072728,21.348820,209,17685.1
shape_R4_1_zabeni,41.072902,21.348858,210,17704.7
shape_R4_1_zabeni,41.074727,21.349284,211,17910.7
shape_R4_1_zabeni,41.075227,21.349394,212,17967.1
shape_R4_1_zabeni,41.077120,21.349840,213,18180.9
shape_R4_1_zabeni,41.078345,21.350156,214,18319.6
shape_R4_1_zabeni,41.079262,21.350374,215,18423.2
shape_R4_1_zabeni,41.079568,21.350447,216,18457.8
shape_R4_1_zabeni,41.079813,21.350505,217,18485.5
shape_R4_1_zabeni,41.081924,21.351004,218,18723.9
shape_R4_1_zabeni,41.082708,21.351201,219,18812.6
shape_R4_1_zabeni,41.083091,21.351338,220,18856.7
shape_R4_1_zabeni,41.083355,21.351432,221,18887.1
shape_R4_1_zabeni,41.088264,21.353193,222,19452.6
shape_R4_1_zabeni,41.088530,21.353307,223,19483.7
shape_R4_1_zabeni,41.088660,21.353357,224,19498.7
shape_R4_1_zabeni,41.089327,21.353605,225,19575.7
shape_R4_1_zabeni,41.089873,21.353809,226,19638.8
shape_R4_1_zabeni,41.090325,21.354029,227,19692.4
shape_R4_1_zabeni,41.091065,21.354466,228,19782.4
shape_R4_1_zabeni,41.092222,21.355177,229,19924.2
shape_R4_1_zabeni,41.092416,21.355295,230,19947.9
shape_R4_1_zabeni,41.093192,21.355773,231,20043.1
shape_R4_1_zabeni,41.094639,21.356652,232,20220.0
shape_R4_1_zabeni,41.094954,21.356852,233,20258.9
shape_R4_1_zabeni,41.096815,21.357994,234,20486.8
shape_R4_1_zabeni,41.097077,21.358154,235,20518.9
shape_R4_1_zabeni,41.097732,21.358549,236,20598.9
shape_R4_1_zabeni,41.098718,21.359141,237,20719.3
shape_R4_1_zabeni,41.100157,21.360027,238,20895.6
shape_R4_1_zabeni,41.100901,21.360475,239,20986.5
shape_R4_1_zabeni,41.101742,21.360981,240,21089.2
shape_R4_1_zabeni,41.102910,21.361706,241,21232.5
shape_R4_1_zabeni,41.103376,21.361961,242,21288.6
shape_R4_1_zabeni,41.103626,21.362097,243,21318.6
shape_R4_1_zabeni,41.104054,21.362285,244,21368.8
shape_R4_1_zabeni,41.104369,21.362382,245,21404.7
shape_R4_1_zabeni,41.104907,21.362478,246,21465.1
shape_R4_1_zabeni,41.105513,21.362494,247,21532.5
shape_R4_1_zabeni,41.106652,21.362525,248,21659.2
shape_R4_1_zabeni,41.108598,21.362596,249,21875.6
shape_R4_1_zabeni,41.108755,21.362602,250,21893.1
shape_R4_1_zabeni,41.110413,21.362657,251,22077.5
shape_R4_1_zabeni,41.111491,21.362693,252,22197.4
shape_R4_1_zabeni,41.111842,21.362694,253,22236.5
shape_R4_1_zabeni,41.112763,21.362703,254,22338.9
shape_R4_1_zabeni,41.113204,21.362707,255,22387.9
shape_R4_1_zabeni,41.113512,21.362720,256,22422.2
shape_R4_1_zabeni,41.114429,21.362727,257,22524.1
shape_R4_1_zabeni,41.115193,21.362687,258,22609.2
shape_R4_1_zabeni,41.116026,21.362526,259,22702.8
shape_R4_1_zabeni,41.116454,21.362457,260,22750.7
shape_R4_1_zabeni,41.118358,21.362060,261,22965.0
shape_R4_1_zabeni,41.119643,21.361818,262,23109.3
shape_R4_1_zabeni,41.119946,21.361765,263,23143.3
shape_R4_1_zabeni,41.120023,21.361754,264,23151.9
shape_R4_1_zabeni,41.120253,21.361732,265,23177.6
shape_R4_1_zabeni,41.120710,21.361706,266,23228.4
shape_R4_1_zabeni,41.121425,21.361722,267,23307.9
shape_R4_1_zabeni,41.121934,21.361775,268,23364.7
shape_R4_1_zabeni,41.122391,21.361867,269,23416.1
shape_R4_1_zabeni,41.123054,21.362054,270,23491.5
shape_R4_1_zabeni,41.124120,21.362505,271,23615.9
shape_R4_1_zabeni,41.124659,21.362823,272,23681.5
shape_R4_1_zabeni,41.124876,21.362950,273,23707.8
shape_R4_1_zabeni,41.125555,21.363465,274,23794.8
shape_R4_1_zabeni,41.125726,21.363608,275,23817.3
shape_R4_1_zabeni,41.126763,21.364479,276,23953.7
shape_R4_1_zabeni,41.128610,21.366083,277,24199.1
shape_R4_1_zabeni,41.129434,21.366804,278,24308.9
shape_R4_1_zabeni,41.129791,21.367117,279,24356.4
shape_R4_1_zabeni,41.130363,21.367619,280,24432.7
shape_R4_1_zabeni,41.131131,21.368225,281,24532.0
shape_R4_1_zabeni,41.132363,21.369046,282,24685.3
shape_R4_1_zabeni,41.133385,21.369620,283,24808.7
shape_R4_1_zabeni,41.134509,21.370124,284,24940.6
shape_R4_1_zabeni,41.136048,21.370672,285,25117.8
shape_R4_1_zabeni,41.136856,21.370967,286,25211.0
shape_R4_1_zabeni,41.137846,21.371315,287,25324.8
shape_R4_1_zabeni,41.138254,21.371449,288,25371.6
shape_R4_1_zabeni,41.139563,21.371932,289,25522.7
shape_R4_1_zabeni,41.140225,21.372270,290,25601.5
shape_R4_1_zabeni,41.140803,21.372619,291,25672.1
shape_R4_1_zabeni,41.141044,21.372761,292,25701.4
shape_R4_1_zabeni,41.141592,21.373112,293,25769.1
shape_R4_1_zabeni,41.142518,21.373834,294,25888.5
shape_R4_1_zabeni,41.142905,21.374164,295,25939.6
shape_R4_1_zabeni,41.142946,21.374201,296,25945.2
shape_R4_1_zabeni,41.143249,21.374491,297,25986.7
shape_R4_1_zabeni,41.144190,21.375510,298,26121.7
shape_R4_1_zabeni,41.144986,21.376497,299,26242.8
shape_R4_1_zabeni,41.146755,21.378680,300,26511.3
shape_R4_1_zabeni,41.148632,21.381011,301,26797.1
shape_R4_1_zabeni,41.148759,21.381191,302,26817.7
shape_R4_1_zabeni,41.150084,21.382823,303,27018.7
shape_R4_1_zabeni,41.151368,21.384469,304,27217.1
shape_R4_1_zabeni,41.152091,21.385386,305,27328.3
shape_R4_1_zabeni,41.152713,21.386110,306,27420.2
shape_R4_1_zabeni,41.153242,21.386732,307,27498.8
shape_R4_1_zabeni,41.153957,21.387424,308,27597.2
shape_R4_1_zabeni,41.154535,21.387950,309,27675.1
shape_R4_1_zabeni,41.154587,21.387998,310,27682.1
shape_R4_1_zabeni,41.155864,21.388996,311,27846.9
shape_R4_1_zabeni,41.156716,21.389560,312,27952.7
shape_R4_1_zabeni,41.156857,21.389640,313,27969.8
shape_R4_1_zabeni,41.157168,21.389838,314,28008.1
shape_R4_1_zabeni,41.157273,21.389908,315,28021.2
shape_R4_1_zabeni,41.158200,21.390460,316,28134.2
shape_R4_1_zabeni,41.159382,21.391163,317,28278.2
shape_R4_1_zabeni,41.159450,21.391201,318,28286.4
shape_R4_1_zabeni,41.160491,21.391776,319,28411.7
shape_R4_1_zabeni,41.162168,21.392775,320,28616.1
shape_R4_1_zabeni,41.163383,21.393547,321,28765.9
shape_R4_1_zabeni,41.164718,21.394335,322,28928.3
shape_R4_1_zabeni,41.165902,21.395036,323,29072.5
shape_R4_1_zabeni,41.166762,21.395560,324,29177.7
shape_R4_1_zabeni,41.167346,21.395889,325,29248.2
shape_R4_1_zabeni,41.167748,21.396154,326,29298.1
shape_R4_1_zabeni,41.167906,21.396230,327,29316.8
shape_R4_1_zabeni,41.168190,21.396462,328,29353.9
shape_R4_1_zabeni,41.168582,21.396766,329,29404.3
shape_R4_1_zabeni,41.169006,21.397173,330,29462.5
shape_R4_1_zabeni,41.169483,21.397683,331,29530.6
shape_R4_1_zabeni,41.170652,21.398981,332,29700.0
shape_R4_1_zabeni,41.171448,21.399825,333,29813.2
shape_R4_1_zabeni,41.171533,21.399917,334,29825.4
shape_R4_1_zabeni,41.172633,21.401154,335,29985.7
shape_R4_1_zabeni,41.172851,21.401390,336,30017.0
shape_R4_1_zabeni,41.173049,21.401616,337,30046.0
shape_R4_1_zabeni,41.173210,21.401802,338,30069.7
shape_R4_1_zabeni,41.173636,21.402291,339,30132.3
shape_R4_1_zabeni,41.173934,21.402613,340,30175.0
shape_R4_1_zabeni,41.173996,21.402698,341,30184.9
shape_R4_1_zabeni,41.174192,21.402914,342,30213.2
shape_R4_1_zabeni,41.174477,21.403226,343,30254.3
shape_R4_1_zabeni,41.174775,21.403506,344,30294.9
shape_R4_1_zabeni,41.175223,21.403804,345,30350.6
shape_R4_1_zabeni,41.175528,21.403954,346,30386.8
shape_R4_1_zabeni,41.175756,21.404007,347,30412.5
shape_R4_1_zabeni,41.175881,21.404030,348,30426.5
shape_R4_1_zabeni,41.176150,21.404080,349,30456.7
shape_R4_1_zabeni,41.176447,21.404106,350,30489.8
shape_R4_1_zabeni,41.176731,21.404084,351,30521.5
shape_R4_1_zabeni,41.176983,21.404041,352,30549.7
shape_R4_1_zabeni,41.177363,21.403915,353,30593.3
shape_R4_1_zabeni,41.177932,21.403674,354,30659.7
shape_R4_1_zabeni,41.178698,21.403338,355,30749.4
shape_R4_1_zabeni,41.179140,21.403164,356,30800.6
shape_R4_1_zabeni,41.179489,21.403041,357,30840.8
shape_R4_1_zabeni,41.179765,21.402976,358,30872.0
shape_R4_1_zabeni,41.180054,21.402950,359,30904.2
shape_R4_1_zabeni,41.180163,21.402953,360,30916.3
shape_R4_1_zabeni,41.180434,21.402961,361,30946.4
shape_R4_1_zabeni,41.180740,21.403005,362,30980.7
shape_R4_1_zabeni,41.181015,21.403069,363,31011.7
shape_R4_1_zabeni,41.181344,21.403208,364,31050.1
shape_R4_1_zabeni,41.181747,21.403427,365,31098.5
shape_R4_1_zabeni,41.182228,21.403754,366,31158.6
shape_R4_1_zabeni,41.182735,21.404118,367,31222.7
shape_R4_1_zabeni,41.183355,21.404554,368,31300.7
shape_R4_1_zabeni,41.183977,21.404993,369,31379.0
shape_R4_1_zabeni,41.184516,21.405376,370,31446.9
shape_R4_1_zabeni,41.185004,21.405718,371,31508.3
shape_R4_1_zabeni,41.185072,21.405763,372,31516.7
shape_R4_1_zabeni,41.185448,21.406035,373,31564.3
shape_R4_1_zabeni,41.186254,21.406589,374,31665.2
shape_R4_1_zabeni,41.187355,21.407388,375,31804.7
shape_R4_1_zabeni,41.187663,21.407632,376,31844.6
shape_R4_1_zabeni,41.188365,21.408122,377,31932.8
shape_R4_1_zabeni,41.189363,21.408801,378,32057.5
shape_R4_1_zabeni,41.189703,21.409041,379,32100.3
shape_R4_1_zabeni,41.189988,21.409220,380,32135.3
shape_R4_1_zabeni,41.190320,21.409395,381,32175.0
shape_R4_1_zabeni,41.190625,21.409518,382,32210.5
shape_R4_1_zabeni,41.190866,21.409586,383,32237.9
shape_R4_1_zabeni,41.191095,21.409616,384,32263.5
shape_R4_1_zabeni,41.191282,21.409642,385,32284.4
shape_R4_1_zabeni,41.191372,21.409654,386,32294.4
shape_R4_1_zabeni,41.191504,21.409653,387,32309.1
shape_R4_1_zabeni,41.191750,21.409647,388,32336.5
shape_R4_1_zabeni,41.192098,21.409595,389,32375.4
shape_R4_1_zabeni,41.192327,21.409574,390,32400.9
shape_R4_1_zabeni,41.192942,21.409496,391,32469.6
shape_R4_1_zabeni,41.193369,21.409451,392,32517.2
shape_R4_1_zabeni,41.193742,21.409411,393,32558.9
shape_R4_1_zabeni,41.193887,21.409395,394,32575.0
shape_R4_1_zabeni,41.193960,21.409388,395,32583.2
shape_R4_1_zabeni,41.195039,21.409272,396,32703.5
shape_R4_1_zabeni,41.195182,21.409258,397,32719.5
shape_R4_1_zabeni,41.196454,21.409124,398,32861.4
shape_R4_1_zabeni,41.197539,21.409012,399,32982.4
shape_R4_1_zabeni,41.197661,21.408996,400,32996.0
shape_R4_1_zabeni,41.198792,21.408870,401,33122.2
shape_R4_1_zabeni,41.200297,21.408703,402,33290.1
shape_R4_1_zabeni,41.200753,21.408659,403,33341.0
shape_R4_1_zabeni,41.200955,21.408640,404,33363.5
shape_R4_1_zabeni,41.201786,21.408548,405,33456.2
shape_R4_1_zabeni,41.202256,21.408502,406,33508.6
shape_R4_1_zabeni,41.202315,21.408497,407,33515.2
shape_R4_1_zabeni,41.202730,21.408442,408,33561.6
shape_R4_1_zabeni,41.203237,21.408382,409,33618.2
shape_R4_1_zabeni,41.204091,21.408290,410,33713.4
shape_R4_1_zabeni,41.204768,21.408226,411,33788.9
shape_R4_1_zabeni,41.205564,21.408138,412,33877.7
shape_R4_1_zabeni,41.205653,21.408125,413,33887.7
shape_R4_1_zabeni,41.205826,21.408103,414,33907.0
shape_R4_1_zabeni,41.206248,21.408058,415,33954.1
shape_R4_1_zabeni,41.206604,21.408021,416,33993.8
shape_R4_1_zabeni,41.206876,21.407993,417,34024.1
shape_R4_1_zabeni,41.207427,21.407934,418,34085.6
shape_R4_1_zabeni,41.208244,21.407893,419,34176.5
shape_R4_1_zabeni,41.208626,21.407858,420,34219.1
shape_R4_1_zabeni,41.209427,21.407770,421,34308.5
shape_R4_1_zabeni,41.210194,21.407679,422,34394.1
shape_R4_1_zabeni,41.210533,21.407618,423,34432.1
shape_R4_1_zabeni,41.210728,21.407576,424,34454.1
shape_R4_1_zabeni,41.211164,21.407462,425,34503.5
shape_R4_1_zabeni,41.211433,21.407377,426,34534.2
shape_R4_1_zabeni,41.211791,21.407247,427,34575.5
shape_R4_1_zabeni,41.212244,21.407048,428,34628.6
shape_R4_1_zabeni,41.213073,21.406672,429,34726.0
shape_R4_1_zabeni,41.213887,21.406294,430,34821.8
shape_R4_1_zabeni,41.214573,21.405979,431,34902.5
shape_R4_1_zabeni,41.215028,21.405771,432,34956.0
shape_R4_1_zabeni,41.215964,21.405337,433,35066.3
shape_R4_1_zabeni,41.216400,21.405141,434,35117.4
shape_R4_1_zabeni,41.217579,21.404599,435,35256.2
shape_R4_1_zabeni,41.218339,21.404249,436,35345.6
shape_R4_1_zabeni,41.219133,21.403887,437,35438.9
shape_R4_1_zabeni,41.219985,21.403492,438,35539.3
shape_R4_1_zabeni,41.220507,21.403268,439,35600.3
shape_R4_1_zabeni,41.221244,21.402918,440,35687.3
shape_R4_1_zabeni,41.221804,21.402672,441,35752.9
shape_R4_1_zabeni,41.222175,21.402525,442,35795.9
shape_R4_1_zabeni,41.222707,21.402350,443,35856.8
shape_R4_1_zabeni,41.223040,21.402269,444,35894.5
shape_R4_1_zabeni,41.223381,21.402209,445,35932.7
shape_R4_1_zabeni,41.223689,21.402149,446,35967.3
shape_R4_1_zabeni,41.223945,21.402120,447,35995.9
shape_R4_1_zabeni,41.224223,21.402107,448,36026.8
shape_R4_1_zabeni,41.224648,21.402112,449,36074.1
shape_R4_1_zabeni,41.224971,21.402117,450,36110.0
shape_R4_1_zabeni,41.225324,21.402163,451,36149.5
shape_R4_1_zabeni,41.225772,21.402219,452,36199.5
shape_R4_1_zabeni,41.226172,21.402317,453,36244.7
shape_R4_1_zabeni,41.226523,21.402406,454,36284.5
shape_R4_1_zabeni,41.226939,21.402556,455,36332.4
shape_R4_1_zabeni,41.227342,21.402702,456,36378.8
shape_R4_1_zabeni,41.227746,21.402859,457,36425.6
shape_R4_1_zabeni,41.228781,21.403275,458,36545.9
shape_R4_1_zabeni,41.229719,21.403669,459,36655.2
shape_R4_1_zabeni,41.230651,21.404047,460,36763.6
shape_R4_1_zabeni,41.231654,21.404449,461,36880.1
shape_R4_1_zabeni,41.231867,21.404531,462,36904.7
shape_R4_1_zabeni,41.233309,21.405122,463,37072.5
shape_R4_1_zabeni,41.233770,21.405373,464,37127.9
shape_R4_1_zabeni,41.234177,21.405628,465,37177.9
shape_R4_1_zabeni,41.234475,21.405844,466,37215.7
shape_R4_1_zabeni,41.235005,21.406332,467,37287.4
shape_R4_1_zabeni,41.235465,21.406729,468,37348.3
shape_R4_1_zabeni,41.236338,21.407620,469,37470.7
shape_R4_1_zabeni,41.236514,21.407822,470,37496.6
shape_R4_1_zabeni,41.236793,21.408045,471,37532.8
shape_R4_1_zabeni,41.237107,21.408233,472,37571.0
shape_R4_1_zabeni,41.237485,21.408392,473,37615.1
shape_R4_1_zabeni,41.237839,21.408505,474,37655.6
shape_R4_1_zabeni,41.238342,21.408583,475,37711.9
shape_R4_1_zabeni,41.238910,21.408586,476,37775.1
shape_R4_1_zabeni,41.240000,21.408537,477,37896.4
shape_R4_1_zabeni,41.240209,21.408527,478,37919.6
shape_R4_1_zabeni,41.240395,21.408518,479,37940.3
shape_R4_1_zabeni,41.240665,21.408505,480,37970.3
shape_R4_1_zabeni,41.240946,21.408490,481,38001.6
shape_R4_1_zabeni,41.241867,21.408463,482,38104.1
shape_R4_1_zabeni,41.242420,21.408436,483,38165.6
shape_R4_1_zabeni,41.242888,21.408382,484,38217.8
shape_R4_1_zabeni,41.243228,21.408315,485,38256.0
shape_R4_1_zabeni,41.243485,21.408265,486,38284.9
shape_R4_1_zabeni,41.243809,21.408187,487,38321.5
shape_R4_1_zabeni,41.244404,21.408045,488,38388.8
shape_R4_1_zabeni,41.245461,21.407803,489,38508.0
shape_R4_1_zabeni,41.246937,21.407438,490,38675.0
shape_R4_1_zabeni,41.247748,21.407245,491,38766.6
shape_R4_1_zabeni,41.248151,21.407176,492,38811.7
shape_R4_1_zabeni,41.248442,21.407159,493,38844.1
shape_R4_1_zabeni,41.248724,21.407170,494,38875.5
shape_R4_1_zabeni,41.248990,21.407229,495,38905.5
shape_R4_1_zabeni,41.249236,21.407320,496,38933.9
shape_R4_1_zabeni,41.249640,21.407524,497,38981.9
shape_R4_1_zabeni,41.249960,21.407699,498,39020.4
shape_R4_1_zabeni,41.250041,21.407747,499,39030.3
shape_R4_1_zabeni,41.251694,21.408898,500,39237.7
shape_R4_1_zabeni,41.251938,21.409093,501,39269.4
shape_R4_1_zabeni,41.252479,21.409445,502,39336.4
shape_R4_1_zabeni,41.253350,21.410040,503,39445.2
shape_R4_1_zabeni,41.254294,21.410695,504,39563.6
shape_R4_1_zabeni,41.254455,21.410804,505,39583.7
shape_R4_1_zabeni,41.254838,21.411065,506,39631.6
shape_R4_1_zabeni,41.255290,21.411338,507,39686.8
shape_R4_1_zabeni,41.255621,21.411521,508,39726.6
shape_R4_1_zabeni,41.255802,21.411590,509,39747.6
shape_R4_1_zabeni,41.256123,21.411687,510,39784.2
shape_R4_1_zabeni,41.256631,21.411741,511,39840.8
shape_R4_1_zabeni,41.259559,21.411869,512,40166.6
shape_R4_1_zabeni,41.259805,21.411872,513,40193.9
shape_R4_1_zabeni,41.261058,21.411886,514,40333.3
shape_R4_1_zabeni,41.262530,21.411926,515,40497.0
shape_R4_1_zabeni,41.263423,21.411958,516,40596.3
shape_R4_1_zabeni,41.263883,21.411982,517,40647.5
shape_R4_1_zabeni,41.264177,21.411998,518,40680.2
shape_R4_1_zabeni,41.265305,21.412019,519,40805.7
shape_R4_1_zabeni,41.265951,21.412030,520,40877.5
shape_R4_1_zabeni,41.266375,21.412033,521,40924.6
shape_R4_1_zabeni,41.266705,21.412049,522,40961.4
shape_R4_1_zabeni,41.267145,21.412108,523,41010.5
shape_R4_1_zabeni,41.267441,21.412183,524,41044.0
shape_R4_1_zabeni,41.267689,21.412266,525,41072.5
shape_R4_1_zabeni,41.267927,21.412379,526,41100.6
shape_R4_1_zabeni,41.268455,21.412658,527,41163.7
shape_R4_1_zabeni,41.268776,21.412845,528,41202.7
shape_R4_1_zabeni,41.268949,21.412996,529,41225.7
shape_R4_1_zabeni,41.269233,21.413235,530,41263.1
shape_R4_1_zabeni,41.269492,21.413487,531,41298.8
shape_R4_1_zabeni,41.269683,21.413701,532,41326.5
shape_R4_1_zabeni,41.269965,21.414061,533,41370.0
shape_R4_1_zabeni,41.270120,21.414268,534,41394.4
shape_R4_1_zabeni,41.270350,21.414623,535,41433.6
shape_R4_1_zabeni,41.270526,21.414957,536,41467.7
shape_R4_1_zabeni,41.270724,21.415354,537,41507.5
shape_R4_1_zabeni,41.271057,21.416074,538,41578.1
shape_R4_1_zabeni,41.271176,21.416334,539,41603.6
shape_R4_1_zabeni,41.274243,21.423059,540,42261.0
shape_R4_1_zabeni,41.275653,21.426267,541,42571.6
shape_R4_1_zabeni,41.275903,21.426808,542,42624.6
shape_R4_1_zabeni,41.275962,21.426936,543,42637.2
shape_R4_1_zabeni,41.277661,21.430571,544,42994.9
shape_R4_1_zabeni,41.277728,21.430721,545,43009.5
shape_R4_1_zabeni,41.279441,21.434465,546,43375.8
shape_R4_1_zabeni,41.280118,21.435947,547,43520.7
shape_R4_1_zabeni,41.280493,21.436717,548,43597.4
shape_R4_1_zabeni,41.280844,21.437370,549,43664.4
shape_R4_1_zabeni,41.281334,21.438248,550,43755.8
shape_R4_1_zabeni,41.284446,21.442996,551,44282.3
shape_R4_1_zabeni,41.285126,21.444053,552,44398.5
shape_R4_1_zabeni,41.285721,21.444962,553,44499.3
shape_R4_1_zabeni,41.286800,21.446595,554,44681.0
shape_R4_1_zabeni,41.287629,21.447864,555,44821.5
shape_R4_1_zabeni,41.288662,21.449448,556,44996.7
shape_R4_1_zabeni,41.289231,21.450317,557,45093.0
shape_R4_1_zabeni,41.290176,21.451768,558,45253.4
shape_R4_1_zabeni,41.291560,21.453875,559,45487.3
shape_R4_1_zabeni,41.292393,21.455154,560,45628.7
shape_R4_1_zabeni,41.293692,21.457135,561,45848.3
shape_R4_1_zabeni,41.295005,21.459132,562,46070.0
shape_R4_1_zabeni,41.295868,21.460472,563,46217.5
shape_R4_1_zabeni,41.296940,21.462105,564,46398.6
shape_R4_1_zabeni,41.298167,21.463978,565,46606.2
shape_R4_1_zabeni,41.298831,21.464992,566,46718.6
shape_R4_1_zabeni,41.299206,21.465569,567,46782.4
shape_R4_1_zabeni,41.299697,21.466326,568,46865.9
shape_R4_1_zabeni,41.300995,21.468301,569,47085.1
shape_R4_1_zabeni,41.302294,21.470300,570,47305.9
shape_R4_1_zabeni,41.302937,21.471304,571,47416.1
shape_R4_1_zabeni,41.303147,21.471624,572,47451.6
shape_R4_1_zabeni,41.303287,21.471828,573,47474.7
shape_R4_1_zabeni,41.303836,21.472672,574,47567.9
shape_R4_1_zabeni,41.303893,21.472758,575,47577.5
shape_R4_1_zabeni,41.303954,21.472850,576,47587.8
shape_R4_1_zabeni,41.304225,21.473256,577,47633.1
shape_R4_1_zabeni,41.304416,21.473542,578,47665.1
shape_R4_1_zabeni,41.304490,21.473650,579,47677.3
shape_R4_1_zabeni,41.304548,21.473753,580,47688.1
shape_R4_1_zabeni,41.305177,21.474729,581,47795.5
shape_R4_1_zabeni,41.305733,21.475583,582,47889.9
shape_R4_1_zabeni,41.306330,21.476510,583,47991.9
shape_R4_1_zabeni,41.306736,21.477118,584,48059.8
shape_R4_1_zabeni,41.307342,21.478050,585,48162.8
shape_R4_1_zabeni,41.307610,21.478456,586,48207.9
shape_R4_1_zabeni,41.307672,21.478543,587,48217.9
shape_R4_1_zabeni,41.307953,21.479002,588,48267.4
shape_R4_1_zabeni,41.308154,21.479435,589,48309.9
shape_R4_1_zabeni,41.308354,21.479910,590,48355.4
shape_R4_1_zabeni,41.308498,21.480295,591,48391.3
shape_R4_1_zabeni,41.308699,21.480827,592,48441.1
shape_R4_1_zabeni,41.308823,21.481157,593,48471.9
shape_R4_1_zabeni,41.309126,21.481961,594,48547.0
shape_R4_1_zabeni,41.309588,21.483209,595,48663.2
shape_R4_1_zabeni,41.309701,21.483515,596,48691.7
shape_R4_1_zabeni,41.309825,21.483817,597,48720.4
shape_R4_1_zabeni,41.309927,21.484096,598,48746.4
shape_R4_1_zabeni,41.310082,21.484524,599,48786.0
shape_R4_1_zabeni,41.310158,21.484714,600,48804.0
shape_R4_1_zabeni,41.310764,21.486357,601,48956.9
shape_R4_1_zabeni,41.310953,21.486811,602,49000.3
shape_R4_1_zabeni,41.311135,21.487321,603,49047.4
shape_R4_1_zabeni,41.311310,21.487802,604,49092.1
shape_R4_1_zabeni,41.311468,21.488289,605,49136.4
shape_R4_1_zabeni,41.311600,21.488804,606,49181.8
shape_R4_1_zabeni,41.311692,21.489164,607,49213.6
shape_R4_1_zabeni,41.311902,21.490178,608,49301.4
shape_R4_1_zabeni,41.311977,21.490541,609,49332.9
shape_R4_1_zabeni,41.312208,21.491610,610,49425.8
shape_R4_1_zabeni,41.312380,21.492402,611,49494.6
shape_R4_1_zabeni,41.312526,21.493098,612,49555.0
shape_R4_1_zabeni,41.312722,21.494035,613,49636.2
shape_R4_1_zabeni,41.312970,21.495252,614,49741.5
shape_R4_1_zabeni,41.313223,21.496303,615,49833.7
shape_R4_1_zabeni,41.313273,21.496512,616,49852.0
shape_R4_1_zabeni,41.313532,21.497449,617,49935.4
shape_R4_1_zabeni,41.313747,21.498154,618,49999.0
shape_R4_1_zabeni,41.313935,21.498737,619,50052.0
shape_R4_1_zabeni,41.314199,21.499482,620,50120.8
shape_R4_1_zabeni,41.314456,21.500154,621,50183.8
shape_R4_1_zabeni,41.314601,21.500508,622,50217.4
shape_R4_1_zabeni,41.314733,21.500799,623,50245.8
shape_R4_1_zabeni,41.314849,21.501055,624,50270.8
shape_R4_1_zabeni,41.314930,21.501245,625,50289.0
shape_R4_1_zabeni,41.314972,21.501335,626,50297.9
shape_R4_1_zabeni,41.315239,21.501868,627,50351.4
shape_R4_1_zabeni,41.315667,21.502700,628,50435.6
shape_R4_1_zabeni,41.315972,21.503261,629,50493.5
shape_R4_1_zabeni,41.316072,21.503445,630,50512.4
shape_R4_1_zabeni,41.316569,21.504342,631,50605.5
shape_R4_1_zabeni,41.317015,21.505144,632,50688.9
shape_R4_1_zabeni,41.318092,21.507063,633,50888.9
shape_R4_1_zabeni,41.319024,21.508735,634,51062.8
shape_R4_1_zabeni,41.319075,21.508828,635,51072.4
shape_R4_1_zabeni,41.319646,21.509868,636,51180.0
shape_R4_1_zabeni,41.319679,21.509928,637,51186.2
shape_R4_1_zabeni,41.320062,21.510619,638,51257.9
shape_R4_1_zabeni,41.320256,21.510968,639,51294.2
shape_R4_1_zabeni,41.320750,21.511859,640,51386.7
shape_R4_1_zabeni,41.321443,21.513081,641,51514.6
shape_R4_1_zabeni,41.321546,21.513267,642,51533.9
shape_R4_1_zabeni,41.321608,21.513376,643,51545.3
shape_R4_1_zabeni,41.322839,21.515589,644,51775.3
shape_R4_1_zabeni,41.323350,21.516512,645,51871.0
shape_R4_1_zabeni,41.323892,21.517491,646,51972.6
shape_R4_1_zabeni,41.324225,21.518086,647,52034.5
shape_R4_1_zabeni,41.324352,21.518317,648,52058.5
shape_R4_1_zabeni,41.324466,21.518513,649,52079.2
shape_R4_1_zabeni,41.324856,21.519201,650,52151.1
shape_R4_1_zabeni,41.324978,21.519417,651,52173.7
shape_R4_1_zabeni,41.325069,21.519558,652,52189.2
shape_R4_1_zabeni,41.325126,21.519663,653,52200.0
shape_R4_1_zabeni,41.325349,21.520007,654,52238.0
shape_R4_1_zabeni,41.325641,21.520439,655,52286.5
shape_R4_1_zabeni,41.325862,21.520750,656,52322.3
shape_R4_1_zabeni,41.326156,21.521166,657,52370.0
shape_R4_1_zabeni,41.326378,21.521455,658,52404.5
shape_R4_1_zabeni,41.326750,21.521966,659,52463.9
shape_R4_1_zabeni,41.327297,21.522603,660,52544.7
shape_R4_1_zabeni,41.327353,21.522669,661,52553.1
shape_R4_1_zabeni,41.327939,21.523364,662,52640.3
shape_R4_1_zabeni,41.328330,21.523845,663,52699.5
shape_R4_1_zabeni,41.328384,21.523907,664,52707.4
shape_R4_1_zabeni,41.328750,21.524352,665,52762.5
shape_R4_1_zabeni,41.329165,21.524870,666,52825.8
shape_R4_1_zabeni,41.329518,21.525366,667,52882.8
shape_R4_1_zabeni,41.329821,21.525851,668,52935.5
shape_R4_1_zabeni,41.329998,21.526168,669,52968.5
shape_R4_1_zabeni,41.330207,21.526546,670,53007.7
shape_R4_1_zabeni,41.330456,21.527065,671,53059.1
shape_R4_1_zabeni,41.330505,21.527186,672,53070.6
shape_R4_1_zabeni,41.330729,21.527736,673,53122.8
shape_R4_1_zabeni,41.330853,21.528051,674,53152.5
shape_R4_1_zabeni,41.331029,21.528541,675,53197.9
shape_R4_1_zabeni,41.331160,21.528951,676,53235.1
shape_R4_1_zabeni,41.331293,21.529447,677,53279.1
shape_R4_1_zabeni,41.331665,21.531092,678,53422.5
shape_R4_1_zabeni,41.332071,21.532889,679,53579.2
shape_R4_1_zabeni,41.332451,21.534575,680,53726.2
shape_R4_1_zabeni,41.332488,21.534730,681,53739.8
shape_R4_1_zabeni,41.332540,21.534979,682,53761.3
shape_R4_1_zabeni,41.332697,21.535733,683,53826.7
shape_R4_1_zabeni,41.332947,21.536747,684,53915.8
shape_R4_1_zabeni,41.333060,21.537144,685,53951.2
shape_R4_1_zabeni,41.333181,21.537533,686,53986.4
shape_R4_1_zabeni,41.333253,21.537761,687,54007.0
shape_R4_1_zabeni,41.333402,21.538213,688,54048.3
shape_R4_1_zabeni,41.333543,21.538553,689,54080.7
shape_R4_1_zabeni,41.333582,21.538653,690,54090.1
shape_R4_1_zabeni,41.333626,21.538767,691,54100.8
shape_R4_1_zabeni,41.333940,21.539446,692,54167.4
shape_R4_1_zabeni,41.334302,21.540120,693,54236.6
shape_R4_1_zabeni,41.334736,21.540863,694,54315.2
shape_R4_1_zabeni,41.335008,21.541286,695,54361.7
shape_R4_1_zabeni,41.335224,21.541588,696,54396.5
shape_R4_1_zabeni,41.335564,21.541998,697,54447.5
shape_R4_1_zabeni,41.335852,21.542257,698,54486.1
shape_R4_1_zabeni,41.336156,21.542511,699,54526.0
shape_R4_1_zabeni,41.336477,21.542765,700,54567.6
shape_R4_1_zabeni,41.336716,21.542909,701,54596.7
shape_R4_1_zabeni,41.336797,21.542964,702,54606.8
shape_R4_1_zabeni,41.337002,21.543084,703,54631.7
shape_R4_1_zabeni,41.337286,21.543226,704,54665.5
shape_R4_1_zabeni,41.337624,21.543335,705,54704.1
shape_R4_1_zabeni,41.338223,21.543579,706,54773.8
shape_R4_1_zabeni,41.338720,21.543776,707,54831.4
shape_R4_1_zabeni,41.339301,21.544031,708,54899.5
shape_R4_1_zabeni,41.339433,21.544086,709,54914.8
shape_R4_1_zabeni,41.339840,21.544260,710,54962.4
shape_R4_1_zabeni,41.340156,21.544366,711,54998.6
shape_R4_1_zabeni,41.340393,21.544418,712,55025.3
shape_R4_1_zabeni,41.340587,21.544433,713,55046.9
shape_R4_1_zabeni,41.340789,21.544436,714,55069.4
shape_R4_1_zabeni,41.341017,21.544412,715,55094.8
shape_R4_1_zabeni,41.341304,21.544356,716,55127.1
shape_R4_1_zabeni,41.341534,21.544261,717,55153.8
shape_R4_1_zabeni,41.341749,21.544147,718,55179.6
shape_R4_1_zabeni,41.341956,21.544031,719,55204.6
shape_R4_1_zabeni,41.342177,21.543877,720,55232.3
shape_R4_1_zabeni,41.342286,21.543780,721,55246.9
shape_R4_1_zabeni,41.342412,21.543646,722,55264.8
shape_R4_1_zabeni,41.342565,21.543474,723,55287.1
shape_R4_1_zabeni,41.342732,21.543244,724,55313.8
shape_R4_1_zabeni,41.342894,21.542975,725,55342.6
shape_R4_1_zabeni,41.343046,21.542653,726,55374.3
shape_R4_1_zabeni,41.343160,21.542387,727,55399.9
shape_R4_1_zabeni,41.343232,21.542153,728,55421.0
shape_R4_1_zabeni,41.343309,21.541869,729,55446.2
shape_R4_1_zabeni,41.343370,21.541496,730,55478.1
shape_R4_1_zabeni,41.343458,21.541034,731,55517.9
shape_R4_1_zabeni,41.343528,21.540260,732,55582.9
shape_R4_1_zabeni,41.343579,21.539650,733,55634.2
shape_R4_1_zabeni,41.343950,21.537409,734,55825.7
shape_R4_1_zabeni,41.343974,21.537262,735,55838.3
shape_R4_1_zabeni,41.344331,21.535110,736,56022.3
shape_R4_1_zabeni,41.344625,21.533330,737,56174.4
shape_R4_1_zabeni,41.344752,21.532814,738,56219.8
shape_R4_1_zabeni,41.344870,21.532349,739,56260.7
shape_R4_1_zabeni,41.344943,21.531913,740,56298.0
shape_R4_1_zabeni,41.345143,21.530683,741,56403.1
shape_R4_1_zabeni,41.345374,21.529253,742,56525.2
shape_R4_1_zabeni,41.345453,21.528807,743,56563.5
shape_R4_1_zabeni,41.345573,21.528167,744,56618.5
shape_R4_1_zabeni,41.345710,21.527622,745,56666.5
shape_R4_1_zabeni,41.345881,21.527094,746,56714.5
shape_R4_1_zabeni,41.346012,21.526716,747,56749.3
shape_R4_1_zabeni,41.346217,21.526257,748,56793.8
shape_R4_1_zabeni,41.346428,21.525885,749,56832.8
shape_R4_1_zabeni,41.346750,21.525358,750,56889.5
shape_R4_1_zabeni,41.346940,21.525106,751,56919.3
shape_R4_1_zabeni,41.347278,21.524672,752,56971.5
shape_R4_1_zabeni,41.347560,21.524376,753,57011.4
shape_R4_1_zabeni,41.347861,21.524065,754,57053.8
shape_R4_1_zabeni,41.348314,21.523648,755,57115.0
shape_R4_1_zabeni,41.348624,21.523363,756,57156.9
shape_R4_1_zabeni,41.349016,21.523016,757,57209.2
shape_R4_1_zabeni,41.349404,21.522661,758,57261.6
shape_R4_1_zabeni,41.349615,21.522467,759,57290.1
shape_R4_1_zabeni,41.350135,21.521986,760,57360.5
shape_R4_1_zabeni,41.350395,21.521705,761,57397.7
shape_R4_1_zabeni,41.350448,21.521654,762,57405.0
shape_R4_1_zabeni,41.350712,21.521364,763,57443.0
shape_R4_1_zabeni,41.350933,21.521033,764,57480.0
shape_R4_1_zabeni,41.351187,21.520635,765,57523.6
shape_R4_1_zabeni,41.351417,21.520242,766,57565.2
shape_R4_1_zabeni,41.351624,21.519873,767,57603.6
shape_R4_1_zabeni,41.352043,21.518940,768,57694.4
shape_R4_1_zabeni,41.352169,21.518604,769,57725.7
shape_R4_1_zabeni,41.352184,21.518550,770,57730.6
shape_R4_1_zabeni,41.352337,21.518095,771,57772.2
shape_R4_1_zabeni,41.352574,21.517328,772,57841.4
shape_R4_1_zabeni,41.353121,21.515413,773,58012.4
shape_R4_1_zabeni,41.353539,21.514006,774,58138.7
shape_R4_1_zabeni,41.353547,21.513981,775,58141.0
shape_R4_1_zabeni,41.353787,21.513148,776,58215.5
shape_R4_1_zabeni,41.354093,21.512123,777,58307.5
shape_R4_1_zabeni,41.354119,21.512037,778,58315.3
shape_R4_1_zabeni,41.354618,21.510328,779,58468.3
shape_R4_1_zabeni,41.354896,21.509379,780,58553.4
shape_R4_1_zabeni,41.355371,21.507745,781,58699.6
shape_R4_1_zabeni,41.355742,21.506511,782,58810.6
shape_R4_1_zabeni,41.356277,21.504677,783,58974.8
shape_R4_1_zabeni,41.356666,21.503389,784,59090.7
shape_R4_1_zabeni,41.356875,21.502670,785,59155.0
shape_R4_1_zabeni,41.357068,21.502112,786,59206.3
shape_R4_1_zabeni,41.357253,21.501649,787,59250.1
shape_R4_1_zabeni,41.357308,21.501547,788,59260.6
shape_R4_1_zabeni,41.357541,21.501021,789,59311.5
shape_R4_1_zabeni,41.357773,21.500597,790,59355.3
shape_R4_1_zabeni,41.358061,21.500109,791,59407.2
shape_R4_1_zabeni,41.358417,21.499559,792,59467.8
shape_R4_1_zabeni,41.358675,21.499213,793,59508.5
shape_R4_1_zabeni,41.359009,21.498832,794,59557.4
shape_R4_1_zabeni,41.359313,21.498497,795,59601.2
shape_R4_1_zabeni,41.359742,21.498078,796,59660.4
shape_R4_1_zabeni,41.360138,21.497743,797,59712.5
shape_R4_1_zabeni,41.360732,21.497322,798,59787.4
shape_R4_1_zabeni,41.361274,21.497003,799,59853.2
shape_R4_1_zabeni,41.361701,21.496796,800,59903.8
shape_R4_1_zabeni,41.362214,21.496595,801,59963.2
shape_R4_1_zabeni,41.362488,21.496507,802,59994.6
shape_R4_1_zabeni,41.362530,21.496488,803,59999.5
shape_R4_1_zabeni,41.362989,21.496370,804,60051.5
shape_R4_1_zabeni,41.363618,21.496219,805,60122.5
shape_R4_1_zabeni,41.364327,21.496042,806,60202.8
shape_R4_1_zabeni,41.364829,21.495921,807,60259.5
shape_R4_1_zabeni,41.365296,21.495797,808,60312.4
shape_R4_1_zabeni,41.365671,21.495702,809,60354.9
shape_R4_1_zabeni,41.365989,21.495552,810,60392.4
shape_R4_1_zabeni,41.366298,21.495387,811,60429.4
shape_R4_1_zabeni,41.366527,21.495251,812,60457.3
shape_R4_1_zabeni,41.366805,21.495019,813,60493.8
shape_R4_1_zabeni,41.367158,21.494739,814,60539.4
shape_R4_1_zabeni,41.367804,21.494201,815,60624.1
shape_R4_1_zabeni,41.368285,21.493809,816,60686.8
shape_R4_1_zabeni,41.368529,21.493631,817,60717.8
shape_R4_1_zabeni,41.368752,21.493497,818,60745.0
shape_R4_1_zabeni,41.369007,21.493380,819,60775.0
shape_R4_1_zabeni,41.369376,21.493239,820,60817.6
shape_R4_1_zabeni,41.370725,21.492869,821,60970.8
shape_R4_1_zabeni,41.370789,21.492858,822,60978.0
shape_R4_1_zabeni,41.372090,21.492483,823,61126.0
shape_R4_1_zabeni,41.372734,21.492316,824,61198.9
shape_R4_1_zabeni,41.373151,21.492249,825,61245.6
shape_R4_1_zabeni,41.373572,21.492213,826,61292.5
shape_R4_1_zabeni,41.374067,21.492274,827,61347.8
shape_R4_1_zabeni,41.374442,21.492348,828,61390.0
shape_R4_1_zabeni,41.374976,21.492547,829,61451.6
shape_R4_1_zabeni,41.375378,21.492746,830,61499.3
shape_R4_1_zabeni,41.375873,21.493081,831,61561.0
shape_R4_1_zabeni,41.376437,21.493464,832,61631.4
shape_R4_1_zabeni,41.376506,21.493502,833,61639.7
shape_R4_1_zabeni,41.376707,21.493641,834,61664.9
shape_R4_1_zabeni,41.377013,21.493818,835,61702.0
shape_R4_1_zabeni,41.377355,21.493947,836,61741.5
shape_R4_1_zabeni,41.377769,21.494060,837,61788.5
shape_R4_1_zabeni,41.378184,21.494097,838,61834.8
shape_R4_1_zabeni,41.378571,21.494065,839,61877.9
shape_R4_1_zabeni,41.378856,21.494017,840,61909.8
shape_R4_1_zabeni,41.379504,21.493818,841,61983.8
shape_R4_1_zabeni,41.380527,21.493470,842,62101.2
shape_R4_1_zabeni,41.381188,21.493246,843,62177.0
shape_R4_1_zabeni,41.381336,21.493196,844,62194.0
shape_R4_1_zabeni,41.381392,21.493180,845,62200.4
shape_R4_1_zabeni,41.381923,21.492998,846,62261.3
shape_R4_1_zabeni,41.382162,21.492942,847,62288.3
shape_R4_1_zabeni,41.383059,21.492617,848,62391.7
shape_R4_1_zabeni,41.383188,21.492570,849,62406.5
shape_R4_1_zabeni,41.383378,21.492502,850,62428.4
shape_R4_1_zabeni,41.383893,21.492287,851,62488.4
shape_R4_1_zabeni,41.384431,21.491984,852,62553.4
shape_R4_1_zabeni,41.384774,21.491805,853,62594.3
shape_R4_1_zabeni,41.385881,21.491058,854,62732.3
shape_R4_1_zabeni,41.385946,21.491009,855,62740.6
shape_R4_1_zabeni,41.386413,21.490695,856,62798.8
shape_R4_1_zabeni,41.387678,21.489850,857,62956.1
shape_R4_1_zabeni,41.388189,21.489503,858,63019.9
shape_R4_1_zabeni,41.389593,21.488592,859,63193.5
shape_R4_1_zabeni,41.390269,21.488144,860,63277.4
shape_R4_1_zabeni,41.391071,21.487602,861,63377.4
shape_R4_1_zabeni,41.391730,21.487154,862,63459.7
shape_R4_1_zabeni,41.392234,21.486752,863,63525.0
shape_R4_1_zabeni,41.392539,21.486481,864,63565.8
shape_R4_1_zabeni,41.393117,21.485900,865,63646.2
shape_R4_1_zabeni,41.393680,21.485221,866,63730.7
shape_R4_1_zabeni,41.394150,21.484573,867,63805.9
shape_R4_1_zabeni,41.394814,21.483651,868,63912.5
shape_R4_1_zabeni,41.395637,21.482509,869,64044.6
shape_R4_1_zabeni,41.395894,21.482194,870,64083.4
shape_R4_1_zabeni,41.396438,21.481582,871,64162.5
shape_R4_1_zabeni,41.396858,21.481189,872,64219.6
shape_R4_1_zabeni,41.397134,21.480931,873,64257.1
shape_R4_1_zabeni,41.397171,21.480899,874,64262.0
shape_R4_1_zabeni,41.397567,21.480598,875,64312.7
shape_R4_1_zabeni,41.397944,21.480326,876,64360.3
shape_R4_1_zabeni,41.398727,21.479866,877,64455.5
shape_R4_1_zabeni,41.399898,21.479197,878,64597.1
shape_R4_1_zabeni,41.400997,21.478577,879,64729.8
shape_R4_1_zabeni,41.402250,21.477863,880,64881.4
shape_R4_1_zabeni,41.402648,21.477689,881,64927.9
shape_R4_1_zabeni,41.402852,21.477608,882,64951.6
shape_R4_1_zabeni,41.403274,21.477498,883,64999.4
shape_R4_1_zabeni,41.403516,21.477463,884,65026.5
shape_R4_1_zabeni,41.403609,21.477456,885,65036.8
shape_R4_1_zabeni,41.403911,21.477456,886,65070.4
shape_R4_1_zabeni,41.404278,21.477456,887,65111.2
shape_R4_1_zabeni,41.404961,21.477562,888,65187.7
shape_R4_1_zabeni,41.406266,21.477785,889,65334.0
shape_R4_1_zabeni,41.406324,21.477788,890,65340.4
shape_R4_1_zabeni,41.407025,21.477846,891,65418.5
shape_R4_1_zabeni,41.407537,21.477851,892,65475.5
shape_R4_1_zabeni,41.408111,21.477814,893,65539.4
shape_R4_1_zabeni,41.408422,21.477777,894,65574.1
shape_R4_1_zabeni,41.408501,21.477769,895,65582.9
shape_R4_1_zabeni,41.408876,21.477708,896,65624.9
shape_R4_1_zabeni,41.409441,21.477578,897,65688.7
shape_R4_1_zabeni,41.409817,21.477474,898,65731.4
shape_R4_1_zabeni,41.409878,21.477455,899,65738.3
shape_R4_1_zabeni,41.410512,21.477311,900,65809.8
shape_R4_1_zabeni,41.411402,21.477085,901,65910.6
shape_R4_1_zabeni,41.411886,21.476951,902,65965.5
shape_R4_1_zabeni,41.413877,21.476409,903,66191.5
shape_R4_1_zabeni,41.414057,21.476361,904,66211.9
shape_R4_1_zabeni,41.414233,21.476314,905,66231.9
shape_R4_1_zabeni,41.414668,21.476233,906,66280.7
shape_R4_1_zabeni,41.415070,21.476182,907,66325.6
shape_R4_1_zabeni,41.415116,21.476177,908,66330.7
shape_R4_1_zabeni,41.415488,21.476180,909,66372.1
shape_R4_1_zabeni,41.415766,21.476177,910,66403.0
shape_R4_1_zabeni,41.416190,21.476209,911,66450.2
shape_R4_1_zabeni,41.416601,21.476247,912,66496.1
shape_R4_1_zabeni,41.417108,21.476343,913,66553.0
shape_R4_1_zabeni,41.417468,21.476445,914,66593.9
shape_R4_1_zabeni,41.417958,21.476593,915,66649.8
shape_R4_1_zabeni,41.418588,21.476788,916,66721.7
shape_R4_1_zabeni,41.419342,21.477019,917,66807.7
shape_R4_1_zabeni,41.420008,21.477228,918,66883.8
shape_R4_1_zabeni,41.420774,21.477467,919,66971.3
shape_R4_1_zabeni,41.421631,21.477738,920,67069.2
shape_R4_1_zabeni,41.422291,21.477953,921,67144.8
shape_R4_1_zabeni,41.422860,21.478130,922,67209.7
shape_R4_1_zabeni,41.423783,21.478419,923,67315.2
shape_R4_1_zabeni,41.423864,21.478449,924,67324.5
shape_R4_1_zabeni,41.424511,21.478647,925,67398.3
shape_R4_1_zabeni,41.425100,21.478841,926,67465.8
shape_R4_1_zabeni,41.425633,21.479005,927,67526.6
shape_R4_1_zabeni,41.425975,21.479109,928,67565.6
shape_R4_1_zabeni,41.426667,21.479332,929,67644.8
shape_R4_1_zabeni,41.427006,21.479426,930,67683.3
shape_R4_1_zabeni,41.427382,21.479479,931,67725.3
shape_R4_1_zabeni,41.427778,21.479516,932,67769.5
shape_R4_1_zabeni,41.428244,21.479504,933,67821.3
shape_R4_1_zabeni,41.428656,21.479451,934,67867.3
shape_R4_1_zabeni,41.429003,21.479386,935,67906.3
shape_R4_1_zabeni,41.429357,21.479284,936,67946.5
shape_R4_1_zabeni,41.429652,21.479166,937,67980.8
shape_R4_1_zabeni,41.429759,21.479125,938,67993.2
shape_R4_1_zabeni,41.430171,21.478914,939,68042.2
shape_R4_1_zabeni,41.430546,21.478695,940,68087.8
shape_R4_1_zabeni,41.430853,21.478479,941,68126.4
shape_R4_1_zabeni,41.431201,21.478174,942,68172.7
shape_R4_1_zabeni,41.431503,21.477890,943,68213.7
shape_R4_1_zabeni,41.431564,21.477829,944,68222.2
shape_R4_1_zabeni,41.431929,21.477475,945,68272.4
shape_R4_1_zabeni,41.432304,21.477081,946,68325.5
shape_R4_1_zabeni,41.433167,21.476198,947,68446.4
shape_R4_1_zabeni,41.434029,21.475324,948,68566.8
shape_R4_1_zabeni,41.434499,21.474877,949,68631.0
shape_R4_1_zabeni,41.434947,21.474495,950,68690.1
shape_R4_1_zabeni,41.435377,21.474166,951,68745.3
shape_R4_1_zabeni,41.435526,21.474056,952,68764.2
shape_R4_1_zabeni,41.435593,21.474011,953,68772.5
shape_R4_1_zabeni,41.435876,21.473828,954,68807.5
shape_R4_1_zabeni,41.436281,21.473587,955,68856.8
shape_R4_1_zabeni,41.436650,21.473393,956,68900.9
shape_R4_1_zabeni,41.437006,21.473211,957,68943.3
shape_R4_1_zabeni,41.437061,21.473183,958,68949.9
shape_R4_1_zabeni,41.437405,21.473026,959,68990.3
shape_R4_1_zabeni,41.438321,21.472600,960,69098.2
shape_R4_1_zabeni,41.438639,21.472450,961,69135.7
shape_R4_1_zabeni,41.439696,21.471967,962,69259.9
shape_R4_1_zabeni,41.441399,21.471176,963,69460.4
shape_R4_1_zabeni,41.441503,21.471133,964,69472.5
shape_R4_1_zabeni,41.441565,21.471108,965,69479.7
shape_R4_1_zabeni,41.441948,21.470924,966,69525.0
shape_R4_1_zabeni,41.443326,21.470291,967,69687.1
shape_R4_1_zabeni,41.443913,21.470023,968,69756.0
shape_R4_1_zabeni,41.444013,21.469980,969,69767.7
shape_R4_1_zabeni,41.445429,21.469315,970,69934.6
shape_R4_1_zabeni,41.446535,21.468805,971,70064.8
shape_R4_1_zabeni,41.447900,21.468172,972,70225.5
shape_R4_1_zabeni,41.447968,21.468140,973,70233.5
shape_R4_1_zabeni,41.450517,21.466960,974,70533.5
shape_R4_1_zabeni,41.451712,21.466407,975,70674.1
shape_R4_1_zabeni,41.454337,21.465184,976,70983.3
shape_R4_1_zabeni,41.454450,21.465120,977,70997.0
shape_R4_1_zabeni,41.454836,21.464895,978,71043.8
shape_R4_1_zabeni,41.455222,21.464664,979,71090.8
shape_R4_1_zabeni,41.455612,21.464358,980,71141.1
shape_R4_1_zabeni,41.456645,21.463516,981,71275.7
shape_R4_1_zabeni,41.457304,21.462958,982,71362.5
shape_R4_1_zabeni,41.457721,21.462539,983,71420.6
shape_R4_1_zabeni,41.458102,21.462088,984,71477.2
shape_R4_1_zabeni,41.458452,21.461641,985,71531.1
shape_R4_1_zabeni,41.458879,21.460974,986,71604.2
shape_R4_1_zabeni,41.459145,21.460515,987,71652.5
shape_R4_1_zabeni,41.459390,21.460015,988,71702.3
shape_R4_1_zabeni,41.459868,21.459077,989,71796.8
shape_R4_1_zabeni,41.460995,21.456782,990,72025.5
shape_R4_1_zabeni,41.462245,21.454236,991,72279.1
shape_R4_1_zabeni,41.462522,21.453630,992,72338.3
shape_R4_1_zabeni,41.463305,21.452051,993,72496.0
shape_R4_1_zabeni,41.463548,21.451614,994,72541.4
shape_R4_1_zabeni,41.463834,21.451195,995,72588.6
shape_R4_1_zabeni,41.464030,21.450945,996,72618.8
shape_R4_1_zabeni,41.464130,21.450834,997,72633.2
shape_R4_1_zabeni,41.464331,21.450622,998,72661.7
shape_R4_1_zabeni,41.464571,21.450409,999,72693.8
shape_R4_1_zabeni,41.464807,21.450222,1000,72724.3
shape_R4_1_zabeni,41.465024,21.450070,1001,72751.5
shape_R4_1_zabeni,41.465324,21.449893,1002,72788.0
shape_R4_1_zabeni,41.465616,21.449744,1003,72822.8
shape_R4_1_zabeni,41.466286,21.449445,1004,72901.3
shape_R4_1_zabeni,41.466480,21.449358,1005,72924.1
shape_R4_1_zabeni,41.467319,21.448980,1006,73022.5
shape_R4_1_zabeni,41.467968,21.448691,1007,73098.6
shape_R4_1_zabeni,41.469287,21.448106,1008,73253.2
shape_R4_1_zabeni,41.470484,21.447573,1009,73393.5
shape_R4_1_zabeni,41.470551,21.447541,1010,73401.4
shape_R4_1_zabeni,41.471270,21.447232,1011,73485.4
shape_R4_1_zabeni,41.472078,21.446869,1012,73580.2
shape_R4_1_zabeni,41.473513,21.446354,1013,73745.4
shape_R4_1_zabeni,41.474083,21.446155,1014,73810.9
shape_R4_1_zabeni,41.475554,21.445667,1015,73979.5
shape_R4_1_zabeni,41.476611,21.445421,1016,74098.8
shape_R4_1_zabeni,41.478223,21.445163,1017,74279.3
shape_R4_1_zabeni,41.478287,21.445158,1018,74286.4
shape_R4_1_zabeni,41.480080,21.444879,1019,74487.2
shape_R4_1_zabeni,41.480167,21.444865,1020,74496.9
shape_R4_1_zabeni,41.480916,21.444767,1021,74580.6
shape_R4_1_zabeni,41.481329,21.444696,1022,74626.9
shape_R4_1_zabeni,41.481879,21.444549,1023,74689.3
shape_R4_1_zabeni,41.482558,21.444344,1024,74766.7
shape_R4_1_zabeni,41.482967,21.444162,1025,74814.6
shape_R4_1_zabeni,41.483058,21.444120,1026,74825.3
shape_R4_1_zabeni,41.483639,21.443825,1027,74894.4
shape_R4_1_zabeni,41.484356,21.443457,1028,74979.9
shape_R4_1_zabeni,41.484475,21.443424,1029,74993.4
shape_R4_1_zabeni,41.486416,21.442369,1030,75226.4
shape_R4_1_zabeni,41.488429,21.441322,1031,75466.6
shape_R4_1_zabeni,41.488498,21.441279,1032,75475.1
shape_R4_1_zabeni,41.488613,21.441229,1033,75488.6
shape_R4_1_zabeni,41.489569,21.440712,1034,75603.3
shape_R4_1_zabeni,41.491210,21.439844,1035,75799.5
shape_R4_1_zabeni,41.492865,21.438980,1036,75997.1
shape_R4_1_zabeni,41.492938,21.438932,1037,76006.2
shape_R4_1_zabeni,41.495373,21.437628,1038,76297.9
shape_R4_1_zabeni,41.495477,21.437580,1039,76310.1
shape_R4_1_zabeni,41.496072,21.437263,1040,76381.4
shape_R4_1_zabeni,41.497008,21.436770,1041,76493.3
shape_R4_1_zabeni,41.497100,21.436727,1042,76504.1
shape_R4_1_zabeni,41.497558,21.436475,1043,76559.2
shape_R4_1_zabeni,41.497811,21.436298,1044,76590.9
shape_R4_1_zabeni,41.498053,21.436126,1045,76621.4
shape_R4_1_zabeni,41.498358,21.435826,1046,76663.5
shape_R4_1_zabeni,41.498579,21.435579,1047,76695.6
shape_R4_1_zabeni,41.498872,21.435134,1048,76744.9
shape_R4_1_zabeni,41.498957,21.434999,1049,76759.6
shape_R4_1_zabeni,41.500218,21.432811,1050,76989.5
shape_R4_1_zabeni,41.500604,21.432258,1051,77052.5
shape_R4_1_zabeni,41.500965,21.431802,1052,77107.8
shape_R4_1_zabeni,41.501343,21.431389,1053,77162.1
shape_R4_1_zabeni,41.501765,21.430987,1054,77219.7
shape_R4_1_zabeni,41.502416,21.430477,1055,77303.6
shape_R4_1_zabeni,41.502914,21.430155,1056,77365.2
shape_R4_1_zabeni,41.503751,21.429677,1057,77466.4
shape_R4_1_zabeni,41.503812,21.429643,1058,77473.7
shape_R4_1_zabeni,41.504356,21.429335,1059,77539.4
shape_R4_1_zabeni,41.504457,21.429286,1060,77551.4
shape_R4_1_zabeni,41.504970,21.428971,1061,77614.2
shape_R4_1_zabeni,41.508145,21.426820,1062,78010.1
shape_R4_1_zabeni,41.508208,21.426778,1063,78017.9
shape_R4_1_zabeni,41.508461,21.426633,1064,78048.5
shape_R4_1_zabeni,41.508915,21.426394,1065,78102.8
shape_R4_1_zabeni,41.509353,21.426247,1066,78153.0
shape_R4_1_zabeni,41.509764,21.426154,1067,78199.3
shape_R4_1_zabeni,41.510257,21.426072,1068,78254.6
shape_R4_1_zabeni,41.510716,21.426104,1069,78305.7
shape_R4_1_zabeni,41.511256,21.426174,1070,78366.0
shape_R4_1_zabeni,41.512433,21.426379,1071,78498.0
shape_R4_1_zabeni,41.512732,21.426459,1072,78531.9
shape_R4_1_zabeni,41.513113,21.426612,1073,78576.1
shape_R4_1_zabeni,41.513352,21.426723,1074,78604.3
shape_R4_1_zabeni,41.513602,21.426857,1075,78634.2
shape_R4_1_zabeni,41.513905,21.427015,1076,78670.4
shape_R4_1_zabeni,41.514185,21.427133,1077,78703.1
shape_R4_1_zabeni,41.514412,21.427208,1078,78729.1
shape_R4_1_zabeni,41.514508,21.427228,1079,78739.9
shape_R4_1_zabeni,41.514858,21.427289,1080,78779.1
shape_R4_1_zabeni,41.515038,21.427305,1081,78799.2
shape_R4_1_zabeni,41.515309,21.427299,1082,78829.3
shape_R4_1_zabeni,41.515610,21.427269,1083,78862.9
shape_R4_1_zabeni,41.516043,21.427155,1084,78911.9
shape_R4_1_zabeni,41.516112,21.427128,1085,78919.9
shape_R4_1_zabeni,41.516586,21.426950,1086,78974.7
shape_R4_1_zabeni,41.517671,21.426525,1087,79100.4
shape_R4_1_zabeni,41.517891,21.426438,1088,79125.9
shape_R4_1_zabeni,41.519183,21.425934,1089,79275.6
shape_R4_1_zabeni,41.519230,21.425917,1090,79281.0
shape_R4_1_zabeni,41.519311,21.425889,1091,79290.3
shape_R4_1_zabeni,41.520105,21.425576,1092,79382.4
shape_R4_1_zabeni,41.521003,21.425226,1093,79486.4
shape_R4_1_zabeni,41.522215,21.424752,1094,79626.8
shape_R4_1_zabeni,41.522517,21.424649,1095,79661.5
shape_R4_1_zabeni,41.522879,21.424565,1096,79702.3
shape_R4_1_zabeni,41.523136,21.424540,1097,79731.0
shape_R4_1_zabeni,41.523359,21.424545,1098,79755.8
shape_R4_1_zabeni,41.523635,21.424585,1099,79786.6
shape_R4_1_zabeni,41.523915,21.424662,1100,79818.4
shape_R4_1_zabeni,41.524137,21.424762,1101,79844.5
shape_R4_1_zabeni,41.524415,21.424926,1102,79878.3
shape_R4_1_zabeni,41.524597,21.425060,1103,79901.4
shape_R4_1_zabeni,41.524811,21.425253,1104,79930.1
shape_R4_1_zabeni,41.525291,21.425745,1105,79997.4
shape_R4_1_zabeni,41.525506,21.425971,1106,80027.8
shape_R4_1_zabeni,41.525765,21.426244,1107,80064.5
shape_R4_1_zabeni,41.526032,21.426500,1108,80101.0
shape_R4_1_zabeni,41.526193,21.426626,1109,80121.8
shape_R4_1_zabeni,41.526355,21.426735,1110,80142.0
shape_R4_1_zabeni,41.526518,21.426825,1111,80161.6
shape_R4_1_zabeni,41.526605,21.426869,1112,80171.9
shape_R4_1_zabeni,41.526690,21.426907,1113,80181.9
shape_R4_1_zabeni,41.526773,21.426940,1114,80191.5
shape_R4_1_zabeni,41.526860,21.426973,1115,80201.6
shape_R4_1_zabeni,41.527060,21.427025,1116,80224.2
shape_R4_1_zabeni,41.527222,21.427055,1117,80242.4
shape_R4_1_zabeni,41.527885,21.427148,1118,80316.5
shape_R4_1_zabeni,41.528616,21.427226,1119,80398.1
shape_R4_1_zabeni,41.529176,21.427300,1120,80460.6
shape_R4_1_zabeni,41.529563,21.427342,1121,80503.8
shape_R4_1_zabeni,41.529635,21.427348,1122,80511.8
shape_R4_1_zabeni,41.529773,21.427357,1123,80527.2
shape_R4_1_zabeni,41.529984,21.427356,1124,80550.7
shape_R4_1_zabeni,41.530105,21.427351,1125,80564.1
shape_R4_1_zabeni,41.530274,21.427335,1126,80583.0
shape_R4_1_zabeni,41.530415,21.427308,1127,80598.8
shape_R4_1_zabeni,41.530669,21.427246,1128,80627.5
shape_R4_1_zabeni,41.530905,21.427162,1129,80654.7
shape_R4_1_zabeni,41.531141,21.427056,1130,80682.4
shape_R4_1_zabeni,41.531409,21.426907,1131,80714.6
shape_R4_1_zabeni,41.531471,21.426867,1132,80722.3
shape_R4_1_zabeni,41.532021,21.426479,1133,80791.5
shape_R4_1_zabeni,41.532081,21.426436,1134,80799.0
shape_R4_1_zabeni,41.532517,21.426137,1135,80853.5
shape_R4_1_zabeni,41.533441,21.425479,1136,80970.0
shape_R4_1_zabeni,41.533768,21.425255,1137,81010.8
shape_R4_1_zabeni,41.533964,21.425121,1138,81035.3
shape_R4_1_zabeni,41.534141,21.425019,1139,81056.7
shape_R4_1_zabeni,41.534322,21.424929,1140,81078.2
shape_R4_1_zabeni,41.534575,21.424827,1141,81107.6
shape_R4_1_zabeni,41.534807,21.424763,1142,81133.9
shape_R4_1_zabeni,41.534875,21.424745,1143,81141.6
shape_R4_1_zabeni,41.535066,21.424712,1144,81163.1
shape_R4_1_zabeni,41.535240,21.424695,1145,81182.5
shape_R4_1_zabeni,41.535421,21.424683,1146,81202.6
shape_R4_1_zabeni,41.535607,21.424681,1147,81223.3
shape_R4_1_zabeni,41.535797,21.424701,1148,81244.5
shape_R4_1_zabeni,41.536012,21.424731,1149,81268.5
shape_R4_1_zabeni,41.536226,21.424780,1150,81292.7
shape_R4_1_zabeni,41.536419,21.424839,1151,81314.7
shape_R4_1_zabeni,41.536617,21.424924,1152,81337.8
shape_R4_1_zabeni,41.536798,21.425013,1153,81359.3
shape_R4_1_zabeni,41.536979,21.425117,1154,81381.2
shape_R4_1_zabeni,41.537165,21.425238,1155,81404.2
shape_R4_1_zabeni,41.537386,21.425410,1156,81432.6
shape_R4_1_zabeni,41.537598,21.425594,1157,81460.7
shape_R4_1_zabeni,41.537810,21.425805,1158,81490.1
shape_R4_1_zabeni,41.538192,21.426202,1159,81543.9
shape_R4_1_zabeni,41.538608,21.426631,1160,81602.4
shape_R4_1_zabeni,41.538818,21.426827,1161,81630.8
shape_R4_1_zabeni,41.539016,21.426994,1162,81656.9
shape_R4_1_zabeni,41.539216,21.427133,1163,81682.0
shape_R4_1_zabeni,41.539561,21.427330,1164,81723.7
shape_R4_1_zabeni,41.539806,21.427437,1165,81752.3
shape_R4_1_zabeni,41.540058,21.427520,1166,81781.2
shape_R4_1_zabeni,41.540912,21.427754,1167,81878.1
shape_R4_1_zabeni,41.541286,21.427862,1168,81920.7
shape_R4_1_zabeni,41.541507,21.427950,1169,81946.3
shape_R4_1_zabeni,41.541710,21.428042,1170,81970.2
shape_R4_1_zabeni,41.541931,21.428185,1171,81997.5
shape_R4_1_zabeni,41.542060,21.428276,1172,82013.7
shape_R4_1_zabeni,41.542220,21.428415,1173,82034.9
shape_R4_1_zabeni,41.542345,21.428536,1174,82052.1
shape_R4_1_zabeni,41.542467,21.428673,1175,82069.8
shape_R4_1_zabeni,41.542612,21.428857,1176,82092.0
shape_R4_1_zabeni,41.542746,21.429056,1177,82114.3
shape_R4_1_zabeni,41.542950,21.429416,1178,82151.9
shape_R4_1_zabeni,41.543089,21.429706,1179,82180.5
shape_R4_1_zabeni,41.543233,21.430030,1180,82211.9
shape_R4_1_zabeni,41.543615,21.430893,1181,82295.3
shape_R4_1_zabeni,41.543718,21.431113,1182,82316.9
shape_R4_1_zabeni,41.543815,21.431302,1183,82336.0
shape_R4_1_zabeni,41.543903,21.431464,1184,82352.7
shape_R4_1_zabeni,41.543991,21.431604,1185,82367.9
shape_R4_1_zabeni,41.544096,21.431760,1186,82385.3
shape_R4_1_zabeni,41.544195,21.431889,1187,82400.7
shape_R4_1_zabeni,41.544401,21.432120,1188,82430.6
shape_R4_1_zabeni,41.544533,21.432246,1189,82448.7
shape_R4_1_zabeni,41.544671,21.432362,1190,82466.8
shape_R4_1_zabeni,41.544898,21.432518,1191,82495.2
shape_R4_1_zabeni,41.545168,21.432662,1192,82527.5
shape_R4_1_zabeni,41.545266,21.432703,1193,82538.9
shape_R4_1_zabeni,41.545485,21.432804,1194,82564.7
shape_R4_1_zabeni,41.545786,21.432855,1195,82598.4
shape_R4_1_zabeni,41.546179,21.432858,1196,82642.1
shape_R4_1_zabeni,41.546661,21.432837,1197,82695.7
shape_R4_1_zabeni,41.546755,21.432829,1198,82706.2
shape_R4_1_zabeni,41.547140,21.432856,1199,82749.1
shape_R4_1_zabeni,41.547461,21.432829,1200,82784.9
shape_R4_1_zabeni,41.547865,21.432769,1201,82830.1
shape_R4_1_zabeni,41.548272,21.432651,1202,82876.4
shape_R4_1_zabeni,41.548550,21.432568,1203,82908.0
shape_R4_1_zabeni,41.548896,21.432429,1204,82948.2
shape_R4_1_zabeni,41.549493,21.432141,1205,83018.8
shape_R4_1_zabeni,41.549846,21.431929,1206,83061.8
shape_R4_1_zabeni,41.550156,21.431727,1207,83100.2
shape_R4_1_zabeni,41.550511,21.431439,1208,83146.4
shape_R4_1_zabeni,41.550921,21.431083,1209,83200.7
shape_R4_1_zabeni,41.551282,21.430733,1210,83250.3
shape_R4_1_zabeni,41.551504,21.430484,1211,83282.5
shape_R4_1_zabeni,41.551669,21.430335,1212,83304.7
shape_R4_1_zabeni,41.552146,21.429903,1213,83368.8
shape_R4_1_zabeni,41.552451,21.429634,1214,83409.4
shape_R4_1_zabeni,41.552745,21.429325,1215,83451.0
shape_R4_1_zabeni,41.552863,21.429200,1216,83467.7
shape_R4_1_zabeni,41.553356,21.428630,1217,83540.2
shape_R4_1_zabeni,41.553663,21.428229,1218,83588.0
shape_R4_1_zabeni,41.553768,21.428107,1219,83603.4
shape_R4_1_zabeni,41.553978,21.427850,1220,83635.1
shape_R4_1_zabeni,41.554213,21.427584,1221,83669.3
shape_R4_1_zabeni,41.554361,21.427437,1222,83689.8
shape_R4_1_zabeni,41.554434,21.427364,1223,83700.0
shape_R4_1_zabeni,41.554627,21.427193,1224,83725.7
shape_R4_1_zabeni,41.554976,21.426951,1225,83769.5
shape_R4_1_zabeni,41.555349,21.426763,1226,83813.8
shape_R4_1_zabeni,41.555847,21.426570,1227,83871.4
shape_R4_1_zabeni,41.556421,21.426345,1228,83938.0
shape_R4_1_zabeni,41.556718,21.426222,1229,83972.5
shape_R4_1_zabeni,41.556927,21.426082,1230,83998.5
shape_R4_1_zabeni,41.557112,21.425953,1231,84021.7
shape_R4_1_zabeni,41.557333,21.425766,1232,84050.8
shape_R4_1_zabeni,41.557525,21.425594,1233,84076.5
shape_R4_1_zabeni,41.557585,21.425524,1234,84085.4
shape_R4_1_zabeni,41.557758,21.425326,1235,84110.7
shape_R4_1_zabeni,41.558276,21.424645,1236,84191.5
shape_R4_1_zabeni,41.558673,21.424183,1237,84250.0
shape_R4_1_zabeni,41.558938,21.423931,1238,84286.2
shape_R4_1_zabeni,41.559279,21.423690,1239,84329.1
shape_R4_1_zabeni,41.559604,21.423497,1240,84368.6
shape_R4_1_zabeni,41.560006,21.423352,1241,84414.9
shape_R4_1_zabeni,41.560427,21.423244,1242,84462.6
shape_R4_1_zabeni,41.560829,21.423218,1243,84507.4
shape_R4_1_zabeni,41.561222,21.423207,1244,84551.1
shape_R4_1_zabeni,41.561656,21.423282,1245,84599.7
shape_R4_1_zabeni,41.562121,21.423448,1246,84653.2
shape_R4_1_zabeni,41.562543,21.423695,1247,84704.5
shape_R4_1_zabeni,41.562912,21.423990,1248,84752.3
shape_R4_1_zabeni,41.563221,21.424307,1249,84795.6
shape_R4_1_zabeni,41.563433,21.424572,1250,84827.9
shape_R4_1_zabeni,41.577847,21.442724,1251,87029.9
shape_R4_1_zabeni,41.579106,21.444698,1252,87245.7
shape_R4_1_zabeni,41.579512,21.445589,1253,87332.5
shape_R4_1_zabeni,41.580073,21.446830,1254,87453.1
shape_R4_1_zabeni,41.580466,21.447934,1255,87554.8
shape_R4_1_zabeni,41.580993,21.449801,1256,87720.8
shape_R4_1_zabeni,41.581442,21.451394,1257,87862.4
shape_R4_1_zabeni,41.581725,21.452089,1258,87928.2
shape_R4_1_zabeni,41.582226,21.452810,1259,88010.0
shape_R4_1_zabeni,41.582845,21.453360,1260,88092.7
shape_R4_1_zabeni,41.583373,21.453529,1261,88153.1
shape_R4_1_zabeni,41.583901,21.453597,1262,88212.0
shape_R4_1_zabeni,41.584455,21.453616,1263,88273.7
shape_R4_1_zabeni,41.584660,21.453590,1264,88296.6
shape_R4_1_zabeni,41.584848,21.453535,1265,88318.0
shape_R4_1_zabeni,41.585415,21.453241,1266,88385.6
shape_R4_1_zabeni,41.585627,21.453178,1267,88409.7
shape_R4_1_zabeni,41.585984,21.453103,1268,88449.9
shape_R4_1_zabeni,41.586357,21.453095,1269,88491.4
shape_R4_1_zabeni,41.586757,21.453183,1270,88536.5
shape_R4_1_zabeni,41.587149,21.453364,1271,88582.6
shape_R4_1_zabeni,41.587487,21.453666,1272,88627.8
shape_R4_1_zabeni,41.587777,21.454006,1273,88670.7
shape_R4_1_zabeni,41.588821,21.455125,1274,88819.5
shape_R4_1_zabeni,41.589306,21.455419,1275,88878.7
shape_R4_1_zabeni,41.589683,21.455509,1276,88921.3
shape_R4_1_zabeni,41.590162,21.455547,1277,88974.6
shape_R4_1_zabeni,41.590659,21.455495,1278,89030.0
shape_R4_1_zabeni,41.591249,21.455216,1279,89099.6
shape_R4_1_zabeni,41.592765,21.453882,1280,89301.4
shape_R4_1_zabeni,41.593452,21.453574,1281,89382.0
shape_R4_1_zabeni,41.594052,21.453467,1282,89449.3
shape_R4_1_zabeni,41.594901,21.453518,1283,89543.8
shape_R4_1_zabeni,41.595599,21.453455,1284,89621.6
shape_R4_1_zabeni,41.596447,21.453091,1285,89720.6
shape_R4_1_zabeni,41.597761,21.452025,1286,89891.5
shape_R4_1_zabeni,41.598426,21.451744,1287,89969.1
shape_R4_1_zabeni,41.599009,21.451706,1288,90034.0
shape_R4_1_zabeni,41.601045,21.451897,1289,90260.9
shape_R4_1_zabeni,41.601655,21.451966,1290,90329.0
shape_R4_1_zabeni,41.602192,21.451963,1291,90388.7
shape_R4_1_zabeni,41.602896,21.451852,1292,90467.5
shape_R4_1_zabeni,41.603670,21.451664,1293,90555.0
shape_R4_1_zabeni,41.604942,21.451084,1294,90704.5
shape_R4_1_zabeni,41.605756,21.450414,1295,90810.7
shape_R4_1_zabeni,41.605797,21.450383,1296,90816.0
shape_R4_1_zabeni,41.606302,21.449998,1297,90880.6
shape_R4_1_zabeni,41.606912,21.449645,1298,90954.5
shape_R4_1_zabeni,41.607722,21.449569,1299,91044.8
shape_R4_1_zabeni,41.609185,21.449879,1300,91209.5
shape_R4_1_zabeni,41.611900,21.450556,1301,91516.6
shape_R4_1_zabeni,41.612491,21.450562,1302,91582.3
shape_R4_1_zabeni,41.612909,21.450445,1303,91629.8
shape_R4_1_zabeni,41.613540,21.449908,1304,91713.0
shape_R4_1_zabeni,41.613921,21.449199,1305,91785.6
shape_R4_1_zabeni,41.614018,21.448995,1306,91805.7
shape_R4_1_zabeni,41.614450,21.448094,1307,91894.6
shape_R4_1_zabeni,41.615521,21.446601,1308,92066.7
shape_R4_1_zabeni,41.615999,21.446300,1309,92125.4
shape_R4_1_zabeni,41.616488,21.446174,1310,92180.8
shape_R4_1_zabeni,41.617164,21.446188,1311,92255.9
shape_R4_1_zabeni,41.617749,21.446358,1312,92322.5
shape_R4_1_zabeni,41.618217,21.446751,1313,92384.0
shape_R4_1_zabeni,41.618605,21.447118,1314,92436.8
shape_R4_1_zabeni,41.618882,21.447565,1315,92485.1
shape_R4_1_zabeni,41.619102,21.448123,1316,92537.5
shape_R4_1_zabeni,41.619182,21.448553,1317,92574.3
shape_R4_1_zabeni,41.619195,21.449135,1318,92622.7
shape_R4_1_zabeni,41.619042,21.449621,1319,92666.6
shape_R4_1_zabeni,41.618974,21.449876,1320,92689.1
shape_R4_1_zabeni,41.618677,21.450534,1321,92753.0
shape_R4_1_zabeni,41.618201,21.451327,1322,92837.5
shape_R4_1_zabeni,41.617747,21.451842,1323,92903.7
shape_R4_1_zabeni,41.617299,21.452056,1324,92956.6
shape_R4_1_zabeni,41.616431,21.452242,1325,93054.3
shape_R4_1_zabeni,41.615376,21.452154,1326,93171.9
shape_R4_1_zabeni,41.614890,21.452260,1327,93226.6
shape_R4_1_zabeni,41.614408,21.452449,1328,93282.5
shape_R4_1_zabeni,41.612733,21.453315,1329,93482.2
shape_R4_1_zabeni,41.612145,21.453799,1330,93558.9
shape_R4_1_zabeni,41.611050,21.454873,1331,93709.9
shape_R4_1_zabeni,41.608443,21.456477,1332,94029.0
shape_R4_1_zabeni,41.607825,21.456933,1333,94107.5
shape_R4_1_zabeni,41.607260,21.457474,1334,94184.8
shape_R4_1_zabeni,41.605940,21.459520,1335,94409.5
shape_R4_1_zabeni,41.602614,21.463126,1336,94885.6
shape_R4_1_zabeni,41.600822,21.465091,1337,95143.2
shape_R4_1_zabeni,41.599772,21.466274,1338,95295.9
shape_R4_1_zabeni,41.598396,21.468802,1339,95555.9
shape_R4_1_zabeni,41.597753,21.470391,1340,95706.1
shape_R4_1_zabeni,41.597176,21.472203,1341,95869.9
shape_R4_1_zabeni,41.596557,21.474466,1342,96070.3
shape_R4_1_zabeni,41.596378,21.475267,1343,96139.8
shape_R4_1_zabeni,41.596296,21.475877,1344,96191.3
shape_R4_1_zabeni,41.596167,21.476495,1345,96244.7
shape_R4_1_zabeni,41.595721,21.477941,1346,96374.8
shape_R4_1_zabeni,41.595620,21.478267,1347,96404.1
shape_R4_1_zabeni,41.595566,21.478524,1348,96426.3
shape_R4_1_zabeni,41.595530,21.478741,1349,96444.8
shape_R4_1_zabeni,41.595501,21.478994,1350,96466.1
shape_R4_1_zabeni,41.595493,21.479257,1351,96488.0
shape_R4_1_zabeni,41.595495,21.479583,1352,96515.1
shape_R4_1_zabeni,41.595526,21.480015,1353,96551.2
shape_R4_1_zabeni,41.595594,21.480475,1354,96590.2
shape_R4_1_zabeni,41.595616,21.480595,1355,96600.4
shape_R4_1_zabeni,41.595836,21.483073,1356,96807.9
shape_R4_1_zabeni,41.595851,21.483252,1357,96822.9
shape_R4_1_zabeni,41.595903,21.483881,1358,96875.5
shape_R4_1_zabeni,41.596264,21.488231,1359,97239.5
shape_R4_1_zabeni,41.596285,21.488825,1360,97288.9
shape_R4_1_zabeni,41.596322,21.489282,1361,97327.2
shape_R4_1_zabeni,41.596328,21.489458,1362,97341.8
shape_R4_1_zabeni,41.596321,21.489729,1363,97364.4
shape_R4_1_zabeni,41.596290,21.490128,1364,97397.7
shape_R4_1_zabeni,41.596219,21.490511,1365,97430.5
shape_R4_1_zabeni,41.596115,21.490918,1366,97466.3
shape_R4_1_zabeni,41.595982,21.491373,1367,97506.9
shape_R4_1_zabeni,41.595860,21.491773,1368,97542.8
shape_R4_1_zabeni,41.595775,21.492090,1369,97570.8
shape_R4_1_zabeni,41.595704,21.492431,1370,97600.3
shape_R4_1_zabeni,41.595661,21.492825,1371,97633.4
shape_R4_1_zabeni,41.595652,21.493170,1372,97662.1
shape_R4_1_zabeni,41.595670,21.493569,1373,97695.3
shape_R4_1_zabeni,41.595720,21.493993,1374,97731.0
shape_R4_1_zabeni,41.595809,21.494420,1375,97767.9
shape_R4_1_zabeni,41.595897,21.494853,1376,97805.2
shape_R4_1_zabeni,41.595983,21.495230,1377,97838.0
shape_R4_1_zabeni,41.596010,21.495870,1378,97891.3
shape_R4_1_zabeni,41.595961,21.496560,1379,97948.9
shape_R4_1_zabeni,41.595743,21.497429,1380,98025.1
shape_R4_1_zabeni,41.595248,21.498902,1381,98159.4
shape_R4_1_zabeni,41.595195,21.499631,1382,98220.3
shape_R4_1_zabeni,41.595239,21.502191,1383,98433.3
shape_R4_1_zabeni,41.595263,21.503153,1384,98513.3
shape_R4_1_zabeni,41.595188,21.503905,1385,98576.4
shape_R4_1_zabeni,41.594953,21.504576,1386,98638.0
shape_R4_1_zabeni,41.594669,21.505228,1387,98700.8
shape_R4_1_zabeni,41.592398,21.508693,1388,99083.9
shape_R4_1_zabeni,41.591306,21.510533,1389,99279.3
shape_R4_1_zabeni,41.590999,21.511274,1390,99349.7
shape_R4_1_zabeni,41.590757,21.512024,1391,99417.6
shape_R4_1_zabeni,41.590249,21.514688,1392,99646.3
shape_R4_1_zabeni,41.590197,21.514993,1393,99672.3
shape_R4_1_zabeni,41.590075,21.516129,1394,99767.7
shape_R4_1_zabeni,41.590065,21.517209,1395,99857.6
shape_R4_1_zabeni,41.590152,21.518080,1396,99930.6
shape_R4_1_zabeni,41.590364,21.518770,1397,99992.7
shape_R4_1_zabeni,41.590867,21.520237,1398,100126.9
shape_R4_1_zabeni,41.591496,21.521733,1399,100269.6
shape_R4_1_zabeni,41.591736,21.522433,1400,100333.6
shape_R4_1_zabeni,41.591895,21.523145,1401,100395.4
shape_R4_1_zabeni,41.591970,21.523963,1402,100464.0
shape_R4_1_zabeni,41.591988,21.524735,1403,100528.2
shape_R4_1_zabeni,41.591957,21.525675,1404,100606.5
shape_R4_1_zabeni,41.591874,21.526552,1405,100680.0
shape_R4_1_zabeni,41.591660,21.527495,1406,100761.9
shape_R4_1_zabeni,41.591366,21.528415,1407,100845.1
shape_R4_1_zabeni,41.590643,21.530428,1408,101030.8
shape_R4_1_zabeni,41.589705,21.533473,1409,101304.7
shape_R4_1_zabeni,41.589532,21.534405,1410,101384.6
shape_R4_1_zabeni,41.589562,21.535158,1411,101447.3
shape_R4_1_zabeni,41.589712,21.535764,1412,101500.4
shape_R4_1_zabeni,41.590056,21.536545,1413,101575.7
shape_R4_1_zabeni,41.590683,21.537261,1414,101667.4
shape_R4_1_zabeni,41.592078,21.537976,1415,101833.5
shape_R4_1_zabeni,41.592712,21.538570,1416,101919.6
shape_R4_1_zabeni,41.593175,21.539377,1417,102004.2
shape_R4_1_zabeni,41.593392,21.540060,1418,102065.9
shape_R4_1_zabeni,41.593488,21.540630,1419,102114.5
shape_R4_1_zabeni,41.593511,21.541177,1420,102160.1
shape_R4_1_zabeni,41.593468,21.541710,1421,102204.7
shape_R4_1_zabeni,41.593371,21.542207,1422,102247.4
shape_R4_1_zabeni,41.593108,21.543027,1423,102321.6
shape_R4_1_zabeni,41.592150,21.544595,1424,102489.9
shape_R4_1_zabeni,41.591914,21.545215,1425,102547.8
shape_R4_1_zabeni,41.591775,21.545841,1426,102602.1
shape_R4_1_zabeni,41.591721,21.546844,1427,102685.7
shape_R4_1_zabeni,41.592180,21.550584,1428,103000.9
shape_R4_1_zabeni,41.592248,21.551958,1429,103115.4
shape_R4_1_zabeni,41.592197,21.553054,1430,103206.7
shape_R4_1_zabeni,41.592088,21.553691,1431,103261.1
shape_R4_1_zabeni,41.591951,21.554300,1432,103314.0
shape_R4_1_zabeni,41.591805,21.554763,1433,103355.8
shape_R4_1_zabeni,41.591637,21.555216,1434,103397.8
shape_R4_1_zabeni,41.591327,21.555972,1435,103469.5
shape_R4_1_zabeni,41.591132,21.556420,1436,103512.6
shape_R4_1_zabeni,41.590894,21.556844,1437,103556.7
shape_R4_1_zabeni,41.590678,21.557115,1438,103589.6
shape_R4_1_zabeni,41.590450,21.557341,1439,103621.2
shape_R4_1_zabeni,41.590053,21.557606,1440,103670.5
shape_R4_1_zabeni,41.589196,21.558099,1441,103774.3
shape_R4_1_zabeni,41.588910,21.558352,1442,103812.4
shape_R4_1_zabeni,41.588651,21.558632,1443,103849.5
shape_R4_1_zabeni,41.588387,21.559062,1444,103895.7
shape_R4_1_zabeni,41.588168,21.559644,1445,103949.9
shape_R4_1_zabeni,41.588056,21.560192,1446,103997.1
shape_R4_1_zabeni,41.587972,21.560824,1447,104050.5
shape_R4_1_zabeni,41.587790,21.561681,1448,104124.6
shape_R4_1_zabeni,41.587666,21.562106,1449,104162.6
shape_R4_1_zabeni,41.587306,21.562825,1450,104234.5
shape_R4_1_zabeni,41.586177,21.564498,1451,104421.9
shape_R4_1_zabeni,41.585930,21.564860,1452,104462.7
shape_R4_1_zabeni,41.585670,21.565185,1453,104502.3
shape_R4_1_zabeni,41.585474,21.565349,1454,104528.0
shape_R4_1_zabeni,41.585285,21.565476,1455,104551.5
shape_R4_1_zabeni,41.584882,21.565665,1456,104599.0
shape_R4_1_zabeni,41.584289,21.565775,1457,104665.6
shape_R4_1_zabeni,41.583612,21.565753,1458,104740.9
shape_R4_1_zabeni,41.583109,21.565883,1459,104797.8
shape_R4_1_zabeni,41.582651,21.566089,1460,104851.6
shape_R4_1_zabeni,41.582250,21.566443,1461,104905.0
shape_R4_1_zabeni,41.581823,21.567033,1462,104973.3
shape_R4_1_zabeni,41.581668,21.567369,1463,105006.1
shape_R4_1_zabeni,41.581596,21.567524,1464,105021.3
shape_R4_1_zabeni,41.581437,21.568165,1465,105077.4
shape_R4_1_zabeni,41.581395,21.569026,1466,105149.2
shape_R4_1_zabeni,41.581418,21.570010,1467,105231.1
shape_R4_1_zabeni,41.581288,21.571035,1468,105317.6
shape_R4_1_zabeni,41.580998,21.571825,1469,105390.8
shape_R4_1_zabeni,41.580651,21.572449,1470,105455.4
shape_R4_1_zabeni,41.580215,21.572920,1471,105517.8
shape_R4_1_zabeni,41.579777,21.573279,1472,105574.9
shape_R4_1_zabeni,41.579022,21.573796,1473,105669.2
shape_R4_1_zabeni,41.578664,21.573936,1474,105710.7
shape_R4_1_zabeni,41.578404,21.573999,1475,105740.1
shape_R4_1_zabeni,41.578094,21.574029,1476,105774.6
shape_R4_1_zabeni,41.577726,21.574020,1477,105815.6
shape_R4_1_zabeni,41.576694,21.573688,1478,105933.6
shape_R4_1_zabeni,41.576199,21.573580,1479,105989.4
shape_R4_1_zabeni,41.575733,21.573594,1480,106041.2
shape_R4_1_zabeni,41.575268,21.573717,1481,106093.9
shape_R4_1_zabeni,41.574898,21.573951,1482,106139.4
shape_R4_1_zabeni,41.574529,21.574277,1483,106188.6
shape_R4_1_zabeni,41.574030,21.575023,1484,106271.8
shape_R4_1_zabeni,41.573851,21.575634,1485,106326.4
shape_R4_1_zabeni,41.573718,21.576245,1486,106379.4
shape_R4_1_zabeni,41.573400,21.577464,1487,106486.8
shape_R4_1_zabeni,41.572961,21.578309,1488,106572.3
shape_R4_1_zabeni,41.572382,21.578911,1489,106653.9
shape_R4_1_zabeni,41.571616,21.579320,1490,106745.6
shape_R4_1_zabeni,41.570811,21.579596,1491,106838.0
shape_R4_1_zabeni,41.570126,21.579981,1492,106920.7
shape_R4_1_zabeni,41.568775,21.581272,1493,107105.3
shape_R4_1_zabeni,41.568219,21.581779,1494,107180.2
shape_R4_1_zabeni,41.567080,21.582836,1495,107334.4
shape_R4_1_zabeni,41.565092,21.584252,1496,107584.8
shape_R4_1_zabeni,41.562518,21.585660,1497,107894.1
shape_R4_1_zabeni,41.557244,21.588110,1498,108515.0
shape_R4_1_zabeni,41.556997,21.588216,1499,108543.8
shape_R4_1_zabeni,41.556728,21.588413,1500,108577.9
shape_R4_1_zabeni,41.556456,21.588657,1501,108614.3
shape_R4_1_zabeni,41.555385,21.590085,1502,108782.6
shape_R4_1_zabeni,41.554711,21.591069,1503,108893.6
shape_R4_1_zabeni,41.554297,21.591657,1504,108960.7
shape_R4_1_zabeni,41.554005,21.592205,1505,109016.7
shape_R4_1_zabeni,41.553829,21.592661,1506,109059.4
shape_R4_1_zabeni,41.553708,21.593232,1507,109108.8
shape_R4_1_zabeni,41.553687,21.593666,1508,109145.0
shape_R4_1_zabeni,41.553675,21.594024,1509,109174.8
shape_R4_1_zabeni,41.553734,21.594628,1510,109225.5
shape_R4_1_zabeni,41.553833,21.595093,1511,109265.7
shape_R4_1_zabeni,41.554112,21.595973,1512,109345.2
shape_R4_1_zabeni,41.554356,21.596711,1513,109412.4
shape_R4_1_zabeni,41.554426,21.597074,1514,109443.6
shape_R4_1_zabeni,41.554489,21.597548,1515,109483.6
shape_R4_1_zabeni,41.554495,21.598044,1516,109524.9
shape_R4_1_zabeni,41.554451,21.598554,1517,109567.6
shape_R4_1_zabeni,41.554389,21.598895,1518,109596.8
shape_R4_1_zabeni,41.554282,21.599296,1519,109632.3
shape_R4_1_zabeni,41.554093,21.599803,1520,109679.4
shape_R4_1_zabeni,41.553761,21.600369,1521,109739.2
shape_R4_1_zabeni,41.553488,21.600776,1522,109784.7
shape_R4_1_zabeni,41.553058,21.601536,1523,109864.0
shape_R4_1_zabeni,41.552868,21.601989,1524,109907.2
shape_R4_1_zabeni,41.552712,21.602571,1525,109958.6
shape_R4_1_zabeni,41.552589,21.603271,1526,110018.5
shape_R4_1_zabeni,41.552438,21.604340,1527,110109.0
shape_R4_1_zabeni,41.552252,21.605852,1528,110236.5
shape_R4_1_zabeni,41.552175,21.606419,1529,110284.5
shape_R4_1_zabeni,41.551710,21.610093,1530,110594.5
shape_R4_1_zabeni,41.551281,21.613384,1531,110872.5
shape_R4_1_zabeni,41.551246,21.613647,1532,110894.7
shape_R4_1_zabeni,41.551204,21.613968,1533,110921.9
shape_R4_1_zabeni,41.550927,21.616171,1534,111107.7
shape_R4_1_zabeni,41.550857,21.616982,1535,111175.7
shape_R4_1_zabeni,41.550828,21.617714,1536,111236.7
shape_R4_1_zabeni,41.550796,21.618456,1537,111298.5
shape_R4_1_zabeni,41.550700,21.619141,1538,111356.5
shape_R4_1_zabeni,41.550487,21.619853,1539,111420.3
shape_R4_1_zabeni,41.548675,21.624119,1540,111828.5
shape_R4_1_zabeni,41.547484,21.626165,1541,112044.2
shape_R4_1_zabeni,41.547299,21.626653,1542,112089.7
shape_R4_1_zabeni,41.547196,21.627176,1543,112134.8
shape_R4_1_zabeni,41.547108,21.627677,1544,112177.6
shape_R4_1_zabeni,41.547087,21.628088,1545,112211.9
shape_R4_1_zabeni,41.547098,21.628466,1546,112243.3
shape_R4_1_zabeni,41.547228,21.629116,1547,112299.3
shape_R4_1_zabeni,41.547370,21.629545,1548,112338.4
shape_R4_1_zabeni,41.547645,21.630133,1549,112396.1
shape_R4_1_zabeni,41.549619,21.633646,1550,112761.6
shape_R4_1_zabeni,41.551647,21.637440,1551,113149.6
shape_R4_1_zabeni,41.551915,21.638272,1552,113225.0
shape_R4_1_zabeni,41.552003,21.638967,1553,113283.7
shape_R4_1_zabeni,41.551958,21.639755,1554,113349.4
shape_R4_1_zabeni,41.551514,21.641930,1555,113537.0
shape_R4_1_zabeni,41.551352,21.642870,1556,113617.3
shape_R4_1_zabeni,41.551324,21.643387,1557,113660.4
shape_R4_1_zabeni,41.551363,21.643917,1558,113704.7
shape_R4_1_zabeni,41.551580,21.644505,1559,113759.3
shape_R4_1_zabeni,41.551866,21.645032,1560,113813.5
shape_R4_1_zabeni,41.552176,21.645461,1561,113863.1
shape_R4_1_zabeni,41.552551,21.645791,1562,113913.0
shape_R4_1_zabeni,41.553261,21.646087,1563,113995.7
shape_R4_1_zabeni,41.553736,21.646152,1564,114048.8
shape_R4_1_zabeni,41.554210,21.646141,1565,114101.5
shape_R4_1_zabeni,41.554841,21.646265,1566,114172.4
shape_R4_1_zabeni,41.555284,21.646474,1567,114224.7
shape_R4_1_zabeni,41.555700,21.646796,1568,114278.1
shape_R4_1_zabeni,41.556215,21.647444,1569,114356.8
shape_R4_1_zabeni,41.557675,21.650192,1570,114637.2
shape_R4_1_zabeni,41.558545,21.651988,1571,114815.2
shape_R4_1_zabeni,41.559511,21.654909,1572,115081.0
shape_R4_1_zabeni,41.559869,21.655617,1573,115152.1
shape_R4_1_zabeni,41.560015,21.655901,1574,115180.7
shape_R4_1_zabeni,41.560219,21.656191,1575,115213.8
shape_R4_1_zabeni,41.560643,21.656640,1576,115274.0
shape_R4_1_zabeni,41.562336,21.658054,1577,115496.0
shape_R4_1_zabeni,41.563099,21.659131,1578,115619.4
shape_R4_1_zabeni,41.566443,21.665211,1579,116247.2
shape_R4_1_zabeni,41.567179,21.667163,1580,116429.0
shape_R4_1_zabeni,41.567424,21.667884,1581,116494.9
shape_R4_1_zabeni,41.567544,21.668705,1582,116564.5
shape_R4_1_zabeni,41.567514,21.669452,1583,116626.7
shape_R4_1_zabeni,41.567425,21.670087,1584,116680.5
shape_R4_1_zabeni,41.567262,21.670825,1585,116744.5
shape_R4_1_zabeni,41.567196,21.671381,1586,116791.3
shape_R4_1_zabeni,41.567218,21.671850,1587,116830.4
shape_R4_1_zabeni,41.567273,21.672368,1588,116874.0
shape_R4_1_zabeni,41.567406,21.672794,1589,116912.4
shape_R4_1_zabeni,41.567566,21.673157,1590,116947.4
shape_R4_1_zabeni,41.567845,21.673575,1591,116994.0
shape_R4_1_zabeni,41.568160,21.673887,1592,117037.6
shape_R4_1_zabeni,41.568911,21.674390,1593,117131.0
shape_R4_1_zabeni,41.569590,21.674723,1594,117211.4
shape_R4_1_zabeni,41.570025,21.675082,1595,117268.3
shape_R4_1_zabeni,41.570526,21.675673,1596,117342.6
shape_R4_1_zabeni,41.571536,21.676869,1597,117492.6
shape_R4_1_zabeni,41.572146,21.677278,1598,117568.5
shape_R4_1_zabeni,41.572975,21.677579,1599,117664.0
shape_R4_1_zabeni,41.574874,21.677792,1600,117875.9
shape_R4_1_zabeni,41.575490,21.678087,1601,117948.7
shape_R4_1_zabeni,41.576772,21.679015,1602,118110.8
shape_R4_1_zabeni,41.577852,21.679762,1603,118246.0
shape_R4_1_zabeni,41.578044,21.679887,1604,118269.8
shape_R4_1_zabeni,41.580144,21.681286,1605,118530.7
shape_R4_1_zabeni,41.580767,21.681805,1606,118612.3
shape_R4_1_zabeni,41.581315,21.682263,1607,118684.1
shape_R4_1_zabeni,41.581964,21.682620,1608,118762.2
shape_R4_1_zabeni,41.582591,21.682897,1609,118835.6
shape_R4_1_zabeni,41.587634,21.684683,1610,119415.7
shape_R4_1_zabeni,41.588244,21.684881,1611,119485.5
shape_R4_1_zabeni,41.588608,21.684946,1612,119526.3
shape_R4_1_zabeni,41.589000,21.684908,1613,119570.0
shape_R4_1_zabeni,41.590453,21.684368,1614,119737.7
shape_R4_1_zabeni,41.591093,21.684244,1615,119809.6
shape_R4_1_zabeni,41.592746,21.684403,1616,119993.9
shape_R4_1_zabeni,41.595611,21.684853,1617,120314.7
shape_R4_1_zabeni,41.597670,21.685078,1618,120544.4
shape_R4_1_zabeni,41.598794,21.685072,1619,120669.4
shape_R4_1_zabeni,41.599211,21.685022,1620,120715.9
shape_R4_1_zabeni,41.599649,21.684878,1621,120766.1
shape_R4_1_zabeni,41.600455,21.684352,1622,120865.8
shape_R4_1_zabeni,41.601027,21.683951,1623,120937.6
shape_R4_1_zabeni,41.601612,21.683644,1624,121007.5
shape_R4_1_zabeni,41.602213,21.683489,1625,121075.6
shape_R4_1_zabeni,41.602727,21.683442,1626,121132.9
shape_R4_1_zabeni,41.603087,21.683522,1627,121173.4
shape_R4_1_zabeni,41.603472,21.683677,1628,121218.1
shape_R4_1_zabeni,41.603937,21.683949,1629,121274.6
shape_R4_1_zabeni,41.605455,21.685140,1630,121470.3
shape_R4_1_zabeni,41.606507,21.686008,1631,121607.7
shape_R4_1_zabeni,41.607768,21.686986,1632,121769.8
shape_R4_1_zabeni,41.608753,21.687543,1633,121888.7
shape_R4_1_zabeni,41.610097,21.687920,1634,122041.4
shape_R4_1_zabeni,41.611238,21.687874,1635,122168.4
shape_R4_1_zabeni,41.612780,21.687457,1636,122343.3
shape_R4_1_zabeni,41.613579,21.687464,1637,122432.1
shape_R4_1_zabeni,41.614468,21.687673,1638,122532.5
shape_R4_1_zabeni,41.615131,21.687908,1639,122608.8
shape_R4_1_zabeni,41.615956,21.688103,1640,122701.9
shape_R4_1_zabeni,41.616837,21.688099,1641,122799.9
shape_R4_1_zabeni,41.617608,21.688006,1642,122886.0
shape_R4_1_zabeni,41.621490,21.687255,1643,123322.1
shape_R4_1_zabeni,41.623149,21.687053,1644,123507.4
shape_R4_1_zabeni,41.624050,21.687001,1645,123607.6
shape_R4_1_zabeni,41.624905,21.687157,1646,123703.6
shape_R4_1_zabeni,41.626845,21.687792,1647,123925.7
shape_R4_1_zabeni,41.627615,21.687982,1648,124012.7
shape_R4_1_zabeni,41.628565,21.688062,1649,124118.6
shape_R4_1_zabeni,41.629603,21.687878,1650,124235.0
shape_R4_1_zabeni,41.630384,21.687519,1651,124326.8
shape_R4_1_zabeni,41.632090,21.686480,1652,124535.3
shape_R4_1_zabeni,41.633255,21.685733,1653,124678.9
shape_R4_1_zabeni,41.634109,21.685495,1654,124775.9
shape_R4_1_zabeni,41.634672,21.685536,1655,124838.6
shape_R4_1_zabeni,41.635277,21.685770,1656,124908.6
shape_R4_1_zabeni,41.636064,21.686451,1657,125012.8
shape_R4_1_zabeni,41.636724,21.687333,1658,125116.6
shape_R4_1_zabeni,41.637130,21.687889,1659,125181.2
shape_R4_1_zabeni,41.637599,21.688312,1660,125244.1
shape_R4_1_zabeni,41.638470,21.688891,1661,125352.2
shape_R4_1_zabeni,41.640239,21.689893,1662,125565.8
shape_R4_1_zabeni,41.643127,21.691540,1663,125914.9
shape_R4_1_zabeni,41.643678,21.691844,1664,125981.2
shape_R4_1_zabeni,41.644138,21.692105,1665,126036.7
shape_R4_1_zabeni,41.644760,21.692385,1666,126109.7
shape_R4_1_zabeni,41.645476,21.692668,1667,126192.7
shape_R4_1_zabeni,41.646301,21.693030,1668,126289.2
shape_R4_1_zabeni,41.647308,21.693390,1669,126405.1
shape_R4_1_zabeni,41.649395,21.694179,1670,126646.3
shape_R4_1_zabeni,41.649679,21.694289,1671,126679.2
shape_R4_1_zabeni,41.650124,21.694461,1672,126730.7
shape_R4_1_zabeni,41.650594,21.694593,1673,126784.1
shape_R4_1_zabeni,41.651122,21.694624,1674,126842.8
shape_R4_1_zabeni,41.651462,21.694582,1675,126880.8
shape_R4_1_zabeni,41.651894,21.694438,1676,126930.3
shape_R4_1_zabeni,41.652326,21.694197,1677,126982.3
shape_R4_1_zabeni,41.653413,21.693401,1678,127120.1
shape_R4_1_zabeni,41.653761,21.693185,1679,127162.8
shape_R4_1_zabeni,41.654025,21.693063,1680,127193.8
shape_R4_1_zabeni,41.654286,21.692984,1681,127223.6
shape_R4_1_zabeni,41.654625,21.692943,1682,127261.4
shape_R4_1_zabeni,41.654956,21.692979,1683,127298.4
shape_R4_1_zabeni,41.655449,21.693109,1684,127354.2
shape_R4_1_zabeni,41.655969,21.693437,1685,127418.2
shape_R4_1_zabeni,41.656474,21.694059,1686,127494.5
shape_R4_1_zabeni,41.656866,21.694756,1687,127567.0
shape_R4_1_zabeni,41.657187,21.695260,1688,127622.0
shape_R4_1_zabeni,41.657652,21.695723,1689,127686.4
shape_R4_1_zabeni,41.658237,21.696076,1690,127757.8
shape_R4_1_zabeni,41.659041,21.696354,1691,127850.1
shape_R4_1_zabeni,41.659276,21.696494,1692,127878.7
shape_R4_1_zabeni,41.659369,21.696564,1693,127890.6
shape_R4_1_zabeni,41.659441,21.696634,1694,127900.5
shape_R4_1_zabeni,41.659594,21.696792,1695,127922.0
shape_R4_1_zabeni,41.659709,21.696921,1696,127938.6
shape_R4_1_zabeni,41.659813,21.697057,1697,127954.8
shape_R4_1_zabeni,41.659919,21.697208,1698,127972.0
shape_R4_1_zabeni,41.660000,21.697343,1699,127986.4
shape_R4_1_zabeni,41.660081,21.697498,1700,128002.1
shape_R4_1_zabeni,41.660210,21.697806,1701,128031.4
shape_R4_1_zabeni,41.660266,21.697968,1702,128046.3
shape_R4_1_zabeni,41.660312,21.698127,1703,128060.4
shape_R4_1_zabeni,41.660457,21.698688,1704,128109.8
shape_R4_1_zabeni,41.660558,21.699033,1705,128140.5
shape_R4_1_zabeni,41.660627,21.699232,1706,128158.8
shape_R4_1_zabeni,41.660708,21.699428,1707,128177.4
shape_R4_1_zabeni,41.660795,21.699606,1708,128195.0
shape_R4_1_zabeni,41.660885,21.699766,1709,128211.7
shape_R4_1_zabeni,41.661007,21.699951,1710,128232.2
shape_R4_1_zabeni,41.661138,21.700129,1711,128252.9
shape_R4_1_zabeni,41.661276,21.700296,1712,128273.6
shape_R4_1_zabeni,41.661374,21.700392,1713,128287.1
shape_R4_1_zabeni,41.661661,21.700672,1714,128326.6
shape_R4_1_zabeni,41.662286,21.701116,1715,128405.3
shape_R4_1_zabeni,41.662774,21.701494,1716,128468.0
shape_R4_1_zabeni,41.663207,21.701790,1717,128522.1
shape_R4_1_zabeni,41.663565,21.702194,1718,128574.1
shape_R4_1_zabeni,41.663842,21.702720,1719,128627.6
shape_R4_1_zabeni,41.664112,21.703394,1720,128691.1
shape_R4_1_zabeni,41.664217,21.703895,1721,128734.3
shape_R4_1_zabeni,41.664262,21.704429,1722,128779.0
shape_R4_1_zabeni,41.664260,21.704732,1723,128804.1
shape_R4_1_zabeni,41.664248,21.704968,1724,128823.8
shape_R4_1_zabeni,41.664220,21.705214,1725,128844.5
shape_R4_1_zabeni,41.664176,21.705471,1726,128866.4
shape_R4_1_zabeni,41.664005,21.706454,1727,128950.2
shape_R4_1_zabeni,41.663913,21.707358,1728,129026.0
shape_R4_1_zabeni,41.663884,21.707874,1729,129069.0
shape_R4_1_zabeni,41.663939,21.708462,1730,129118.2
shape_R4_1_zabeni,41.664048,21.709539,1731,129208.5
shape_R4_1_zabeni,41.664024,21.710542,1732,129291.8
shape_R4_1_zabeni,41.663124,21.714291,1733,129619.0
shape_R4_1_zabeni,41.662938,21.714751,1734,129662.4
shape_R4_1_zabeni,41.662277,21.716009,1735,129790.2
shape_R4_1_zabeni,41.661913,21.716820,1736,129868.8
shape_R4_1_zabeni,41.661684,21.717863,1737,129959.1
shape_R4_1_zabeni,41.661631,21.719667,1738,130109.0
shape_R4_1_zabeni,41.661667,21.720923,1739,130213.5
shape_R4_1_zabeni,41.661890,21.722091,1740,130313.6
shape_R4_1_zabeni,41.662556,21.723692,1741,130465.8
shape_R4_1_zabeni,41.664203,21.727084,1742,130801.9
shape_R4_1_zabeni,41.664747,21.727967,1743,130897.0
shape_R4_1_zabeni,41.665278,21.728429,1744,130967.4
shape_R4_1_zabeni,41.665726,21.728693,1745,131021.8
shape_R4_1_zabeni,41.666359,21.728890,1746,131094.1
shape_R4_1_zabeni,41.667649,21.729029,1747,131238.0
shape_R4_1_zabeni,41.668003,21.729116,1748,131278.0
shape_R4_1_zabeni,41.668275,21.729231,1749,131309.7
shape_R4_1_zabeni,41.668565,21.729401,1750,131344.9
shape_R4_1_zabeni,41.668774,21.729543,1751,131371.0
shape_R4_1_zabeni,41.668907,21.729654,1752,131388.4
shape_R4_1_zabeni,41.669064,21.729796,1753,131409.5
shape_R4_1_zabeni,41.669267,21.730002,1754,131437.8
shape_R4_1_zabeni,41.669477,21.730251,1755,131469.0
shape_R4_1_zabeni,41.669657,21.730583,1756,131503.1
shape_R4_1_zabeni,41.669781,21.730840,1757,131528.5
shape_R4_1_zabeni,41.669845,21.731052,1758,131547.5
shape_R4_1_zabeni,41.669931,21.731408,1759,131578.6
shape_R4_1_zabeni,41.670011,21.731882,1760,131618.9
shape_R4_1_zabeni,41.670063,21.732294,1761,131653.6
shape_R4_1_zabeni,41.670147,21.732863,1762,131701.8
shape_R4_1_zabeni,41.670291,21.733768,1763,131778.7
shape_R4_1_zabeni,41.670365,21.734189,1764,131814.6
shape_R4_1_zabeni,41.670389,21.734322,1765,131826.0
shape_R4_1_zabeni,41.670492,21.734849,1766,131871.2
shape_R4_1_zabeni,41.670519,21.734980,1767,131882.5
shape_R4_1_zabeni,41.670631,21.735322,1768,131913.5
shape_R4_1_zabeni,41.670788,21.735722,1769,131951.0
shape_R4_1_zabeni,41.671009,21.736192,1770,131997.2
shape_R4_1_zabeni,41.671287,21.736671,1771,132047.5
shape_R4_1_zabeni,41.671564,21.737090,1772,132094.0
shape_R4_1_zabeni,41.672092,21.737900,1773,132183.3
shape_R4_1_zabeni,41.673276,21.739647,1774,132379.2
shape_R4_1_zabeni,41.673839,21.740514,1775,132474.7
shape_R4_1_zabeni,41.674491,21.741519,1776,132585.2
shape_R4_1_zabeni,41.674668,21.741778,1777,132614.4
shape_R4_1_zabeni,41.674824,21.741977,1778,132638.3
shape_R4_1_zabeni,41.675057,21.742258,1779,132673.2
shape_R4_1_zabeni,41.675213,21.742393,1780,132693.9
shape_R4_1_zabeni,41.675428,21.742572,1781,132722.0
shape_R4_1_zabeni,41.675525,21.742635,1782,132734.0
shape_R4_1_zabeni,41.675669,21.742722,1783,132751.6
shape_R4_1_zabeni,41.676369,21.743050,1784,132834.0
shape_R4_1_zabeni,41.679093,21.744332,1785,133155.1
shape_R4_1_zabeni,41.681631,21.745457,1786,133452.4
shape_R4_1_zabeni,41.682107,21.745663,1787,133508.0
shape_R4_1_zabeni,41.682299,21.745742,1788,133530.3
shape_R4_1_zabeni,41.682512,21.745840,1789,133555.4
shape_R4_1_zabeni,41.682801,21.745958,1790,133589.0
shape_R4_1_zabeni,41.683048,21.746032,1791,133617.1
shape_R4_1_zabeni,41.683312,21.746066,1792,133646.6
shape_R4_1_zabeni,41.683635,21.746080,1793,133682.5
shape_R4_1_zabeni,41.683788,21.746078,1794,133699.6
shape_R4_1_zabeni,41.683903,21.746079,1795,133712.3
shape_R4_1_zabeni,41.684464,21.746057,1796,133774.7
shape_R4_1_zabeni,41.684822,21.746067,1797,133814.6
shape_R4_1_zabeni,41.685112,21.746116,1798,133847.1
shape_R4_1_zabeni,41.685255,21.746158,1799,133863.3
shape_R4_1_zabeni,41.685595,21.746292,1800,133902.8
shape_R4_1_zabeni,41.685909,21.746467,1801,133940.6
shape_R4_1_zabeni,41.686254,21.746748,1802,133985.5
shape_R4_1_zabeni,41.687325,21.747656,1803,134126.4
shape_R4_1_zabeni,41.687721,21.747936,1804,134176.2
shape_R4_1_zabeni,41.688132,21.748181,1805,134226.2
shape_R4_1_zabeni,41.688553,21.748382,1806,134275.9
shape_R4_1_zabeni,41.695434,21.751397,1807,135081.0
shape_R4_1_zabeni,41.695962,21.751637,1808,135143.0
shape_R4_1_zabeni,41.696294,21.751790,1809,135182.0
shape_R4_1_zabeni,41.696530,21.751917,1810,135210.3
shape_R4_1_zabeni,41.696767,21.752077,1811,135239.8
shape_R4_1_zabeni,41.697002,21.752258,1812,135270.0
shape_R4_1_zabeni,41.697211,21.752460,1813,135298.6
shape_R4_1_zabeni,41.697727,21.753057,1814,135374.5
shape_R4_1_zabeni,41.697829,21.753187,1815,135390.1
shape_R4_1_zabeni,41.698388,21.753898,1816,135475.8
shape_R4_1_zabeni,41.698552,21.754101,1817,135500.7
shape_R4_1_zabeni,41.698692,21.754282,1818,135522.3
shape_R4_1_zabeni,41.698773,21.754387,1819,135534.8
shape_R4_1_zabeni,41.699175,21.754911,1820,135597.2
shape_R4_1_zabeni,41.699333,21.755101,1821,135620.8
shape_R4_1_zabeni,41.699477,21.755249,1822,135641.0
shape_R4_1_zabeni,41.699631,21.755381,1823,135661.3
shape_R4_1_zabeni,41.699795,21.755530,1824,135683.4
shape_R4_1_zabeni,41.699823,21.755557,1825,135687.2
shape_R4_1_zabeni,41.699976,21.755663,1826,135706.4
shape_R4_1_zabeni,41.700520,21.756020,1827,135773.7
shape_R4_1_zabeni,41.707718,21.761294,1828,136686.0
shape_R4_1_zabeni,41.708677,21.761968,1829,136806.5
shape_R4_1_zabeni,41.708855,21.762073,1830,136828.1
shape_R4_1_zabeni,41.709033,21.762158,1831,136849.1
shape_R4_1_zabeni,41.709260,21.762240,1832,136875.2
shape_R4_1_zabeni,41.709475,21.762296,1833,136899.6
shape_R4_1_zabeni,41.709716,21.762324,1834,136926.5
shape_R4_1_zabeni,41.709980,21.762313,1835,136955.9
shape_R4_1_zabeni,41.710188,21.762287,1836,136979.1
shape_R4_1_zabeni,41.710420,21.762231,1837,137005.3
shape_R4_1_zabeni,41.710686,21.762122,1838,137036.2
shape_R4_1_zabeni,41.710861,21.762024,1839,137057.3
shape_R4_1_zabeni,41.711052,21.761905,1840,137080.7
shape_R4_1_zabeni,41.711262,21.761733,1841,137108.1
shape_R4_1_zabeni,41.711450,21.761554,1842,137133.8
shape_R4_1_zabeni,41.711612,21.761357,1843,137158.1
shape_R4_1_zabeni,41.711801,21.761102,1844,137187.9
shape_R4_1_zabeni,41.711924,21.760889,1845,137210.3
shape_R4_1_zabeni,41.712056,21.760648,1846,137235.1
shape_R4_1_zabeni,41.712875,21.759085,1847,137393.6
shape_R4_1_zabeni,41.713022,21.758840,1848,137419.7
shape_R4_1_zabeni,41.713182,21.758606,1849,137446.0
shape_R4_1_zabeni,41.713361,21.758360,1850,137474.5
shape_R4_1_zabeni,41.713548,21.758117,1851,137503.5
shape_R4_1_zabeni,41.713766,21.757899,1852,137533.8
shape_R4_1_zabeni,41.714111,21.757553,1853,137581.7
shape_R4_1_zabeni,41.714568,21.757235,1854,137638.9
shape_R4_1_zabeni,41.714927,21.757019,1855,137682.7
shape_R4_1_zabeni,41.715841,21.756714,1856,137787.4
shape_R4_1_zabeni,41.716723,21.756612,1857,137885.9
shape_R4_1_zabeni,41.720935,21.756864,1858,138354.7
shape_R4_1_zabeni,41.721951,21.756973,1859,138468.0
shape_R4_1_zabeni,41.722596,21.757256,1860,138543.5
shape_R4_1_zabeni,41.723069,21.757640,1861,138605.0
shape_R4_1_zabeni,41.723328,21.757936,1862,138642.9
shape_R4_1_zabeni,41.723638,21.758440,1863,138697.1
shape_R4_1_zabeni,41.723901,21.759146,1864,138762.5
shape_R4_1_zabeni,41.724058,21.759955,1865,138831.9
shape_R4_1_zabeni,41.724063,21.760759,1866,138898.6
shape_R4_1_zabeni,41.723951,21.761651,1867,138973.7
shape_R4_1_zabeni,41.723779,21.762167,1868,139020.6
shape_R4_1_zabeni,41.723575,21.762607,1869,139063.6
shape_R4_1_zabeni,41.723277,21.763136,1870,139118.6
shape_R4_1_zabeni,41.722927,21.763540,1871,139170.0
shape_R4_1_zabeni,41.722504,21.763856,1872,139223.8
shape_R4_1_zabeni,41.719548,21.765633,1873,139584.1
shape_R4_1_zabeni,41.718381,21.766335,1874,139726.3
shape_R4_1_zabeni,41.717910,21.766823,1875,139792.5
shape_R4_1_zabeni,41.717706,21.767116,1876,139825.8
shape_R4_1_zabeni,41.717640,21.767218,1877,139837.0
shape_R4_1_zabeni,41.717507,21.767425,1878,139859.7
shape_R4_1_zabeni,41.717338,21.767916,1879,139904.5
shape_R4_1_zabeni,41.717266,21.768324,1880,139939.3
shape_R4_1_zabeni,41.717248,21.768449,1881,139949.9
shape_R4_1_zabeni,41.717227,21.768649,1882,139966.7
shape_R4_1_zabeni,41.717218,21.768822,1883,139981.1
shape_R4_1_zabeni,41.717216,21.769108,1884,140004.8
shape_R4_1_zabeni,41.717228,21.769293,1885,140020.2
shape_R4_1_zabeni,41.717246,21.769470,1886,140035.0
shape_R4_1_zabeni,41.717271,21.769658,1887,140050.9
shape_R4_1_zabeni,41.717324,21.769898,1888,140071.7
shape_R4_1_zabeni,41.717416,21.770197,1889,140098.5
shape_R4_1_zabeni,41.717532,21.770502,1890,140126.9
shape_R4_1_zabeni,41.717656,21.770751,1891,140151.8
shape_R4_1_zabeni,41.717719,21.770861,1892,140163.3
shape_R4_1_zabeni,41.717794,21.770969,1893,140175.5
shape_R4_1_zabeni,41.717895,21.771113,1894,140191.9
shape_R4_1_zabeni,41.717999,21.771239,1895,140207.5
shape_R4_1_zabeni,41.718133,21.771381,1896,140226.5
shape_R4_1_zabeni,41.718295,21.771525,1897,140248.1
shape_R4_1_zabeni,41.718415,21.771618,1898,140263.5
shape_R4_1_zabeni,41.718549,21.771700,1899,140279.9
shape_R4_1_zabeni,41.718664,21.771764,1900,140293.8
shape_R4_1_zabeni,41.718850,21.771845,1901,140315.5
shape_R4_1_zabeni,41.718926,21.771870,1902,140324.2
shape_R4_1_zabeni,41.718995,21.771892,1903,140332.1
shape_R4_1_zabeni,41.719094,21.771916,1904,140343.3
shape_R4_1_zabeni,41.719171,21.771931,1905,140351.9
shape_R4_1_zabeni,41.719223,21.771937,1906,140357.8
shape_R4_1_zabeni,41.719367,21.771952,1907,140373.8
shape_R4_1_zabeni,41.719544,21.771954,1908,140393.5
shape_R4_1_zabeni,41.719749,21.771934,1909,140416.3
shape_R4_1_zabeni,41.719804,21.771927,1910,140422.5
shape_R4_1_zabeni,41.719879,21.771909,1911,140431.0
shape_R4_1_zabeni,41.719962,21.771888,1912,140440.4
shape_R4_1_zabeni,41.720048,21.771861,1913,140450.2
shape_R4_1_zabeni,41.720115,21.771838,1914,140457.9
shape_R4_1_zabeni,41.720199,21.771806,1915,140467.6
shape_R4_1_zabeni,41.720309,21.771761,1916,140480.4
shape_R4_1_zabeni,41.720526,21.771670,1917,140505.7
shape_R4_1_zabeni,41.720608,21.771633,1918,140515.3
shape_R4_1_zabeni,41.720910,21.771526,1919,140550.0
shape_R4_1_zabeni,41.721172,21.771381,1920,140581.5
shape_R4_1_zabeni,41.721554,21.771168,1921,140627.5
shape_R4_1_zabeni,41.722205,21.770806,1922,140705.9
shape_R4_1_zabeni,41.723760,21.769929,1923,140893.5
shape_R4_1_zabeni,41.724035,21.769774,1924,140926.7
shape_R4_1_zabeni,41.725719,21.768823,1925,141129.9
shape_R4_1_zabeni,41.726533,21.768364,1926,141228.1
shape_R4_1_zabeni,41.727283,21.767947,1927,141318.4
shape_R4_1_zabeni,41.728036,21.767514,1928,141409.5
shape_R4_1_zabeni,41.728466,21.767285,1929,141461.0
shape_R4_1_zabeni,41.728824,21.767079,1930,141504.3
shape_R4_1_zabeni,41.729246,21.766837,1931,141555.3
shape_R4_1_zabeni,41.730531,21.766118,1932,141710.2
shape_R4_1_zabeni,41.731293,21.765683,1933,141802.3
shape_R4_1_zabeni,41.731796,21.765349,1934,141864.7
shape_R4_1_zabeni,41.732395,21.764851,1935,141943.1
shape_R4_1_zabeni,41.732990,21.764252,1936,142025.8
shape_R4_1_zabeni,41.734852,21.762225,1937,142292.6
shape_R4_1_zabeni,41.735528,21.761450,1938,142391.5
shape_R4_1_zabeni,41.736517,21.760279,1939,142538.2
shape_R4_1_zabeni,41.736951,21.759734,1940,142604.4
shape_R4_1_zabeni,41.737244,21.759429,1941,142645.6
shape_R4_1_zabeni,41.737696,21.759078,1942,142703.7
shape_R4_1_zabeni,41.738002,21.758928,1943,142740.0
shape_R4_1_zabeni,41.738476,21.758792,1944,142793.9
shape_R4_1_zabeni,41.739118,21.758671,1945,142865.9
shape_R4_1_zabeni,41.739718,21.758526,1946,142933.7
shape_R4_1_zabeni,41.740292,21.758271,1947,143001.0
shape_R4_1_zabeni,41.740744,21.757976,1948,143056.9
shape_R4_1_zabeni,41.742316,21.756742,1949,143259.5
shape_R4_1_zabeni,41.743661,21.755654,1950,143434.1
shape_R4_1_zabeni,41.746547,21.753320,1951,143808.9
shape_R4_1_zabeni,41.747012,21.752806,1952,143876.0
shape_R4_1_zabeni,41.747353,21.752251,1953,143935.6
shape_R4_1_zabeni,41.747791,21.751410,1954,144020.7
shape_R4_1_zabeni,41.748100,21.750614,1955,144095.1
shape_R4_1_zabeni,41.748699,21.749009,1956,144244.0
shape_R4_1_zabeni,41.749185,21.748134,1957,144334.5
shape_R4_1_zabeni,41.751007,21.745010,1958,144663.5
shape_R4_1_zabeni,41.751805,21.743672,1959,144805.6
shape_R4_1_zabeni,41.752141,21.743102,1960,144865.8
shape_R4_1_zabeni,41.752572,21.742584,1961,144930.2
shape_R4_1_zabeni,41.753425,21.741703,1962,145049.9
shape_R4_1_zabeni,41.757144,21.739400,1963,145505.5
shape_R4_1_zabeni,41.762510,21.736906,1964,146137.0
shape_R4_1_zabeni,41.763217,21.736788,1965,146216.2
shape_R4_1_zabeni,41.763726,21.736760,1966,146272.9
shape_R4_1_zabeni,41.764151,21.736857,1967,146320.8
shape_R4_1_zabeni,41.765144,21.737413,1968,146440.5
shape_R4_1_zabeni,41.766428,21.738115,1969,146594.6
shape_R4_1_zabeni,41.767213,21.738299,1970,146683.3
shape_R4_1_zabeni,41.767801,21.738133,1971,146750.1
shape_R4_1_zabeni,41.768219,21.737915,1972,146799.9
shape_R4_1_zabeni,41.768843,21.737278,1973,146887.1
shape_R4_1_zabeni,41.769251,21.736461,1974,146968.7
shape_R4_1_zabeni,41.769851,21.733899,1975,147191.4
shape_R4_1_zabeni,41.769869,21.733107,1976,147257.1
shape_R4_1_zabeni,41.769359,21.730912,1977,147447.8
shape_R4_1_zabeni,41.769365,21.729989,1978,147524.3
shape_R4_1_zabeni,41.769517,21.729066,1979,147602.7
shape_R4_1_zabeni,41.769799,21.728079,1980,147690.4
shape_R4_1_zabeni,41.770242,21.727052,1981,147788.8
shape_R4_1_zabeni,41.770745,21.726327,1982,147870.9
shape_R4_1_zabeni,41.771383,21.725311,1983,147981.0
shape_R4_1_zabeni,41.771910,21.724617,1984,148063.2
shape_R4_1_zabeni,41.772724,21.723896,1985,148171.6
shape_R4_1_zabeni,41.773959,21.723116,1986,148323.4
shape_R4_1_zabeni,41.774542,21.722590,1987,148401.6
shape_R4_1_zabeni,41.776877,21.718791,1988,148809.8
shape_R4_1_zabeni,41.777543,21.717978,1989,148910.0
shape_R4_1_zabeni,41.777941,21.717586,1990,148964.9
shape_R4_1_zabeni,41.778236,21.717294,1991,149005.6
shape_R4_1_zabeni,41.778510,21.716934,1992,149048.3
shape_R4_1_zabeni,41.778737,21.716590,1993,149086.4
shape_R4_1_zabeni,41.778946,21.716242,1994,149123.4
shape_R4_1_zabeni,41.779070,21.715993,1995,149148.3
shape_R4_1_zabeni,41.779179,21.715811,1996,149167.6
shape_R4_1_zabeni,41.779321,21.715597,1997,149191.4
shape_R4_1_zabeni,41.779598,21.715281,1998,149231.8
shape_R4_1_zabeni,41.779802,21.715055,1999,149261.2
shape_R4_1_zabeni,41.780052,21.714806,2000,149295.9
shape_R4_1_zabeni,41.780300,21.714526,2001,149331.9
shape_R4_1_zabeni,41.780492,21.714280,2002,149361.4
shape_R4_1_zabeni,41.780675,21.713984,2003,149393.3
shape_R4_1_zabeni,41.780828,21.713652,2004,149425.7
shape_R4_1_zabeni,41.780943,21.713343,2005,149454.3
shape_R4_1_zabeni,41.781052,21.712936,2006,149490.2
shape_R4_1_zabeni,41.781108,21.712616,2007,149517.4
shape_R4_1_zabeni,41.781099,21.712169,2008,149554.5
shape_R4_1_zabeni,41.781058,21.711722,2009,149591.8
shape_R4_1_zabeni,41.781002,21.711429,2010,149616.9
shape_R4_1_zabeni,41.780904,21.710911,2011,149661.2
shape_R4_1_zabeni,41.780792,21.710350,2012,149709.4
shape_R4_1_zabeni,41.780698,21.709796,2013,149756.5
shape_R4_1_zabeni,41.780627,21.709286,2014,149799.5
shape_R4_1_zabeni,41.780601,21.708867,2015,149834.4
shape_R4_1_zabeni,41.780598,21.708614,2016,149855.4
shape_R4_1_zabeni,41.780607,21.708428,2017,149870.8
shape_R4_1_zabeni,41.780613,21.708321,2018,149879.7
shape_R4_1_zabeni,41.780651,21.707989,2019,149907.6
shape_R4_1_zabeni,41.780731,21.707617,2020,149939.7
shape_R4_1_zabeni,41.780846,21.707194,2021,149977.0
shape_R4_1_zabeni,41.780938,21.706871,2022,150005.7
shape_R4_1_zabeni,41.781198,21.706230,2023,150066.2
shape_R4_1_zabeni,41.781477,21.705656,2024,150123.0
shape_R4_1_zabeni,41.781839,21.705085,2025,150185.1
shape_R4_1_zabeni,41.782307,21.704468,2026,150258.1
shape_R4_1_zabeni,41.782543,21.704220,2027,150291.4
shape_R4_1_zabeni,41.782790,21.703999,2028,150324.5
shape_R4_1_zabeni,41.783060,21.703776,2029,150359.7
shape_R4_1_zabeni,41.783293,21.703601,2030,150389.4
shape_R4_1_zabeni,41.783545,21.703447,2031,150420.2
shape_R4_1_zabeni,41.783644,21.703395,2032,150432.0
shape_R4_1_zabeni,41.784031,21.703215,2033,150477.6
shape_R4_1_zabeni,41.784267,21.703133,2034,150504.7
shape_R4_1_zabeni,41.785284,21.702833,2035,150620.5
shape_R4_1_zabeni,41.785554,21.702748,2036,150651.3
shape_R4_1_zabeni,41.785806,21.702670,2037,150680.1
shape_R4_1_zabeni,41.786154,21.702574,2038,150719.6
shape_R4_1_zabeni,41.786392,21.702496,2039,150746.8
shape_R4_1_zabeni,41.786671,21.702403,2040,150778.8
shape_R4_1_zabeni,41.787025,21.702266,2041,150819.8
shape_R4_1_zabeni,41.787283,21.702156,2042,150849.9
shape_R4_1_zabeni,41.787630,21.701988,2043,150890.9
shape_R4_1_zabeni,41.788047,21.701777,2044,150940.4
shape_R4_1_zabeni,41.788312,21.701642,2045,150972.0
shape_R4_1_zabeni,41.788381,21.701607,2046,150980.2
shape_R4_1_zabeni,41.788574,21.701510,2047,151003.1
shape_R4_1_zabeni,41.788808,21.701385,2048,151031.1
shape_R4_1_zabeni,41.789181,21.701175,2049,151076.1
shape_R4_1_zabeni,41.789379,21.701037,2050,151100.9
shape_R4_1_zabeni,41.789646,21.700831,2051,151135.1
shape_R4_1_zabeni,41.789989,21.700521,2052,151181.1
shape_R4_1_zabeni,41.790283,21.700230,2053,151221.8
shape_R4_1_zabeni,41.790503,21.699983,2054,151253.7
shape_R4_1_zabeni,41.790761,21.699654,2055,151293.2
shape_R4_1_zabeni,41.791035,21.699294,2056,151335.9
shape_R4_1_zabeni,41.791224,21.699030,2057,151366.2
shape_R4_1_zabeni,41.791398,21.698759,2058,151395.9
shape_R4_1_zabeni,41.791560,21.698479,2059,151425.3
shape_R4_1_zabeni,41.791666,21.698294,2060,151444.6
shape_R4_1_zabeni,41.792023,21.697675,2061,151509.5
shape_R4_1_zabeni,41.792598,21.696817,2062,151605.1
shape_R4_1_zabeni,41.793072,21.696199,2063,151678.6
shape_R4_1_zabeni,41.793411,21.695856,2064,151725.9
shape_R4_1_zabeni,41.793911,21.695469,2065,151790.0
shape_R4_1_zabeni,41.795938,21.694278,2066,152036.1
shape_R4_1_zabeni,41.796510,21.693950,2067,152105.3
shape_R4_1_zabeni,41.797069,21.693727,2068,152170.1
shape_R4_1_zabeni,41.797856,21.693567,2069,152258.6
shape_R4_1_zabeni,41.798935,21.693427,2070,152379.2
shape_R4_1_zabeni,41.799483,21.693261,2071,152441.7
shape_R4_1_zabeni,41.799923,21.693056,2072,152493.4
shape_R4_1_zabeni,41.800334,21.692733,2073,152546.4
shape_R4_1_zabeni,41.800702,21.692334,2074,152599.0
shape_R4_1_zabeni,41.801027,21.691839,2075,152653.7
shape_R4_1_zabeni,41.801229,21.691423,2076,152694.9
shape_R4_1_zabeni,41.801432,21.690819,2077,152749.8
shape_R4_1_zabeni,41.801572,21.690206,2078,152802.9
shape_R4_1_zabeni,41.803027,21.681869,2079,153512.7
shape_R4_1_zabeni,41.803061,21.681673,2080,153529.3
shape_R4_1_zabeni,41.803369,21.679908,2081,153679.6
shape_R4_1_zabeni,41.803533,21.679184,2082,153742.3
shape_R4_1_zabeni,41.803685,21.678603,2083,153793.4
shape_R4_1_zabeni,41.803874,21.678112,2084,153839.2
shape_R4_1_zabeni,41.804078,21.677661,2085,153882.9
shape_R4_1_zabeni,41.804404,21.677050,2086,153945.2
shape_R4_1_zabeni,41.804833,21.676604,2087,154005.5
shape_R4_1_zabeni,41.805332,21.676175,2088,154071.4
shape_R4_1_zabeni,41.805811,21.675728,2089,154136.3
shape_R4_1_zabeni,41.806291,21.675213,2090,154204.6
shape_R4_1_zabeni,41.806688,21.674758,2091,154262.7
shape_R4_1_zabeni,41.807072,21.674183,2092,154326.7
shape_R4_1_zabeni,41.807507,21.673531,2093,154399.2
shape_R4_1_zabeni,41.807928,21.672953,2094,154466.2
shape_R4_1_zabeni,41.808704,21.672122,2095,154576.6
shape_R4_1_zabeni,41.810208,21.671052,2096,154765.9
shape_R4_1_zabeni,41.813245,21.669073,2097,155141.3
shape_R4_1_zabeni,41.813600,21.668852,2098,155184.8
shape_R4_1_zabeni,41.813889,21.668726,2099,155218.6
shape_R4_1_zabeni,41.814089,21.668657,2100,155241.6
shape_R4_1_zabeni,41.814179,21.668632,2101,155251.8
shape_R4_1_zabeni,41.814393,21.668585,2102,155275.9
shape_R4_1_zabeni,41.814621,21.668554,2103,155301.4
shape_R4_1_zabeni,41.814875,21.668543,2104,155329.7
shape_R4_1_zabeni,41.815131,21.668558,2105,155358.2
shape_R4_1_zabeni,41.815378,21.668583,2106,155385.7
shape_R4_1_zabeni,41.816191,21.668691,2107,155476.5
shape_R4_1_zabeni,41.816408,21.668725,2108,155500.8
shape_R4_1_zabeni,41.816659,21.668780,2109,155529.1
shape_R4_1_zabeni,41.816879,21.668843,2110,155554.1
shape_R4_1_zabeni,41.817112,21.668934,2111,155581.1
shape_R4_1_zabeni,41.817351,21.669056,2112,155609.5
shape_R4_1_zabeni,41.817586,21.669160,2113,155637.1
shape_R4_1_zabeni,41.817764,21.669279,2114,155659.2
shape_R4_1_zabeni,41.817860,21.669350,2115,155671.4
shape_R4_1_zabeni,41.818048,21.669507,2116,155696.0
shape_R4_1_zabeni,41.818236,21.669681,2117,155721.4
shape_R4_1_zabeni,41.818542,21.669987,2118,155763.8
shape_R4_1_zabeni,41.818599,21.670048,2119,155771.9
shape_R4_1_zabeni,41.818658,21.670111,2120,155780.3
shape_R4_1_zabeni,41.819052,21.670475,2121,155833.5
shape_R4_1_zabeni,41.819582,21.671059,2122,155909.8
shape_R4_1_zabeni,41.819663,21.671134,2123,155920.7
shape_R4_1_zabeni,41.819871,21.671337,2124,155949.3
shape_R4_1_zabeni,41.820305,21.671788,2125,156010.3
shape_R4_1_zabeni,41.820583,21.672016,2126,156046.6
shape_R4_1_zabeni,41.820809,21.672218,2127,156076.8
shape_R4_1_zabeni,41.821166,21.672490,2128,156122.4
shape_R4_1_zabeni,41.821309,21.672614,2129,156141.3
shape_R4_1_zabeni,41.821391,21.672680,2130,156152.0
shape_R4_1_zabeni,41.822133,21.673342,2131,156251.1
shape_R4_1_zabeni,41.822524,21.673634,2132,156300.8
shape_R4_1_zabeni,41.822769,21.673849,2133,156333.4
shape_R4_1_zabeni,41.822935,21.673998,2134,156355.6
shape_R4_1_zabeni,41.823119,21.674194,2135,156381.7
shape_R4_1_zabeni,41.823328,21.674430,2136,156412.1
shape_R4_1_zabeni,41.823507,21.674642,2137,156438.6
shape_R4_1_zabeni,41.823693,21.674869,2138,156466.6
shape_R4_1_zabeni,41.823925,21.675157,2139,156501.7
shape_R4_1_zabeni,41.824120,21.675460,2140,156534.9
shape_R4_1_zabeni,41.824325,21.675795,2141,156570.8
shape_R4_1_zabeni,41.824591,21.676292,2142,156621.5
shape_R4_1_zabeni,41.824764,21.676608,2143,156654.0
shape_R4_1_zabeni,41.825775,21.678461,2144,156844.3
shape_R4_1_zabeni,41.825938,21.678732,2145,156873.2
shape_R4_1_zabeni,41.826088,21.678960,2146,156898.4
shape_R4_1_zabeni,41.826288,21.679212,2147,156928.9
shape_R4_1_zabeni,41.826482,21.679400,2148,156955.5
shape_R4_1_zabeni,41.826736,21.679599,2149,156988.2
shape_R4_1_zabeni,41.827034,21.679762,2150,157024.0
shape_R4_1_zabeni,41.827335,21.679869,2151,157058.6
shape_R4_1_zabeni,41.827653,21.679942,2152,157094.5
shape_R4_1_zabeni,41.827991,21.679942,2153,157132.0
shape_R4_1_zabeni,41.828313,21.679893,2154,157168.1
shape_R4_1_zabeni,41.828641,21.679797,2155,157205.4
shape_R4_1_zabeni,41.828966,21.679636,2156,157243.9
shape_R4_1_zabeni,41.829248,21.679424,2157,157279.9
shape_R4_1_zabeni,41.829612,21.679046,2158,157331.0
shape_R4_1_zabeni,41.829856,21.678729,2159,157368.8
shape_R4_1_zabeni,41.830399,21.678040,2160,157451.9
shape_R4_1_zabeni,41.830599,21.677809,2161,157481.2
shape_R4_1_zabeni,41.830843,21.677560,2162,157515.3
shape_R4_1_zabeni,41.831173,21.677292,2163,157558.2
shape_R4_1_zabeni,41.831443,21.677074,2164,157593.2
shape_R4_1_zabeni,41.831652,21.676906,2165,157620.3
shape_R4_1_zabeni,41.831880,21.676720,2166,157650.0
shape_R4_1_zabeni,41.832074,21.676535,2167,157676.5
shape_R4_1_zabeni,41.832314,21.676270,2168,157711.0
shape_R4_1_zabeni,41.832551,21.675888,2169,157752.2
shape_R4_1_zabeni,41.832729,21.675500,2170,157790.0
shape_R4_1_zabeni,41.832890,21.674952,2171,157838.8
shape_R4_1_zabeni,41.832982,21.674444,2172,157882.1
shape_R4_1_zabeni,41.833002,21.673891,2173,157927.9
shape_R4_1_zabeni,41.832972,21.673375,2174,157970.8
shape_R4_1_zabeni,41.832897,21.672945,2175,158007.4
shape_R4_1_zabeni,41.832732,21.672407,2176,158055.6
shape_R4_1_zabeni,41.832608,21.672080,2177,158086.0
shape_R4_1_zabeni,41.832442,21.671699,2178,158122.6
shape_R4_1_zabeni,41.832269,21.671279,2179,158162.3
shape_R4_1_zabeni,41.832082,21.670786,2180,158208.2
shape_R4_1_zabeni,41.831953,21.670370,2181,158245.5
shape_R4_1_zabeni,41.831855,21.669793,2182,158294.5
shape_R4_1_zabeni,41.831781,21.669152,2183,158348.3
shape_R4_1_zabeni,41.831611,21.668055,2184,158441.1
shape_R4_1_zabeni,41.831550,21.667484,2185,158488.9
shape_R4_1_zabeni,41.831517,21.666886,2186,158538.6
shape_R4_1_zabeni,41.831542,21.666304,2187,158586.9
shape_R4_1_zabeni,41.831725,21.663962,2188,158782.0
shape_R4_1_zabeni,41.831757,21.663407,2189,158828.1
shape_R4_1_zabeni,41.831747,21.662860,2190,158873.5
shape_R4_1_zabeni,41.831681,21.662355,2191,158915.9
shape_R4_1_zabeni,41.831559,21.661843,2192,158960.5
shape_R4_1_zabeni,41.831392,21.661398,2193,159001.7
shape_R4_1_zabeni,41.831218,21.661063,2194,159035.6
shape_R4_1_zabeni,41.830930,21.660647,2195,159082.6
shape_R4_1_zabeni,41.830634,21.660317,2196,159125.4
shape_R4_1_zabeni,41.830256,21.660038,2197,159173.4
shape_R4_1_zabeni,41.829171,21.659335,2198,159307.4
shape_R4_1_zabeni,41.828895,21.659105,2199,159343.5
shape_R4_1_zabeni,41.828660,21.658852,2200,159377.0
shape_R4_1_zabeni,41.828414,21.658517,2201,159416.0
shape_R4_1_zabeni,41.828212,21.658123,2202,159455.6
shape_R4_1_zabeni,41.828088,21.657742,2203,159490.0
shape_R4_1_zabeni,41.828002,21.657315,2204,159526.7
shape_R4_1_zabeni,41.827954,21.656830,2205,159567.2
shape_R4_1_zabeni,41.827924,21.656353,2206,159606.9
shape_R4_1_zabeni,41.827946,21.655873,2207,159646.7
shape_R4_1_zabeni,41.828030,21.655296,2208,159695.4
shape_R4_1_zabeni,41.828244,21.654108,2209,159796.7
shape_R4_1_zabeni,41.828310,21.653641,2210,159836.1
shape_R4_1_zabeni,41.828366,21.653155,2211,159876.8
shape_R4_1_zabeni,41.828394,21.652597,2212,159923.2
shape_R4_1_zabeni,41.828386,21.652023,2213,159970.7
shape_R4_1_zabeni,41.828318,21.651554,2214,160010.3
shape_R4_1_zabeni,41.828202,21.651074,2215,160052.1
shape_R4_1_zabeni,41.828072,21.650669,2216,160088.7
shape_R4_1_zabeni,41.827920,21.650328,2217,160121.6
shape_R4_1_zabeni,41.827666,21.649915,2218,160166.0
shape_R4_1_zabeni,41.827091,21.649097,2219,160259.2
shape_R4_1_zabeni,41.826827,21.648655,2220,160306.1
shape_R4_1_zabeni,41.826661,21.648274,2221,160342.7
shape_R4_1_zabeni,41.826525,21.647743,2222,160389.2
shape_R4_1_zabeni,41.826465,21.647257,2223,160430.0
shape_R4_1_zabeni,41.826445,21.646745,2224,160472.5
shape_R4_1_zabeni,41.826489,21.646112,2225,160525.2
shape_R4_1_zabeni,41.826619,21.645573,2226,160572.1
shape_R4_1_zabeni,41.826795,21.645141,2227,160612.9
shape_R4_1_zabeni,41.826972,21.644780,2228,160648.7
shape_R4_1_zabeni,41.827506,21.643926,2229,160741.1
shape_R4_1_zabeni,41.827912,21.643199,2230,160816.4
shape_R4_1_zabeni,41.828185,21.642752,2231,160864.2
shape_R4_1_zabeni,41.828481,21.642388,2232,160908.9
shape_R4_1_zabeni,41.828847,21.641886,2233,160967.1
shape_R4_1_zabeni,41.829240,21.641464,2234,161023.0
shape_R4_1_zabeni,41.829597,21.641135,2235,161071.2
shape_R4_1_zabeni,41.829971,21.640871,2236,161118.2
shape_R4_1_zabeni,41.830391,21.640681,2237,161167.5
shape_R4_1_zabeni,41.831906,21.640128,2238,161342.0
shape_R4_1_zabeni,41.832159,21.639986,2239,161372.5
shape_R4_1_zabeni,41.832413,21.639816,2240,161404.1
shape_R4_1_zabeni,41.832742,21.639556,2241,161446.6
shape_R4_1_zabeni,41.832948,21.639333,2242,161476.0
shape_R4_1_zabeni,41.833337,21.638972,2243,161528.6
shape_R4_1_zabeni,41.833668,21.638624,2244,161575.3
shape_R4_1_zabeni,41.834095,21.638068,2245,161641.5
shape_R4_1_zabeni,41.834525,21.637367,2246,161716.7
shape_R4_1_zabeni,41.834844,21.636625,2247,161787.7
shape_R4_1_zabeni,41.835212,21.635347,2248,161901.2
shape_R4_1_zabeni,41.835613,21.634506,2249,161983.9
shape_R4_1_zabeni,41.836000,21.633790,2250,162057.2
shape_R4_1_zabeni,41.836508,21.633064,2251,162139.7
shape_R4_1_zabeni,41.836973,21.632538,2252,162207.3
shape_R4_1_zabeni,41.837556,21.631949,2253,162288.5
shape_R4_1_zabeni,41.838421,21.631378,2254,162395.7
shape_R4_1_zabeni,41.839002,21.631255,2255,162461.1
shape_R4_1_zabeni,41.839536,21.631328,2256,162520.7
shape_R4_1_zabeni,41.840329,21.631563,2257,162611.0
shape_R4_1_zabeni,41.841022,21.631773,2258,162690.0
shape_R4_1_zabeni,41.841328,21.631872,2259,162725.0
shape_R4_1_zabeni,41.841514,21.631864,2260,162745.7
shape_R4_1_zabeni,41.841972,21.631669,2261,162799.2
shape_R4_1_zabeni,41.843025,21.630989,2262,162929.1
shape_R4_1_zabeni,41.843223,21.630857,2263,162953.7
shape_R4_1_zabeni,41.843503,21.630507,2264,162996.2
shape_R4_1_zabeni,41.844051,21.629840,2265,163078.5
shape_R4_1_zabeni,41.844217,21.629638,2266,163103.4
shape_R4_1_zabeni,41.845525,21.628111,2267,163296.1
shape_R4_1_zabeni,41.847407,21.625943,2268,163571.9
shape_R4_1_zabeni,41.848220,21.625000,2269,163691.4
shape_R4_1_zabeni,41.848872,21.624244,2270,163787.2
shape_R4_1_zabeni,41.850548,21.622335,2271,164031.6
shape_R4_1_zabeni,41.850984,21.621728,2272,164101.4
shape_R4_1_zabeni,41.851604,21.620917,2273,164197.7
shape_R4_1_zabeni,41.852106,21.620313,2274,164272.6
shape_R4_1_zabeni,41.852549,21.619885,2275,164333.3
shape_R4_1_zabeni,41.853055,21.619488,2276,164398.5
shape_R4_1_zabeni,41.853694,21.619145,2277,164475.0
shape_R4_1_zabeni,41.854345,21.618876,2278,164550.7
shape_R4_1_zabeni,41.854998,21.618736,2279,164624.3
shape_R4_1_zabeni,41.855453,21.618715,2280,164674.9
shape_R4_1_zabeni,41.855589,21.618709,2281,164690.0
shape_R4_1_zabeni,41.856124,21.618734,2282,164749.6
shape_R4_1_zabeni,41.856588,21.618773,2283,164801.3
shape_R4_1_zabeni,41.857204,21.618876,2284,164870.3
shape_R4_1_zabeni,41.857968,21.619023,2285,164956.1
shape_R4_1_zabeni,41.858633,21.619120,2286,165030.5
shape_R4_1_zabeni,41.859171,21.619209,2287,165090.8
shape_R4_1_zabeni,41.859631,21.619249,2288,165142.0
shape_R4_1_zabeni,41.860109,21.619210,2289,165195.3
shape_R4_1_zabeni,41.860541,21.619087,2290,165244.4
shape_R4_1_zabeni,41.860917,21.618912,2291,165288.6
shape_R4_1_zabeni,41.861331,21.618670,2292,165338.8
shape_R4_1_zabeni,41.861696,21.618306,2293,165389.4
shape_R4_1_zabeni,41.862056,21.617888,2294,165442.3
shape_R4_1_zabeni,41.862427,21.617273,2295,165507.8
shape_R4_1_zabeni,41.862824,21.616553,2296,165582.0
shape_R4_1_zabeni,41.863132,21.616055,2297,165635.6
shape_R4_1_zabeni,41.863417,21.615636,2298,165682.6
shape_R4_1_zabeni,41.863788,21.615234,2299,165735.6
shape_R4_1_zabeni,41.864147,21.614954,2300,165781.8
shape_R4_1_zabeni,41.864543,21.614727,2301,165829.7
shape_R4_1_zabeni,41.864969,21.614580,2302,165878.6
shape_R4_1_zabeni,41.865428,21.614494,2303,165930.1
shape_R4_1_zabeni,41.865924,21.614525,2304,165985.3
shape_R4_1_zabeni,41.866388,21.614634,2305,166037.7
shape_R4_1_zabeni,41.866871,21.614772,2306,166092.6
shape_R4_1_zabeni,41.867288,21.614890,2307,166140.0
shape_R4_1_zabeni,41.867674,21.614964,2308,166183.4
shape_R4_1_zabeni,41.868052,21.614977,2309,166225.4
shape_R4_1_zabeni,41.868432,21.614903,2310,166268.1
shape_R4_1_zabeni,41.868831,21.614765,2311,166313.9
shape_R4_1_zabeni,41.869237,21.614507,2312,166363.9
shape_R4_1_zabeni,41.869541,21.614241,2313,166404.2
shape_R4_1_zabeni,41.869819,21.613961,2314,166442.9
shape_R4_1_zabeni,41.870149,21.613490,2315,166496.4
shape_R4_1_zabeni,41.870429,21.612696,2316,166569.1
shape_R4_1_zabeni,41.870624,21.611747,2317,166650.7
shape_R4_1_zabeni,41.870655,21.610819,2318,166727.6
shape_R4_1_zabeni,41.870673,21.610366,2319,166765.1
shape_R4_1_zabeni,41.870694,21.609820,2320,166810.4
shape_R4_1_zabeni,41.870742,21.609024,2321,166876.5
shape_R4_1_zabeni,41.870852,21.608367,2322,166932.3
shape_R4_1_zabeni,41.871038,21.607619,2323,166997.6
shape_R4_1_zabeni,41.871179,21.607224,2324,167033.9
shape_R4_1_zabeni,41.871334,21.606841,2325,167070.0
shape_R4_1_zabeni,41.872287,21.604978,2326,167257.1
shape_R4_1_zabeni,41.872675,21.604218,2327,167333.4
shape_R4_1_zabeni,41.873068,21.603439,2328,167411.3
shape_R4_1_zabeni,41.873222,21.603115,2329,167443.1
shape_R4_1_zabeni,41.873388,21.602716,2330,167481.0
shape_R4_1_zabeni,41.873566,21.602177,2331,167529.8
shape_R4_1_zabeni,41.873804,21.601226,2332,167612.9
shape_R4_1_zabeni,41.873929,21.600746,2333,167655.0
shape_R4_1_zabeni,41.874072,21.600205,2334,167702.5
shape_R4_1_zabeni,41.874355,21.599417,2335,167774.9
shape_R4_1_zabeni,41.874701,21.598758,2336,167841.7
shape_R4_1_zabeni,41.875103,21.598253,2337,167902.9
shape_R4_1_zabeni,41.875641,21.597798,2338,167973.6
shape_R4_1_zabeni,41.876427,21.597432,2339,168066.1
shape_R4_1_zabeni,41.877004,21.597344,2340,168130.7
shape_R4_1_zabeni,41.877891,21.597387,2341,168229.4
shape_R4_1_zabeni,41.878481,21.597411,2342,168295.0
shape_R4_1_zabeni,41.879069,21.597451,2343,168360.5
shape_R4_1_zabeni,41.879623,21.597403,2344,168422.2
shape_R4_1_zabeni,41.880176,21.597237,2345,168485.2
shape_R4_1_zabeni,41.880663,21.596981,2346,168543.4
shape_R4_1_zabeni,41.880735,21.596933,2347,168552.3
shape_R4_1_zabeni,41.881041,21.596727,2348,168590.4
shape_R4_1_zabeni,41.881383,21.596341,2349,168640.0
shape_R4_1_zabeni,41.881759,21.595914,2350,168694.8
shape_R4_1_zabeni,41.882061,21.595385,2351,168750.0
shape_R4_1_zabeni,41.882461,21.594497,2352,168835.9
shape_R4_1_zabeni,41.883652,21.590542,2353,169189.1
shape_R4_1_zabeni,41.883794,21.590172,2354,169223.5
shape_R4_1_zabeni,41.883935,21.589863,2355,169253.6
shape_R4_1_zabeni,41.884031,21.589678,2356,169272.2
shape_R4_1_zabeni,41.884271,21.589270,2357,169315.3
shape_R4_1_zabeni,41.884534,21.588940,2358,169355.3
shape_R4_1_zabeni,41.884858,21.588592,2359,169401.4
shape_R4_1_zabeni,41.885181,21.588324,2360,169443.6
shape_R4_1_zabeni,41.885529,21.588090,2361,169486.9
shape_R4_1_zabeni,41.885818,21.587932,2362,169521.6
shape_R4_1_zabeni,41.886110,21.587814,2363,169555.5
shape_R4_1_zabeni,41.886173,21.587798,2364,169562.6
shape_R4_1_zabeni,41.886376,21.587749,2365,169585.6
shape_R4_1_zabeni,41.886701,21.587701,2366,169621.9
shape_R4_1_zabeni,41.886992,21.587688,2367,169654.3
shape_R4_1_zabeni,41.887272,21.587704,2368,169685.5
shape_R4_1_zabeni,41.887587,21.587744,2369,169720.6
shape_R4_1_zabeni,41.887823,21.587782,2370,169747.1
shape_R4_1_zabeni,41.889582,21.588190,2371,169945.6
shape_R4_1_zabeni,41.889985,21.588324,2372,169991.7
shape_R4_1_zabeni,41.890141,21.588389,2373,170009.9
shape_R4_1_zabeni,41.890373,21.588487,2374,170036.9
shape_R4_1_zabeni,41.890732,21.588688,2375,170080.2
shape_R4_1_zabeni,41.891024,21.588908,2376,170117.4
shape_R4_1_zabeni,41.891363,21.589209,2377,170162.6
shape_R4_1_zabeni,41.891653,21.589504,2378,170203.0
shape_R4_1_zabeni,41.892048,21.589992,2379,170262.7
shape_R4_1_zabeni,41.892252,21.590319,2380,170298.0
shape_R4_1_zabeni,41.892525,21.590802,2381,170348.2
shape_R4_1_zabeni,41.892741,21.591293,2382,170395.4
shape_R4_1_zabeni,41.892901,21.591754,2383,170437.5
shape_R4_1_zabeni,41.893054,21.592331,2384,170488.2
shape_R4_1_zabeni,41.893163,21.592921,2385,170538.6
shape_R4_1_zabeni,41.893246,21.593561,2386,170592.3
shape_R4_1_zabeni,41.893284,21.594020,2387,170630.6
shape_R4_1_zabeni,41.893311,21.594475,2388,170668.3
shape_R4_1_zabeni,41.893449,21.596491,2389,170835.9
shape_R4_1_zabeni,41.893529,21.597247,2390,170899.1
shape_R4_1_zabeni,41.893637,21.597828,2391,170948.7
shape_R4_1_zabeni,41.893723,21.598184,2392,170979.7
shape_R4_1_zabeni,41.893859,21.598651,2393,171021.2
shape_R4_1_zabeni,41.893970,21.598965,2394,171049.9
shape_R4_1_zabeni,41.895047,21.602134,2395,171338.3
shape_R4_1_zabeni,41.895208,21.602576,2396,171379.0
shape_R4_1_zabeni,41.895380,21.602991,2397,171418.3
shape_R4_1_zabeni,41.895535,21.603315,2398,171450.2
shape_R4_1_zabeni,41.895757,21.603704,2399,171490.8
shape_R4_1_zabeni,41.895975,21.604016,2400,171526.2
shape_R4_1_zabeni,41.896221,21.604316,2401,171563.1
shape_R4_1_zabeni,41.896502,21.604592,2402,171601.8
shape_R4_1_zabeni,41.896849,21.604858,2403,171646.3
shape_R4_1_zabeni,41.897177,21.605060,2404,171686.4
shape_R4_1_zabeni,41.897454,21.605187,2405,171718.9
shape_R4_1_zabeni,41.897769,21.605298,2406,171755.1
shape_R4_1_zabeni,41.898003,21.605349,2407,171781.5
shape_R4_1_zabeni,41.898232,21.605378,2408,171807.1
shape_R4_1_zabeni,41.898436,21.605385,2409,171829.8
shape_R4_1_zabeni,41.898598,21.605380,2410,171847.8
shape_R4_1_zabeni,41.898762,21.605378,2411,171866.0
shape_R4_1_zabeni,41.898991,21.605346,2412,171891.6
shape_R4_1_zabeni,41.899237,21.605282,2413,171919.5
shape_R4_1_zabeni,41.899423,21.605224,2414,171940.7
shape_R4_1_zabeni,41.899639,21.605142,2415,171965.7
shape_R4_1_zabeni,41.899861,21.605030,2416,171992.1
shape_R4_1_zabeni,41.900009,21.604943,2417,172010.0
shape_R4_1_zabeni,41.900134,21.604857,2418,172025.6
shape_R4_1_zabeni,41.900392,21.604662,2419,172058.5
shape_R4_1_zabeni,41.900654,21.604417,2420,172094.0
shape_R4_1_zabeni,41.900962,21.604070,2421,172138.7
shape_R4_1_zabeni,41.901219,21.603736,2422,172178.5
shape_R4_1_zabeni,41.901435,21.603431,2423,172213.3
shape_R4_1_zabeni,41.903779,21.600178,2424,172588.1
shape_R4_1_zabeni,41.903904,21.599981,2425,172609.5
shape_R4_1_zabeni,41.904137,21.599624,2426,172648.8
shape_R4_1_zabeni,41.904330,21.599314,2427,172682.2
shape_R4_1_zabeni,41.904469,21.599057,2428,172708.5
shape_R4_1_zabeni,41.904635,21.598748,2429,172740.1
shape_R4_1_zabeni,41.904824,21.598383,2430,172776.8
shape_R4_1_zabeni,41.905162,21.597766,2431,172840.3
shape_R4_1_zabeni,41.905427,21.597198,2432,172895.7
shape_R4_1_zabeni,41.905530,21.596958,2433,172918.7
shape_R4_1_zabeni,41.906060,21.595905,2434,173023.9
shape_R4_1_zabeni,41.906423,21.595241,2435,173092.0
shape_R4_1_zabeni,41.906752,21.594703,2436,173149.7
shape_R4_1_zabeni,41.907089,21.594175,2437,173207.2
shape_R4_1_zabeni,41.907366,21.593748,2438,173254.1
shape_R4_1_zabeni,41.907873,21.592967,2439,173339.9
shape_R4_1_zabeni,41.908419,21.592073,2440,173435.6
shape_R4_1_zabeni,41.909034,21.591128,2441,173539.5
shape_R4_1_zabeni,41.909484,21.590364,2442,173620.1
shape_R4_1_zabeni,41.909931,21.589574,2443,173702.2
shape_R4_1_zabeni,41.910031,21.589388,2444,173721.2
shape_R4_1_zabeni,41.910718,21.588124,2445,173850.7
shape_R4_1_zabeni,41.911216,21.587215,2446,173944.1
shape_R4_1_zabeni,41.911600,21.586528,2447,174015.2
shape_R4_1_zabeni,41.912079,21.585670,2448,174104.0
shape_R4_1_zabeni,41.912494,21.584863,2449,174185.1
shape_R4_1_zabeni,41.912781,21.584176,2450,174250.3
shape_R4_1_zabeni,41.913069,21.583421,2451,174320.5
shape_R4_1_zabeni,41.913516,21.582090,2452,174441.4
shape_R4_1_zabeni,41.913886,21.580975,2453,174542.4
shape_R4_1_zabeni,41.914122,21.580159,2454,174614.8
shape_R4_1_zabeni,41.914346,21.579515,2455,174673.7
shape_R4_1_zabeni,41.914665,21.578872,2456,174737.6
shape_R4_1_zabeni,41.914998,21.578357,2457,174794.0
shape_R4_1_zabeni,41.915400,21.577713,2458,174863.6
shape_R4_1_zabeni,41.915828,21.576915,2459,174945.0
shape_R4_1_zabeni,41.916071,21.576383,2460,174996.6
shape_R4_1_zabeni,41.916326,21.575696,2461,175060.2
shape_R4_1_zabeni,41.916518,21.575009,2462,175120.9
shape_R4_1_zabeni,41.917223,21.572005,2463,175381.5
shape_R4_1_zabeni,41.917304,21.571664,2464,175411.1
shape_R4_1_zabeni,41.917403,21.571274,2465,175445.2
shape_R4_1_zabeni,41.917487,21.570981,2466,175471.2
shape_R4_1_zabeni,41.917631,21.570519,2467,175512.7
shape_R4_1_zabeni,41.917761,21.570140,2468,175547.2
shape_R4_1_zabeni,41.917878,21.569841,2469,175575.1
shape_R4_1_zabeni,41.918005,21.569557,2470,175602.5
shape_R4_1_zabeni,41.918107,21.569355,2471,175622.7
shape_R4_1_zabeni,41.918229,21.569107,2472,175647.3
shape_R4_1_zabeni,41.918383,21.568852,2473,175674.5
shape_R4_1_zabeni,41.918536,21.568588,2474,175702.2
shape_R4_1_zabeni,41.918725,21.568312,2475,175733.2
shape_R4_1_zabeni,41.918897,21.568055,2476,175761.8
shape_R4_1_zabeni,41.919105,21.567787,2477,175793.9
shape_R4_1_zabeni,41.919307,21.567545,2478,175824.0
shape_R4_1_zabeni,41.919541,21.567280,2479,175858.0
shape_R4_1_zabeni,41.920864,21.565883,2480,176045.1
shape_R4_1_zabeni,41.920953,21.565789,2481,176057.7
shape_R4_1_zabeni,41.922074,21.564605,2482,176216.2
shape_R4_1_zabeni,41.922370,21.564262,2483,176259.7
shape_R4_1_zabeni,41.922613,21.563978,2484,176295.5
shape_R4_1_zabeni,41.922883,21.563616,2485,176337.9
shape_R4_1_zabeni,41.923144,21.563241,2486,176380.4
shape_R4_1_zabeni,41.923372,21.562889,2487,176419.0
shape_R4_1_zabeni,41.923552,21.562580,2488,176451.4
shape_R4_1_zabeni,41.923722,21.562289,2489,176482.1
shape_R4_1_zabeni,41.925871,21.558297,2490,176889.7
shape_R4_1_zabeni,41.930153,21.550357,2491,177701.0
shape_R4_1_zabeni,41.930482,21.549775,2492,177761.4
shape_R4_1_zabeni,41.930501,21.549742,2493,177764.9
shape_R4_1_zabeni,41.930554,21.549644,2494,177774.9
shape_R4_1_zabeni,41.930779,21.549270,2495,177814.7
shape_R4_1_zabeni,41.931031,21.548878,2496,177857.6
shape_R4_1_zabeni,41.936706,21.540059,2497,178822.1
shape_R4_1_zabeni,41.937063,21.539504,2498,178882.8
shape_R4_1_zabeni,41.937101,21.539439,2499,178889.6
shape_R4_1_zabeni,41.937141,21.539377,2500,178896.4
shape_R4_1_zabeni,41.937174,21.539325,2501,178902.1
shape_R4_1_zabeni,41.937237,21.539227,2502,178912.8
shape_R4_1_zabeni,41.937576,21.538698,2503,178970.6
shape_R4_1_zabeni,41.937950,21.538118,2504,179034.0
shape_R4_1_zabeni,41.939527,21.535663,2505,179302.3
shape_R4_1_zabeni,41.939577,21.535584,2506,179310.9
shape_R4_1_zabeni,41.939892,21.535094,2507,179364.5
shape_R4_1_zabeni,41.940119,21.534741,2508,179403.1
shape_R4_1_zabeni,41.942271,21.531390,2509,179769.3
shape_R4_1_zabeni,41.942437,21.531139,2510,179797.0
shape_R4_1_zabeni,41.942777,21.530609,2511,179854.9
shape_R4_1_zabeni,41.942791,21.530586,2512,179857.4
shape_R4_1_zabeni,41.942825,21.530530,2513,179863.4
shape_R4_1_zabeni,41.942863,21.530469,2514,179869.9
shape_R4_1_zabeni,41.943519,21.529439,2515,179982.1
shape_R4_1_zabeni,41.943715,21.529134,2516,180015.4
shape_R4_1_zabeni,41.943880,21.528865,2517,180044.3
shape_R4_1_zabeni,41.944018,21.528618,2518,180069.8
shape_R4_1_zabeni,41.944157,21.528353,2519,180096.6
shape_R4_1_zabeni,41.944290,21.528106,2520,180121.9
shape_R4_1_zabeni,41.944390,21.527912,2521,180141.4
shape_R4_1_zabeni,41.944502,21.527681,2522,180164.2
shape_R4_1_zabeni,41.946583,21.523198,2523,180601.2
shape_R4_1_zabeni,41.949496,21.516962,2524,181210.2
shape_R4_1_zabeni,41.951832,21.511959,2525,181698.8
shape_R4_1_zabeni,41.956262,21.502474,2526,182625.0
shape_R4_1_zabeni,41.959281,21.496009,2527,183256.2
shape_R4_1_zabeni,41.959437,21.495673,2528,183289.0
shape_R4_1_zabeni,41.959532,21.495469,2529,183308.9
shape_R4_1_zabeni,41.963780,21.486332,2530,184199.9
shape_R4_1_zabeni,41.964646,21.484476,2531,184381.0
shape_R4_1_zabeni,41.964742,21.484275,2532,184400.8
shape_R4_1_zabeni,41.964805,21.484137,2533,184414.2
shape_R4_1_zabeni,41.965390,21.482882,2534,184536.6
shape_R4_1_zabeni,41.967257,21.478881,2535,184927.2
shape_R4_1_zabeni,41.968147,21.476947,2536,185115.2
shape_R4_1_zabeni,41.968691,21.475754,2537,185230.9
shape_R4_1_zabeni,41.968971,21.475139,2538,185290.5
shape_R4_1_zabeni,41.969781,21.473399,2539,185460.3
shape_R4_1_zabeni,41.969829,21.473301,2540,185470.0
shape_R4_1_zabeni,41.969943,21.473059,2541,185493.6
shape_R4_1_zabeni,41.970374,21.472132,2542,185584.0
shape_R4_1_zabeni,41.970625,21.471580,2543,185637.5
shape_R4_1_zabeni,41.971254,21.470236,2544,185768.8
shape_R4_1_zabeni,41.971711,21.469245,2545,185865.2
shape_R4_1_zabeni,41.973213,21.466032,2546,186179.0
shape_R4_1_zabeni,41.973392,21.465649,2547,186216.4
shape_R4_1_zabeni,41.973600,21.465184,2548,186261.2
shape_R4_1_zabeni,41.973795,21.464731,2549,186304.5
shape_R4_1_zabeni,41.973921,21.464432,2550,186332.9
shape_R4_1_zabeni,41.974085,21.464013,2551,186372.1
shape_R4_1_zabeni,41.974178,21.463769,2552,186394.7
shape_R4_1_zabeni,41.974300,21.463439,2553,186425.2
shape_R4_1_zabeni,41.974443,21.463053,2554,186460.9
shape_R4_1_zabeni,41.974593,21.462630,2555,186499.6
shape_R4_1_zabeni,41.974724,21.462273,2556,186532.5
shape_R4_1_zabeni,41.974794,21.462083,2557,186550.0
shape_R4_1_zabeni,41.975058,21.461368,2558,186616.0
shape_R4_1_zabeni,41.975338,21.460576,2559,186688.5
shape_R4_1_zabeni,41.975890,21.459075,2560,186827.0
shape_R4_1_zabeni,41.976113,21.458475,2561,186882.4
shape_R4_1_zabeni,41.976201,21.458241,2562,186904.1
shape_R4_1_zabeni,41.976347,21.457875,2563,186938.4
shape_R4_1_zabeni,41.976530,21.457424,2564,186980.9
shape_R4_1_zabeni,41.976779,21.456850,2565,187035.8
shape_R4_1_zabeni,41.976987,21.456400,2566,187079.6
shape_R4_1_zabeni,41.977250,21.455833,2567,187134.9
shape_R4_1_zabeni,41.977648,21.454968,2568,187219.0
shape_R4_1_zabeni,41.978222,21.453736,2569,187339.2
shape_R4_1_zabeni,41.978636,21.452851,2570,187425.6
shape_R4_1_zabeni,41.978835,21.452412,2571,187468.1
shape_R4_1_zabeni,41.978972,21.452129,2572,187496.0
shape_R4_1_zabeni,41.979246,21.451528,2573,187554.3
shape_R4_1_zabeni,41.979423,21.451152,2574,187591.1
shape_R4_1_zabeni,41.979703,21.450555,2575,187649.4
shape_R4_1_zabeni,41.980046,21.449824,2576,187720.9
shape_R4_1_zabeni,41.980340,21.449183,2577,187783.2
shape_R4_1_zabeni,41.981078,21.447593,2578,187938.1
shape_R4_1_zabeni,41.981528,21.446630,2579,188032.1
shape_R4_1_zabeni,41.981653,21.446357,2580,188058.6
shape_R4_1_zabeni,41.981920,21.445774,2581,188115.2
shape_R4_1_zabeni,41.982311,21.444933,2582,188197.2
shape_R4_1_zabeni,41.982563,21.444343,2583,188253.5
shape_R4_1_zabeni,41.982666,21.444133,2584,188274.3
shape_R4_1_zabeni,41.982733,21.444001,2585,188287.5
shape_R4_1_zabeni,41.982853,21.443778,2586,188310.2
shape_R4_1_zabeni,41.982944,21.443623,2587,188326.5
shape_R4_1_zabeni,41.982994,21.443542,2588,188335.3
shape_R4_1_zabeni,41.983094,21.443393,2589,188351.8
shape_R4_1_zabeni,41.983217,21.443227,2590,188371.2
shape_R4_1_zabeni,41.983401,21.442984,2591,188399.9
shape_R4_1_zabeni,41.983574,21.442780,2592,188425.5
shape_R4_1_zabeni,41.983786,21.442536,2593,188456.5
shape_R4_1_zabeni,41.984246,21.442035,2594,188522.3
shape_R4_1_zabeni,41.984371,21.441918,2595,188539.2
shape_R4_1_zabeni,41.984488,21.441823,2596,188554.4
shape_R4_1_zabeni,41.984594,21.441740,2597,188568.1
shape_R4_1_zabeni,41.984766,21.441624,2598,188589.5
shape_R4_1_zabeni,41.984930,21.441529,2599,188609.3
shape_R4_1_zabeni,41.985036,21.441481,2600,188621.8
shape_R4_1_zabeni,41.985195,21.441421,2601,188640.1
shape_R4_1_zabeni,41.985361,21.441369,2602,188659.1
shape_R4_1_zabeni,41.985512,21.441333,2603,188676.1
shape_R4_1_zabeni,41.985622,21.441316,2604,188688.4
shape_R4_1_zabeni,41.985773,21.441303,2605,188705.3
shape_R4_1_zabeni,41.985911,21.441298,2606,188720.6
shape_R4_1_zabeni,41.986025,21.441305,2607,188733.3
shape_R4_1_zabeni,41.986137,21.441315,2608,188745.8
shape_R4_1_zabeni,41.986259,21.441332,2609,188759.4
shape_R4_1_zabeni,41.986395,21.441365,2610,188774.8
shape_R4_1_zabeni,41.986537,21.441411,2611,188791.0
shape_R4_1_zabeni,41.986671,21.441456,2612,188806.4
shape_R4_1_zabeni,41.986819,21.441524,2613,188823.8
shape_R4_1_zabeni,41.986926,21.441582,2614,188836.6
shape_R4_1_zabeni,41.987063,21.441662,2615,188853.2
shape_R4_1_zabeni,41.987149,21.441719,2616,188863.9
shape_R4_1_zabeni,41.987225,21.441775,2617,188873.5
shape_R4_1_zabeni,41.987307,21.441840,2618,188884.1
shape_R4_1_zabeni,41.987356,21.441880,2619,188890.5
shape_R4_1_zabeni,41.987435,21.441952,2620,188901.1
shape_R4_1_zabeni,41.987503,21.442015,2621,188910.2
shape_R4_1_zabeni,41.987591,21.442107,2622,188922.6
shape_R4_1_zabeni,41.987690,21.442219,2623,188937.0
shape_R4_1_zabeni,41.987998,21.442564,2624,188981.6
shape_R4_1_zabeni,41.988060,21.442640,2625,188990.9
shape_R4_1_zabeni,41.988090,21.442680,2626,188995.6
shape_R4_1_zabeni,41.988119,21.442720,2627,189000.2
shape_R4_1_zabeni,41.988195,21.442826,2628,189012.4
shape_R4_1_zabeni,41.988264,21.442922,2629,189023.4
shape_R4_1_zabeni,41.988297,21.442968,2630,189028.7
shape_R4_1_zabeni,41.988332,21.443012,2631,189034.0
shape_R4_1_zabeni,41.988403,21.443097,2632,189044.6
shape_R4_1_zabeni,41.988572,21.443281,2633,189068.8
shape_R4_1_zabeni,41.988854,21.443586,2634,189109.0
shape_R4_1_zabeni,41.989118,21.443869,2635,189146.6
shape_R4_1_zabeni,41.989275,21.444032,2636,189168.6
shape_R4_1_zabeni,41.989433,21.444195,2637,189190.7
shape_R4_1_zabeni,41.989525,21.444290,2638,189203.6
shape_R4_1_zabeni,41.989623,21.444390,2639,189217.3
shape_R4_1_zabeni,41.989697,21.444469,2640,189227.8
shape_R4_1_zabeni,41.990965,21.445845,2641,189409.0
shape_R5_0,41.990965,21.445845,1,0.0
shape_R5_0,41.989697,21.444469,2,181.1
shape_R5_0,41.989623,21.444390,3,191.6
shape_R5_0,41.989525,21.444290,4,205.3
shape_R5_0,41.989433,21.444195,5,218.2
shape_R5_0,41.989275,21.444032,6,240.4
shape_R5_0,41.989118,21.443869,7,262.4
shape_R5_0,41.988854,21.443586,8,299.9
shape_R5_0,41.988572,21.443281,9,340.2
shape_R5_0,41.988403,21.443097,10,364.3
shape_R5_0,41.988332,21.443012,11,374.9
shape_R5_0,41.988297,21.442968,12,380.2
shape_R5_0,41.988264,21.442922,13,385.5
shape_R5_0,41.988195,21.442826,14,396.6
shape_R5_0,41.988119,21.442720,15,408.7
shape_R5_0,41.988090,21.442680,16,413.4
shape_R5_0,41.988060,21.442640,17,418.1
shape_R5_0,41.987998,21.442564,18,427.4
shape_R5_0,41.987690,21.442219,19,471.9
shape_R5_0,41.987591,21.442107,20,486.3
shape_R5_0,41.987503,21.442015,21,498.7
shape_R5_0,41.987435,21.441952,22,507.9
shape_R5_0,41.987356,21.441880,23,518.5
shape_R5_0,41.987307,21.441840,24,524.9
shape_R5_0,41.987225,21.441775,25,535.5
shape_R5_0,41.987149,21.441719,26,545.1
shape_R5_0,41.987063,21.441662,27,555.8
shape_R5_0,41.986926,21.441582,28,572.4
shape_R5_0,41.986819,21.441524,29,585.2
shape_R5_0,41.986671,21.441456,30,602.6
shape_R5_0,41.986537,21.441411,31,617.9
shape_R5_0,41.986395,21.441365,32,634.2
shape_R5_0,41.986259,21.441332,33,649.6
shape_R5_0,41.986137,21.441315,34,663.2
shape_R5_0,41.986025,21.441305,35,675.7
shape_R5_0,41.985911,21.441298,36,688.4
shape_R5_0,41.985773,21.441303,37,703.7
shape_R5_0,41.985622,21.441316,38,720.5
shape_R5_0,41.985512,21.441333,39,732.8
shape_R5_0,41.985361,21.441369,40,749.9
shape_R5_0,41.985195,21.441421,41,768.9
shape_R5_0,41.985036,21.441481,42,787.2
shape_R5_0,41.984930,21.441529,43,799.6
shape_R5_0,41.984766,21.441624,44,819.5
shape_R5_0,41.984594,21.441740,45,840.9
shape_R5_0,41.984488,21.441823,46,854.5
shape_R5_0,41.984371,21.441918,47,869.7
shape_R5_0,41.984246,21.442035,48,886.7
shape_R5_0,41.983786,21.442536,49,952.5
shape_R5_0,41.983574,21.442780,50,983.5
shape_R5_0,41.983401,21.442984,51,1009.1
shape_R5_0,41.983217,21.443227,52,1037.7
shape_R5_0,41.983094,21.443393,53,1057.1
shape_R5_0,41.982994,21.443542,54,1073.7
shape_R5_0,41.982944,21.443623,55,1082.4
shape_R5_0,41.982853,21.443778,56,1098.7
shape_R5_0,41.982733,21.444001,57,1121.5
shape_R5_0,41.982666,21.444133,58,1134.7
shape_R5_0,41.982563,21.444343,59,1155.5
shape_R5_0,41.982311,21.444933,60,1211.8
shape_R5_0,41.981920,21.445774,61,1293.7
shape_R5_0,41.981653,21.446357,62,1350.3
shape_R5_0,41.981528,21.446630,63,1376.8
shape_R5_0,41.981078,21.447593,64,1470.9
shape_R5_0,41.980340,21.449183,65,1625.8
shape_R5_0,41.980046,21.449824,66,1688.1
shape_R5_0,41.979703,21.450555,67,1759.5
shape_R5_0,41.979423,21.451152,68,1817.9
shape_R5_0,41.979246,21.451528,69,1854.7
shape_R5_0,41.978972,21.452129,70,1912.9
shape_R5_0,41.978835,21.452412,71,1940.9
shape_R5_0,41.978636,21.452851,72,1983.4
shape_R5_0,41.978222,21.453736,73,2069.8
shape_R5_0,41.977648,21.454968,74,2190.0
shape_R5_0,41.977250,21.455833,75,2274.1
shape_R5_0,41.976987,21.456400,76,2329.3
shape_R5_0,41.976779,21.456850,77,2373.1
shape_R5_0,41.976530,21.457424,78,2428.1
shape_R5_0,41.976347,21.457875,79,2470.5
shape_R5_0,41.976201,21.458241,80,2504.9
shape_R5_0,41.976113,21.458475,81,2526.5
shape_R5_0,41.975890,21.459075,82,2582.0
shape_R5_0,41.975338,21.460576,83,2720.4
shape_R5_0,41.975058,21.461368,84,2792.9
shape_R5_0,41.974794,21.462083,85,2858.9
shape_R5_0,41.974724,21.462273,86,2876.4
shape_R5_0,41.974593,21.462630,87,2909.4
shape_R5_0,41.974443,21.463053,88,2948.1
shape_R5_0,41.974300,21.463439,89,2983.8
shape_R5_0,41.974178,21.463769,90,3014.2
shape_R5_0,41.974085,21.464013,91,3036.9
shape_R5_0,41.973921,21.464432,92,3076.0
shape_R5_0,41.973795,21.464731,93,3104.4
shape_R5_0,41.973600,21.465184,94,3147.7
shape_R5_0,41.973392,21.465649,95,3192.6
shape_R5_0,41.973213,21.466032,96,3230.0
shape_R5_0,41.971711,21.469245,97,3543.7
shape_R5_0,41.971254,21.470236,98,3640.1
shape_R5_0,41.970625,21.471580,99,3771.4
shape_R5_0,41.970374,21.472132,100,3824.9
shape_R5_0,41.969943,21.473059,101,3915.3
shape_R5_0,41.969829,21.473301,102,3939.0
shape_R5_0,41.969781,21.473399,103,3948.7
shape_R5_0,41.968971,21.475139,104,4118.4
shape_R5_0,41.968691,21.475754,105,4178.1
shape_R5_0,41.968147,21.476947,106,4293.8
shape_R5_0,41.967257,21.478881,107,4481.8
shape_R5_0,41.965390,21.482882,108,4872.3
shape_R5_0,41.964805,21.484137,109,4994.8
shape_R5_0,41.964742,21.484275,110,5008.2
shape_R5_0,41.964646,21.484476,111,5027.9
shape_R5_0,41.963780,21.486332,112,5209.1
shape_R5_0,41.959532,21.495469,113,6100.1
shape_R5_0,41.959437,21.495673,114,6120.0
shape_R5_0,41.959281,21.496009,115,6152.8
shape_R5_0,41.956262,21.502474,116,6784.0
shape_R5_0,41.951832,21.511959,117,7710.2
shape_R5_0,41.949496,21.516962,118,8198.7
shape_R5_0,41.946583,21.523198,119,8807.7
shape_R5_0,41.944502,21.527681,120,9244.8
shape_R5_0,41.944390,21.527912,121,9267.6
shape_R5_0,41.944290,21.528106,122,9287.1
shape_R5_0,41.944157,21.528353,123,9312.3
shape_R5_0,41.944018,21.528618,124,9339.2
shape_R5_0,41.943880,21.528865,125,9364.7
shape_R5_0,41.943715,21.529134,126,9393.5
shape_R5_0,41.943519,21.529439,127,9426.9
shape_R5_0,41.942863,21.530469,128,9539.0
shape_R5_0,41.942825,21.530530,129,9545.6
shape_R5_0,41.942791,21.530586,130,9551.6
shape_R5_0,41.942777,21.530609,131,9554.0
shape_R5_0,41.942437,21.531139,132,9611.9
shape_R5_0,41.942271,21.531390,133,9639.7
shape_R5_0,41.940119,21.534741,134,10005.9
shape_R5_0,41.939892,21.535094,135,10044.5
shape_R5_0,41.939577,21.535584,136,10098.0
shape_R5_0,41.939527,21.535663,137,10106.6
shape_R5_0,41.937950,21.538118,138,10374.9
shape_R5_0,41.937576,21.538698,139,10438.4
shape_R5_0,41.937237,21.539227,140,10496.2
shape_R5_0,41.937174,21.539325,141,10506.9
shape_R5_0,41.937141,21.539377,142,10512.5
shape_R5_0,41.937101,21.539439,143,10519.3
shape_R5_0,41.937063,21.539504,144,10526.2
shape_R5_0,41.936706,21.540059,145,10586.8
shape_R5_0,41.931031,21.548878,146,11551.4
shape_R5_0,41.930779,21.549270,147,11594.3
shape_R5_0,41.930554,21.549644,148,11634.1
shape_R5_0,41.930501,21.549742,149,11644.1
shape_R5_0,41.930482,21.549775,150,11647.5
shape_R5_0,41.930153,21.550357,151,11708.0
shape_R5_0,41.925871,21.558297,152,12519.3
shape_R5_0,41.923722,21.562289,153,12926.9
shape_R5_0,41.923552,21.562580,154,12957.5
shape_R5_0,41.923372,21.562889,155,12990.0
shape_R5_0,41.923144,21.563241,156,13028.6
shape_R5_0,41.922883,21.563616,157,13071.1
shape_R5_0,41.922613,21.563978,158,13113.5
shape_R5_0,41.922370,21.564262,159,13149.3
shape_R5_0,41.922074,21.564605,160,13192.8
shape_R5_0,41.920953,21.565789,161,13351.3
shape_R5_0,41.920864,21.565883,162,13363.9
shape_R5_0,41.919541,21.567280,163,13551.0
shape_R5_0,41.919307,21.567545,164,13585.0
shape_R5_0,41.919105,21.567787,165,13615.1
shape_R5_0,41.918897,21.568055,166,13647.1
shape_R5_0,41.918725,21.568312,167,13675.7
shape_R5_0,41.918536,21.568588,168,13706.8
shape_R5_0,41.918383,21.568852,169,13734.4
shape_R5_0,41.918229,21.569107,170,13761.6
shape_R5_0,41.918107,21.569355,171,13786.2
shape_R5_0,41.918005,21.569557,172,13806.4
shape_R5_0,41.917878,21.569841,173,13833.8
shape_R5_0,41.917761,21.570140,174,13861.8
shape_R5_0,41.917631,21.570519,175,13896.3
shape_R5_0,41.917487,21.570981,176,13937.8
shape_R5_0,41.917403,21.571274,177,13963.7
shape_R5_0,41.917304,21.571664,178,13997.8
shape_R5_0,41.917223,21.572005,179,14027.5
shape_R5_0,41.916518,21.575009,180,14288.1
shape_R5_0,41.916326,21.575696,181,14348.8
shape_R5_0,41.916071,21.576383,182,14412.3
shape_R5_0,41.915828,21.576915,183,14464.0
shape_R5_0,41.915400,21.577713,184,14545.4
shape_R5_0,41.914998,21.578357,185,14614.9
shape_R5_0,41.914665,21.578872,186,14671.4
shape_R5_0,41.914346,21.579515,187,14735.3
shape_R5_0,41.914122,21.580159,188,14794.1
shape_R5_0,41.913886,21.580975,189,14866.6
shape_R5_0,41.913516,21.582090,190,14967.6
shape_R5_0,41.913069,21.583421,191,15088.4
shape_R5_0,41.912781,21.584176,192,15158.6
shape_R5_0,41.912494,21.584863,193,15223.8
shape_R5_0,41.912079,21.585670,194,15305.0
shape_R5_0,41.911600,21.586528,195,15393.8
shape_R5_0,41.911216,21.587215,196,15464.9
shape_R5_0,41.910718,21.588124,197,15558.3
shape_R5_0,41.910031,21.589388,198,15687.8
shape_R5_0,41.909931,21.589574,199,15706.8
shape_R5_0,41.909484,21.590364,200,15788.9
shape_R5_0,41.909034,21.591128,201,15869.5
shape_R5_0,41.908419,21.592073,202,15973.4
shape_R5_0,41.907873,21.592967,203,16069.1
shape_R5_0,41.907366,21.593748,204,16154.9
shape_R5_0,41.907089,21.594175,205,16201.7
shape_R5_0,41.906752,21.594703,206,16259.3
shape_R5_0,41.906423,21.595241,207,16316.9
shape_R5_0,41.906060,21.595905,208,16385.1
shape_R5_0,41.905530,21.596958,209,16490.3
shape_R5_0,41.905427,21.597198,210,16513.2
shape_R5_0,41.905162,21.597766,211,16568.7
shape_R5_0,41.904824,21.598383,212,16632.1
shape_R5_0,41.904635,21.598748,213,16668.9
shape_R5_0,41.904469,21.599057,214,16700.5
shape_R5_0,41.904330,21.599314,215,16726.7
shape_R5_0,41.904137,21.599624,216,16760.2
shape_R5_0,41.903904,21.599981,217,16799.5
shape_R5_0,41.903779,21.600178,218,16820.9
shape_R5_0,41.901435,21.603431,219,17195.6
shape_R5_0,41.901219,21.603736,220,17230.5
shape_R5_0,41.900962,21.604070,221,17270.2
shape_R5_0,41.900654,21.604417,222,17314.9
shape_R5_0,41.900392,21.604662,223,17350.4
shape_R5_0,41.900134,21.604857,224,17383.3
shape_R5_0,41.900009,21.604943,225,17399.0
shape_R5_0,41.899861,21.605030,226,17416.9
shape_R5_0,41.899639,21.605142,227,17443.3
shape_R5_0,41.899423,21.605224,228,17468.2
shape_R5_0,41.899237,21.605282,229,17489.5
shape_R5_0,41.898991,21.605346,230,17517.3
shape_R5_0,41.898762,21.605378,231,17542.9
shape_R5_0,41.898598,21.605380,232,17561.2
shape_R5_0,41.898436,21.605385,233,17579.2
shape_R5_0,41.898232,21.605378,234,17601.9
shape_R5_0,41.898003,21.605349,235,17627.5
shape_R5_0,41.897769,21.605298,236,17653.8
shape_R5_0,41.897454,21.605187,237,17690.0
shape_R5_0,41.897177,21.605060,238,17722.6
shape_R5_0,41.896849,21.604858,239,17762.7
shape_R5_0,41.896502,21.604592,240,17807.1
shape_R5_0,41.896221,21.604316,241,17845.8
shape_R5_0,41.895975,21.604016,242,17882.8
shape_R5_0,41.895757,21.603704,243,17918.2
shape_R5_0,41.895535,21.603315,244,17958.8
shape_R5_0,41.895380,21.602991,245,17990.6
shape_R5_0,41.895208,21.602576,246,18030.0
shape_R5_0,41.895047,21.602134,247,18070.7
shape_R5_0,41.893970,21.598965,248,18359.0
shape_R5_0,41.893859,21.598651,249,18387.8
shape_R5_0,41.893723,21.598184,250,18429.3
shape_R5_0,41.893637,21.597828,251,18460.3
shape_R5_0,41.893529,21.597247,252,18509.9
shape_R5_0,41.893449,21.596491,253,18573.1
shape_R5_0,41.893311,21.594475,254,18740.6
shape_R5_0,41.893284,21.594020,255,18778.4
shape_R5_0,41.893246,21.593561,256,18816.6
shape_R5_0,41.893163,21.592921,257,18870.4
shape_R5_0,41.893054,21.592331,258,18920.7
shape_R5_0,41.892901,21.591754,259,18971.4
shape_R5_0,41.892741,21.591293,260,19013.5
shape_R5_0,41.892525,21.590802,261,19060.7
shape_R5_0,41.892252,21.590319,262,19110.9
shape_R5_0,41.892048,21.589992,263,19146.3
shape_R5_0,41.891653,21.589504,264,19205.9
shape_R5_0,41.891363,21.589209,265,19246.4
shape_R5_0,41.891024,21.588908,266,19291.6
shape_R5_0,41.890732,21.588688,267,19328.8
shape_R5_0,41.890373,21.588487,268,19372.0
shape_R5_0,41.890141,21.588389,269,19399.1
shape_R5_0,41.889985,21.588324,270,19417.2
shape_R5_0,41.889582,21.588190,271,19463.4
shape_R5_0,41.887823,21.587782,272,19661.9
shape_R5_0,41.887587,21.587744,273,19688.3
shape_R5_0,41.887272,21.587704,274,19723.5
shape_R5_0,41.886992,21.587688,275,19754.7
shape_R5_0,41.886701,21.587701,276,19787.0
shape_R5_0,41.886376,21.587749,277,19823.4
shape_R5_0,41.886173,21.587798,278,19846.3
shape_R5_0,41.886110,21.587814,279,19853.5
shape_R5_0,41.885818,21.587932,280,19887.4
shape_R5_0,41.885529,21.588090,281,19922.1
shape_R5_0,41.885181,21.588324,282,19965.3
shape_R5_0,41.884858,21.588592,283,20007.6
shape_R5_0,41.884534,21.588940,284,20053.7
shape_R5_0,41.884271,21.589270,285,20093.7
shape_R5_0,41.884031,21.589678,286,20136.7
shape_R5_0,41.883935,21.589863,287,20155.4
shape_R5_0,41.883794,21.590172,288,20185.4
shape_R5_0,41.883652,21.590542,289,20219.9
shape_R5_0,41.882461,21.594497,290,20573.1
shape_R5_0,41.882061,21.595385,291,20659.0
shape_R5_0,41.881759,21.595914,292,20714.2
shape_R5_0,41.881383,21.596341,293,20768.9
shape_R5_0,41.881041,21.596727,294,20818.6
shape_R5_0,41.880735,21.596933,295,20856.7
shape_R5_0,41.880663,21.596981,296,20865.6
shape_R5_0,41.880176,21.597237,297,20923.7
shape_R5_0,41.879623,21.597403,298,20986.8
shape_R5_0,41.879069,21.597451,299,21048.5
shape_R5_0,41.878481,21.597411,300,21114.0
shape_R5_0,41.877891,21.597387,301,21179.6
shape_R5_0,41.877004,21.597344,302,21278.3
shape_R5_0,41.876427,21.597432,303,21342.9
shape_R5_0,41.875641,21.597798,304,21435.4
shape_R5_0,41.875103,21.598253,305,21506.1
shape_R5_0,41.874701,21.598758,306,21567.3
shape_R5_0,41.874355,21.599417,307,21634.0
shape_R5_0,41.874072,21.600205,308,21706.5
shape_R5_0,41.873929,21.600746,309,21754.0
shape_R5_0,41.873804,21.601226,310,21796.1
shape_R5_0,41.873566,21.602177,311,21879.2
shape_R5_0,41.873388,21.602716,312,21928.0
shape_R5_0,41.873222,21.603115,313,21965.8
shape_R5_0,41.873068,21.603439,314,21997.7
shape_R5_0,41.872675,21.604218,315,22075.6
shape_R5_0,41.872287,21.604978,316,22151.9
shape_R5_1,41.872287,21.604978,1,0.0
shape_R5_1,41.872675,21.604218,2,76.3
shape_R5_1,41.873068,21.603439,3,154.2
shape_R5_1,41.873222,21.603115,4,186.0
shape_R5_1,41.873388,21.602716,5,223.9
shape_R5_1,41.873566,21.602177,6,272.7
shape_R5_1,41.873804,21.601226,7,355.8
shape_R5_1,41.873929,21.600746,8,397.9
shape_R5_1,41.874072,21.600205,9,445.4
shape_R5_1,41.874355,21.599417,10,517.8
shape_R5_1,41.874701,21.598758,11,584.6
shape_R5_1,41.875103,21.598253,12,645.8
shape_R5_1,41.875641,21.597798,13,716.5
shape_R5_1,41.876427,21.597432,14,809.0
shape_R5_1,41.877004,21.597344,15,873.6
shape_R5_1,41.877891,21.597387,16,972.3
shape_R5_1,41.878481,21.597411,17,1037.9
shape_R5_1,41.879069,21.597451,18,1103.4
shape_R5_1,41.879623,21.597403,19,1165.1
shape_R5_1,41.880176,21.597237,20,1228.1
shape_R5_1,41.880663,21.596981,21,1286.3
shape_R5_1,41.880735,21.596933,22,1295.2
shape_R5_1,41.881041,21.596727,23,1333.3
shape_R5_1,41.881383,21.596341,24,1382.9
shape_R5_1,41.881759,21.595914,25,1437.7
shape_R5_1,41.882061,21.595385,26,1492.9
shape_R5_1,41.882461,21.594497,27,1578.8
shape_R5_1,41.883652,21.590542,28,1932.0
shape_R5_1,41.883794,21.590172,29,1966.4
shape_R5_1,41.883935,21.589863,30,1996.4
shape_R5_1,41.884031,21.589678,31,2015.1
shape_R5_1,41.884271,21.589270,32,2058.2
shape_R5_1,41.884534,21.588940,33,2098.2
shape_R5_1,41.884858,21.588592,34,2144.3
shape_R5_1,41.885181,21.588324,35,2186.5
shape_R5_1,41.885529,21.588090,36,2229.8
shape_R5_1,41.885818,21.587932,37,2264.5
shape_R5_1,41.886110,21.587814,38,2298.4
shape_R5_1,41.886173,21.587798,39,2305.5
shape_R5_1,41.886376,21.587749,40,2328.5
shape_R5_1,41.886701,21.587701,41,2364.8
shape_R5_1,41.886992,21.587688,42,2397.2
shape_R5_1,41.887272,21.587704,43,2428.4
shape_R5_1,41.887587,21.587744,44,2463.5
shape_R5_1,41.887823,21.587782,45,2490.0
shape_R5_1,41.889582,21.588190,46,2688.5
shape_R5_1,41.889985,21.588324,47,2734.6
shape_R5_1,41.890141,21.588389,48,2752.8
shape_R5_1,41.890373,21.588487,49,2779.8
shape_R5_1,41.890732,21.588688,50,2823.1
shape_R5_1,41.891024,21.588908,51,2860.3
shape_R5_1,41.891363,21.589209,52,2905.5
shape_R5_1,41.891653,21.589504,53,2945.9
shape_R5_1,41.892048,21.589992,54,3005.6
shape_R5_1,41.892252,21.590319,55,3040.9
shape_R5_1,41.892525,21.590802,56,3091.1
shape_R5_1,41.892741,21.591293,57,3138.3
shape_R5_1,41.892901,21.591754,58,3180.4
shape_R5_1,41.893054,21.592331,59,3231.1
shape_R5_1,41.893163,21.592921,60,3281.4
shape_R5_1,41.893246,21.593561,61,3335.2
shape_R5_1,41.893284,21.594020,62,3373.4
shape_R5_1,41.893311,21.594475,63,3411.2
shape_R5_1,41.893449,21.596491,64,3578.8
shape_R5_1,41.893529,21.597247,65,3642.0
shape_R5_1,41.893637,21.597828,66,3691.6
shape_R5_1,41.893723,21.598184,67,3722.6
shape_R5_1,41.893859,21.598651,68,3764.1
shape_R5_1,41.893970,21.598965,69,3792.8
shape_R5_1,41.895047,21.602134,70,4081.2
shape_R5_1,41.895208,21.602576,71,4121.9
shape_R5_1,41.895380,21.602991,72,4161.2
shape_R5_1,41.895535,21.603315,73,4193.1
shape_R5_1,41.895757,21.603704,74,4233.7
shape_R5_1,41.895975,21.604016,75,4269.1
shape_R5_1,41.896221,21.604316,76,4306.0
shape_R5_1,41.896502,21.604592,77,4344.7
shape_R5_1,41.896849,21.604858,78,4389.2
shape_R5_1,41.897177,21.605060,79,4429.3
shape_R5_1,41.897454,21.605187,80,4461.8
shape_R5_1,41.897769,21.605298,81,4498.0
shape_R5_1,41.898003,21.605349,82,4524.4
shape_R5_1,41.898232,21.605378,83,4550.0
shape_R5_1,41.898436,21.605385,84,4572.7
shape_R5_1,41.898598,21.605380,85,4590.7
shape_R5_1,41.898762,21.605378,86,4608.9
shape_R5_1,41.898991,21.605346,87,4634.5
shape_R5_1,41.899237,21.605282,88,4662.4
shape_R5_1,41.899423,21.605224,89,4683.6
shape_R5_1,41.899639,21.605142,90,4708.6
shape_R5_1,41.899861,21.605030,91,4734.9
shape_R5_1,41.900009,21.604943,92,4752.9
shape_R5_1,41.900134,21.604857,93,4768.5
shape_R5_1,41.900392,21.604662,94,4801.4
shape_R5_1,41.900654,21.604417,95,4836.9
shape_R5_1,41.900962,21.604070,96,4881.6
shape_R5_1,41.901219,21.603736,97,4921.4
shape_R5_1,41.901435,21.603431,98,4956.2
shape_R5_1,41.903779,21.600178,99,5330.9
shape_R5_1,41.903904,21.599981,100,5352.4
shape_R5_1,41.904137,21.599624,101,5391.7
shape_R5_1,41.904330,21.599314,102,5425.1
shape_R5_1,41.904469,21.599057,103,5451.4
shape_R5_1,41.904635,21.598748,104,5482.9
shape_R5_1,41.904824,21.598383,105,5519.7
shape_R5_1,41.905162,21.597766,106,5583.1
shape_R5_1,41.905427,21.597198,107,5638.6
shape_R5_1,41.905530,21.596958,108,5661.6
shape_R5_1,41.906060,21.595905,109,5766.8
shape_R5_1,41.906423,21.595241,110,5834.9
shape_R5_1,41.906752,21.594703,111,5892.6
shape_R5_1,41.907089,21.594175,112,5950.1
shape_R5_1,41.907366,21.593748,113,5997.0
shape_R5_1,41.907873,21.592967,114,6082.8
shape_R5_1,41.908419,21.592073,115,6178.5
shape_R5_1,41.909034,21.591128,116,6282.3
shape_R5_1,41.909484,21.590364,117,6363.0
shape_R5_1,41.909931,21.589574,118,6445.1
shape_R5_1,41.910031,21.589388,119,6464.1
shape_R5_1,41.910718,21.588124,120,6593.6
shape_R5_1,41.911216,21.587215,121,6687.0
shape_R5_1,41.911600,21.586528,122,6758.1
shape_R5_1,41.912079,21.585670,123,6846.9
shape_R5_1,41.912494,21.584863,124,6928.0
shape_R5_1,41.912781,21.584176,125,6993.2
shape_R5_1,41.913069,21.583421,126,7063.4
shape_R5_1,41.913516,21.582090,127,7184.3
shape_R5_1,41.913886,21.580975,128,7285.3
shape_R5_1,41.914122,21.580159,129,7357.7
shape_R5_1,41.914346,21.579515,130,7416.5
shape_R5_1,41.914665,21.578872,131,7480.5
shape_R5_1,41.914998,21.578357,132,7536.9
shape_R5_1,41.915400,21.577713,133,7606.5
shape_R5_1,41.915828,21.576915,134,7687.9
shape_R5_1,41.916071,21.576383,135,7739.5
shape_R5_1,41.916326,21.575696,136,7803.1
shape_R5_1,41.916518,21.575009,137,7863.8
shape_R5_1,41.917223,21.572005,138,8124.4
shape_R5_1,41.917304,21.571664,139,8154.0
shape_R5_1,41.917403,21.571274,140,8188.1
shape_R5_1,41.917487,21.570981,141,8214.1
shape_R5_1,41.917631,21.570519,142,8255.5
shape_R5_1,41.917761,21.570140,143,8290.1
shape_R5_1,41.917878,21.569841,144,8318.0
shape_R5_1,41.918005,21.569557,145,8345.4
shape_R5_1,41.918107,21.569355,146,8365.6
shape_R5_1,41.918229,21.569107,147,8390.2
shape_R5_1,41.918383,21.568852,148,8417.4
shape_R5_1,41.918536,21.568588,149,8445.1
shape_R5_1,41.918725,21.568312,150,8476.1
shape_R5_1,41.918897,21.568055,151,8504.7
shape_R5_1,41.919105,21.567787,152,8536.8
shape_R5_1,41.919307,21.567545,153,8566.9
shape_R5_1,41.919541,21.567280,154,8600.9
shape_R5_1,41.920864,21.565883,155,8788.0
shape_R5_1,41.920953,21.565789,156,8800.6
shape_R5_1,41.922074,21.564605,157,8959.1
shape_R5_1,41.922370,21.564262,158,9002.6
shape_R5_1,41.922613,21.563978,159,9038.4
shape_R5_1,41.922883,21.563616,160,9080.8
shape_R5_1,41.923144,21.563241,161,9123.3
shape_R5_1,41.923372,21.562889,162,9161.9
shape_R5_1,41.923552,21.562580,163,9194.3
shape_R5_1,41.923722,21.562289,164,9224.9
shape_R5_1,41.925871,21.558297,165,9632.6
shape_R5_1,41.930153,21.550357,166,10443.9
shape_R5_1,41.930482,21.549775,167,10504.3
shape_R5_1,41.930501,21.549742,168,10507.8
shape_R5_1,41.930554,21.549644,169,10517.8
shape_R5_1,41.930779,21.549270,170,10557.6
shape_R5_1,41.931031,21.548878,171,10600.5
shape_R5_1,41.936706,21.540059,172,11565.0
shape_R5_1,41.937063,21.539504,173,11625.7
shape_R5_1,41.937101,21.539439,174,11632.5
shape_R5_1,41.937141,21.539377,175,11639.3
shape_R5_1,41.937174,21.539325,176,11645.0
shape_R5_1,41.937237,21.539227,177,11655.7
shape_R5_1,41.937576,21.538698,178,11713.5
shape_R5_1,41.937950,21.538118,179,11776.9
shape_R5_1,41.939527,21.535663,180,12045.2
shape_R5_1,41.939577,21.535584,181,12053.8
shape_R5_1,41.939892,21.535094,182,12107.4
shape_R5_1,41.940119,21.534741,183,12146.0
shape_R5_1,41.942271,21.531390,184,12512.2
shape_R5_1,41.942437,21.531139,185,12539.9
shape_R5_1,41.942777,21.530609,186,12597.8
shape_R5_1,41.942791,21.530586,187,12600.3
shape_R5_1,41.942825,21.530530,188,12606.3
shape_R5_1,41.942863,21.530469,189,12612.8
shape_R5_1,41.943519,21.529439,190,12725.0
shape_R5_1,41.943715,21.529134,191,12758.3
shape_R5_1,41.943880,21.528865,192,12787.2
shape_R5_1,41.944018,21.528618,193,12812.7
shape_R5_1,41.944157,21.528353,194,12839.5
shape_R5_1,41.944290,21.528106,195,12864.7
shape_R5_1,41.944390,21.527912,196,12884.3
shape_R5_1,41.944502,21.527681,197,12907.1
shape_R5_1,41.946583,21.523198,198,13344.1
shape_R5_1,41.949496,21.516962,199,13953.1
shape_R5_1,41.951832,21.511959,200,14441.7
shape_R5_1,41.956262,21.502474,201,15367.9
shape_R5_1,41.959281,21.496009,202,15999.1
shape_R5_1,41.959437,21.495673,203,16031.9
shape_R5_1,41.959532,21.495469,204,16051.8
shape_R5_1,41.963780,21.486332,205,16942.8
shape_R5_1,41.964646,21.484476,206,17123.9
shape_R5_1,41.964742,21.484275,207,17143.7
shape_R5_1,41.964805,21.484137,208,17157.1
shape_R5_1,41.965390,21.482882,209,17279.5
shape_R5_1,41.967257,21.478881,210,17670.1
shape_R5_1,41.968147,21.476947,211,17858.1
shape_R5_1,41.968691,21.475754,212,17973.8
shape_R5_1,41.968971,21.475139,213,18033.4
shape_R5_1,41.969781,21.473399,214,18203.2
shape_R5_1,41.969829,21.473301,215,18212.9
shape_R5_1,41.969943,21.473059,216,18236.5
shape_R5_1,41.970374,21.472132,217,18326.9
shape_R5_1,41.970625,21.471580,218,18380.4
shape_R5_1,41.971254,21.470236,219,18511.7
shape_R5_1,41.971711,21.469245,220,18608.1
shape_R5_1,41.973213,21.466032,221,18921.9
shape_R5_1,41.973392,21.465649,222,18959.3
shape_R5_1,41.973600,21.465184,223,19004.1
shape_R5_1,41.973795,21.464731,224,19047.4
shape_R5_1,41.973921,21.464432,225,19075.8
shape_R5_1,41.974085,21.464013,226,19115.0
shape_R5_1,41.974178,21.463769,227,19137.6
shape_R5_1,41.974300,21.463439,228,19168.1
shape_R5_1,41.974443,21.463053,229,19203.8
shape_R5_1,41.974593,21.462630,230,19242.5
shape_R5_1,41.974724,21.462273,231,19275.4
shape_R5_1,41.974794,21.462083,232,19292.9
shape_R5_1,41.975058,21.461368,233,19358.9
shape_R5_1,41.975338,21.460576,234,19431.4
shape_R5_1,41.975890,21.459075,235,19569.9
shape_R5_1,41.976113,21.458475,236,19625.3
shape_R5_1,41.976201,21.458241,237,19647.0
shape_R5_1,41.976347,21.457875,238,19681.3
shape_R5_1,41.976530,21.457424,239,19723.8
shape_R5_1,41.976779,21.456850,240,19778.7
shape_R5_1,41.976987,21.456400,241,19822.5
shape_R5_1,41.977250,21.455833,242,19877.8
shape_R5_1,41.977648,21.454968,243,19961.9
shape_R5_1,41.978222,21.453736,244,20082.1
shape_R5_1,41.978636,21.452851,245,20168.5
shape_R5_1,41.978835,21.452412,246,20211.0
shape_R5_1,41.978972,21.452129,247,20238.9
shape_R5_1,41.979246,21.451528,248,20297.2
shape_R5_1,41.979423,21.451152,249,20334.0
shape_R5_1,41.979703,21.450555,250,20392.3
shape_R5_1,41.980046,21.449824,251,20463.8
shape_R5_1,41.980340,21.449183,252,20526.1
shape_R5_1,41.981078,21.447593,253,20681.0
shape_R5_1,41.981528,21.446630,254,20775.0
shape_R5_1,41.981653,21.446357,255,20801.5
shape_R5_1,41.981920,21.445774,256,20858.1
shape_R5_1,41.982311,21.444933,257,20940.1
shape_R5_1,41.982563,21.444343,258,20996.4
shape_R5_1,41.982666,21.444133,259,21017.2
shape_R5_1,41.982733,21.444001,260,21030.4
shape_R5_1,41.982853,21.443778,261,21053.1
shape_R5_1,41.982944,21.443623,262,21069.4
shape_R5_1,41.982994,21.443542,263,21078.1
shape_R5_1,41.983094,21.443393,264,21094.7
shape_R5_1,41.983217,21.443227,265,21114.1
shape_R5_1,41.983401,21.442984,266,21142.8
shape_R5_1,41.983574,21.442780,267,21168.4
shape_R5_1,41.983786,21.442536,268,21199.4
shape_R5_1,41.984246,21.442035,269,21265.2
shape_R5_1,41.984371,21.441918,270,21282.1
shape_R5_1,41.984488,21.441823,271,21297.3
shape_R5_1,41.984594,21.441740,272,21311.0
shape_R5_1,41.984766,21.441624,273,21332.4
shape_R5_1,41.984930,21.441529,274,21352.2
shape_R5_1,41.985036,21.441481,275,21364.6
shape_R5_1,41.985195,21.441421,276,21383.0
shape_R5_1,41.985361,21.441369,277,21402.0
shape_R5_1,41.985512,21.441333,278,21419.0
shape_R5_1,41.985622,21.441316,279,21431.3
shape_R5_1,41.985773,21.441303,280,21448.2
shape_R5_1,41.985911,21.441298,281,21463.5
shape_R5_1,41.986025,21.441305,282,21476.2
shape_R5_1,41.986137,21.441315,283,21488.7
shape_R5_1,41.986259,21.441332,284,21502.3
shape_R5_1,41.986395,21.441365,285,21517.7
shape_R5_1,41.986537,21.441411,286,21533.9
shape_R5_1,41.986671,21.441456,287,21549.3
shape_R5_1,41.986819,21.441524,288,21566.7
shape_R5_1,41.986926,21.441582,289,21579.5
shape_R5_1,41.987063,21.441662,290,21596.1
shape_R5_1,41.987149,21.441719,291,21606.8
shape_R5_1,41.987225,21.441775,292,21616.4
shape_R5_1,41.987307,21.441840,293,21627.0
shape_R5_1,41.987356,21.441880,294,21633.4
shape_R5_1,41.987435,21.441952,295,21644.0
shape_R5_1,41.987503,21.442015,296,21653.1
shape_R5_1,41.987591,21.442107,297,21665.5
shape_R5_1,41.987690,21.442219,298,21679.9
shape_R5_1,41.987998,21.442564,299,21724.5
shape_R5_1,41.988060,21.442640,300,21733.8
shape_R5_1,41.988090,21.442680,301,21738.5
shape_R5_1,41.988119,21.442720,302,21743.1
shape_R5_1,41.988195,21.442826,303,21755.3
shape_R5_1,41.988264,21.442922,304,21766.3
shape_R5_1,41.988297,21.442968,305,21771.6
shape_R5_1,41.988332,21.443012,306,21776.9
shape_R5_1,41.988403,21.443097,307,21787.5
shape_R5_1,41.988572,21.443281,308,21811.7
shape_R5_1,41.988854,21.443586,309,21851.9
shape_R5_1,41.989118,21.443869,310,21889.5
shape_R5_1,41.989275,21.444032,311,21911.5
shape_R5_1,41.989433,21.444195,312,21933.6
shape_R5_1,41.989525,21.444290,313,21946.5
shape_R5_1,41.989623,21.444390,314,21960.2
shape_R5_1,41.989697,21.444469,315,21970.7
shape_R5_1,41.990965,21.445845,316,22151.9
